Model,Year,Color,Fuel_Type,Transmission,Engine_Size_L,Mileage_KM,Price_USD,Sales_Volume,Sales_Classification,Target
1,-0.2348756470873047,3,3,1,0.25054795430561116,0.887814484961012,0.9118166483209713,1.1315299790417008,0,1
10,-0.92861094418484,3,2,0,-1.632377103762032,0.3687168446805547,0.16095087648616238,-0.5739113492707095,1,4
1,1.1525949471077659,1,3,0,1.2415611427622655,-1.541504481457059,1.470513709736913,0.6743652879957222,1,4
6,1.6150851451727894,1,3,0,-1.5332757849163667,-1.2608048098966855,-0.5409495694152562,-0.35723068789439955,1,3
2,0.6901047490427424,0,0,1,-1.1368705095337048,0.3766559647566597,-0.9668671295569927,-0.6957285870073102,1,5
1,-0.0036305480547929366,4,0,1,-1.335073147225036,1.2263316614234547,-1.2350417190366447,-1.3426201253327072,1,3
10,1.1525949471077659,5,0,1,-1.4341744660707012,1.6643467231875178,-0.7681594518100217,1.0086625927039223,0,2
4,-0.6973658451523282,0,0,0,-1.632377103762032,0.3598284819866545,1.0671363546202879,-1.5526498455682256,1,1
6,-0.2348756470873047,5,0,0,-1.5332757849163667,-0.9015078495828723,1.594254050292857,1.3569618787611573,0,5
10,0.45885965001023066,5,1,1,-0.24495863992271602,-1.1150529206734099,0.8163092608169586,-0.229812657618185,1,2
0,-1.159856043217352,5,1,1,-0.8395665529967087,0.022226030228632628,1.6524508595129823,-1.5988563840200398,1,3
10,-0.2348756470873047,1,2,1,-1.335073147225036,0.28573578092857016,-0.01906304760517031,1.1147276014228593,0,4
2,0.6901047490427424,4,0,0,0.5478519108426073,-1.2582504843069822,0.960858903281751,1.0653706171675124,0,4
1,0.6901047490427424,5,1,1,-0.9386678718423742,1.0896752423743254,1.7098014494318234,-0.1398499274506379,1,0
5,-0.0036305480547929366,0,1,0,-1.632377103762032,0.13135441336170212,-1.5753757362076088,0.7783299995123037,0,1
3,-0.6973658451523282,4,2,1,-0.24495863992271602,0.9275446032549114,0.7678439735615998,0.9442534784983634,0,4
7,-0.92861094418484,1,1,1,-0.6413639153053777,0.16973833303400113,1.5312491768608905,0.17274430616655878,1,1
4,-0.0036305480547929366,3,0,0,-0.6413639153053777,-0.23139433828954803,0.2653820311673522,1.640852050612833,0,4
1,-0.0036305480547929366,4,1,1,-0.1458573210770505,-0.7328878427490768,1.3959310176828332,-0.0656394263007547,1,4
7,-1.159856043217352,1,1,1,0.5478519108426073,0.7237681016493204,0.293961164842536,0.7128707367055672,0,0
6,-0.4661207461198165,3,0,0,0.4487505919969422,0.40735964870316144,0.5022080419857999,1.2487965728398653,0,4
5,-0.6973658451523282,5,3,1,1.5388650992992616,-1.4970281500741838,-0.4651744774366397,-1.384276019846085,1,0
4,-1.3911011422498636,2,1,0,0.05234531661428013,-0.384274176624631,-0.9819067544116319,1.5106336240668117,0,2
2,-0.0036305480547929366,0,3,0,-0.04675600223138495,-0.7252076070232796,1.02917187960359,0.8588413922692526,0,4
7,0.9213498480752542,3,0,1,-1.0377691906880393,1.4613813925462245,-1.0580664915271958,0.4219795741793741,1,5
6,1.3838400461402778,5,1,0,0.8451558673796035,1.6239089876694437,0.39754610022244175,-0.1479010667263328,1,3
3,-0.4661207461198165,3,2,1,-1.2359718283793704,-1.0147093464941175,1.6104091460446432,1.3405095506760416,0,1
5,-1.3911011422498636,0,2,0,-0.04675600223138495,0.0765399669232032,1.2474195303074838,0.4947898771943538,1,4
4,0.9213498480752542,3,2,0,-0.24495863992271602,0.08378872873182082,-1.6523816926244568,1.5407378839672359,0,1
3,-0.6973658451523282,5,1,0,0.5478519108426073,-0.17302454677348902,-0.4225557962628797,-1.2698098223177274,1,1
10,-1.6223462412823755,0,2,0,1.4397637804535965,-1.4547091882772067,1.0454808334101553,-0.02153318505129582,1,5
10,0.9213498480752542,4,0,1,1.5388650992992616,-1.6761761204871621,-0.4022465330320627,-1.6170589597737848,1,5
4,0.45885965001023066,3,0,1,-1.1368705095337048,-0.0520047424829492,-0.8368955377825028,-0.34182850841046153,1,1
10,-0.4661207461198165,5,2,0,-0.8395665529967087,1.623857210799382,1.6829532188729024,-0.5893135287546475,1,1
5,1.1525949471077659,2,2,1,1.0433585050709344,0.7370574982984527,1.5923308246081205,-0.049537147749364956,1,3
4,0.9213498480752542,2,3,0,0.05234531661428013,-0.20650692274662755,1.2772295284208988,-0.17730522755930536,1,5
6,0.22761455097771885,5,3,1,-0.1458573210770505,-1.1552662897545505,-0.8584356654515511,1.0426173974753312,0,3
10,-1.6223462412823755,2,3,0,0.7460545485339384,-0.030948815324583746,-1.426479603695312,-0.9764683130554532,1,3
3,0.6901047490427424,0,3,1,0.3496492731512767,-0.3044342429897141,0.4505502000937786,-0.39853653287405155,1,0
7,0.6901047490427424,5,2,0,1.6379664181449276,0.5521450363519548,-1.524487184589482,0.7149710339079224,0,3
9,1.6150851451727894,3,3,0,0.25054795430561116,0.6152955588703639,-0.20988550004472192,-1.7133225815483972,1,3
4,0.45885965001023066,5,0,1,-0.1458573210770505,1.594430689647732,-1.456174208267643,0.30751337665101647,1,5
7,0.9213498480752542,3,0,1,0.15144663545994566,-0.010531469563644126,-0.5676054774057036,-0.7541868591395295,1,0
7,0.9213498480752542,0,3,0,1.0433585050709344,-0.9669883312540515,0.8162707963032639,0.8959466428441941,0,3
7,1.6150851451727894,0,2,1,0.3496492731512767,0.19595468824183485,0.29388423581514656,-1.0195244057037345,1,5
10,1.3838400461402778,1,0,0,0.5478519108426073,-0.37510967062373585,1.664836432922685,0.7352739068640225,0,2
9,1.3838400461402778,4,3,0,1.6379664181449276,-0.10103743843124122,0.15402726402111114,1.125579136968361,0,4
1,1.6150851451727894,1,1,1,0.4487505919969422,0.9920758423082954,0.45466590305911464,-1.5470490530286118,1,1
8,1.3838400461402778,5,2,0,-0.44316127761404706,-0.2751112755781871,1.4427038663356238,1.0030618001643086,0,0
9,-1.159856043217352,5,2,1,0.6469532296882728,1.6154003220226616,0.710570312670148,1.17983681469587,0,1
6,0.9213498480752542,4,2,0,0.5478519108426073,-0.7343375951108003,1.7177251392529378,0.6001547868458389,1,1
3,-0.2348756470873047,0,2,1,-1.7314784226076976,0.23342388320971305,-0.9907151280477249,-0.6701749710453221,1,0
10,-0.92861094418484,5,3,1,-0.1458573210770505,-0.9989519190387177,-1.1833838771446235,0.2868604541611905,1,3
9,0.22761455097771885,3,3,1,0.8451558673796035,-1.7065518842566074,-1.1119168106998165,-1.5610510343776465,1,5
10,-1.159856043217352,3,0,0,-0.04675600223138495,0.18187137958509203,0.9890149273062928,-0.6218681353911528,1,3
4,-0.6973658451523282,3,1,0,0.9442571862252694,0.43271305607663596,0.8348491564178181,-0.45979520127607776,1,5
7,-1.159856043217352,0,3,1,-0.1458573210770505,0.11575231651648707,-0.6730367094429563,-0.32992682426378217,1,3
8,-0.2348756470873047,4,2,0,1.6379664181449276,1.3786246952311734,-1.1066856368373335,1.6433023973489143,0,5
3,-0.6973658451523282,3,1,1,-0.7404652341510432,-0.44585413408450636,-0.3681285093848379,1.5130839708028927,0,2
0,0.22761455097771885,0,1,1,-1.4341744660707012,0.2891530543526328,-0.7797757349458299,-0.6211680363237011,1,0
3,-0.2348756470873047,2,1,0,-0.24495863992271602,0.04086570345079221,0.7262253697439028,1.5410879335009617,0,5
8,-1.3911011422498636,1,0,0,0.15144663545994566,-1.2530210204307652,1.6232947581323776,0.12513756957984126,1,3
10,-0.92861094418484,0,0,1,-0.5422625964597122,0.8707798947107606,-1.570952317132715,-1.6251100990494796,1,5
8,0.22761455097771885,3,1,1,-0.9386678718423742,-1.5581421157035051,0.5744828632181961,-0.04638670194583218,1,1
0,0.9213498480752542,0,2,0,0.6469532296882728,-0.21876078199452875,-0.38255270202036135,-1.5428484586239015,1,4
0,1.3838400461402778,0,1,1,-0.44316127761404706,0.4830401737764668,0.4372414783554023,-0.2805698400084353,1,2
3,-1.3911011422498636,3,0,0,0.4487505919969422,-1.0250474615497411,-1.1813452579188028,-1.0069226224896035,1,1
6,0.45885965001023066,4,1,0,0.9442571862252694,-0.20024192146917946,1.396931095038896,-1.0975854517246022,1,1
2,0.22761455097771885,1,3,1,0.9442571862252694,-0.0940303020162442,-0.9390957506693983,0.6631637029164945,1,3
0,0.45885965001023066,4,2,1,-0.44316127761404706,1.6001434043111902,-1.1571895433185129,-1.177746794947825,1,5
8,-0.6973658451523282,2,0,1,0.25054795430561116,1.3482661904184152,1.0188633899334028,1.2326942942884755,0,2
1,-1.3911011422498636,3,2,0,-0.1458573210770505,0.6714562039304632,-1.6624209306987812,-1.069931538560259,1,3
2,-0.92861094418484,3,2,1,1.2415611427622655,0.7684515405124419,1.6666058005526425,-1.2264036801357203,1,1
9,0.9213498480752542,3,1,1,1.3406624616079306,0.1325107634597435,-1.218540442661606,-1.4430843415120302,1,5
5,1.6150851451727894,3,3,0,-0.5422625964597122,-1.314549201020579,0.35815843819903903,-0.2725187007327404,1,2
9,0.9213498480752542,4,1,0,-1.4341744660707012,0.2166826952231438,-0.34154953042178,-0.4618954984784329,1,4
5,-0.2348756470873047,0,3,1,-1.1368705095337048,-1.0757887942100643,1.0277102280831905,-0.557108971651868,1,2
6,0.9213498480752542,2,1,1,-0.44316127761404706,-0.42849162365719845,-0.26004322590264883,0.24205411384427988,1,4
6,1.1525949471077659,2,3,1,0.25054795430561116,-0.8299867330711784,0.11960152426432849,1.5235854568146685,0,3
3,-0.0036305480547929366,2,2,0,0.5478519108426073,-1.3119603575175012,0.4834758238164668,1.6555541310293194,0,4
4,1.6150851451727894,0,0,1,-0.5422625964597122,0.7521073085296779,0.590561029942593,1.006912345035293,0,4
2,-1.159856043217352,4,3,1,0.5478519108426073,-0.12485479865955625,1.0584049100115842,0.5746011708838509,1,5
2,1.3838400461402778,2,0,0,1.5388650992992616,-0.6239838260529407,1.618832874543789,-0.08559224972312897,1,4
8,-1.6223462412823755,3,2,1,0.5478519108426073,0.4861813038935344,-0.26650526420336335,-1.4070292395382662,1,2
10,-0.92861094418484,2,3,1,-1.1368705095337048,0.3310923191024918,0.1421032647757451,1.5673416485304017,0,3
4,-1.3911011422498636,2,2,0,0.25054795430561116,-0.10238363705284163,-0.12010932508122395,-1.0153238112990242,1,4
4,-0.0036305480547929366,5,3,1,0.15144663545994566,1.5585148007817005,0.7404957043246474,-0.6747256149837584,1,5
8,-0.92861094418484,5,2,1,1.2415611427622655,-0.09306380044176184,-0.9274410030198953,0.9638562523870118,0,5
10,-1.3911011422498636,2,0,0,-0.5422625964597122,0.7661388403163591,-1.4288644035443854,-1.0440278730645451,1,3
6,1.3838400461402778,3,2,1,-0.24495863992271602,-1.5081774360941052,1.0169401642486662,1.0370166049357175,0,2
10,-0.4661207461198165,0,1,1,0.3496492731512767,-0.9342480904184619,0.843542136512827,0.11953677704022744,1,3
7,-0.4661207461198165,0,2,0,0.05234531661428013,0.36181326200568076,0.06786675334491771,-0.24521483710212302,1,3
6,0.45885965001023066,4,2,0,0.7460545485339384,1.5446213406485167,1.7267642999711992,-1.2586082372384997,1,4
9,-0.92861094418484,0,0,1,-1.632377103762032,1.5913068184873516,-0.10191561010361704,-1.6146086130377035,1,0
9,-0.4661207461198165,4,1,1,0.25054795430561116,-0.554809927650704,-0.43613376959711914,0.7527763835503157,0,1
8,1.1525949471077659,5,1,1,-1.335073147225036,1.4103984344922806,-1.503331702057381,-0.5875632810860182,1,1
7,1.6150851451727894,1,2,0,-0.6413639153053777,0.35018072519851823,0.8025774294279403,1.2298938980186687,0,1
10,-1.3911011422498636,3,2,0,0.5478519108426073,1.4576534579017926,-1.1611898527427646,-1.2729602681212602,1,2
7,0.45885965001023066,1,1,1,-1.1368705095337048,1.0505491875644775,0.8028851455374981,-0.8024936947936988,1,0
5,0.9213498480752542,4,0,1,-0.6413639153053777,-0.2707275005796422,1.725610364560357,-0.1633032462102708,1,1
0,-1.3911011422498636,3,2,0,0.7460545485339384,-1.34666811941543,-0.7470808983053101,0.5707506260128663,1,3
4,0.45885965001023066,0,0,1,0.5478519108426073,0.47258124602403284,-0.10949311930147869,0.34601882536086154,1,2
9,1.3838400461402778,2,2,1,-1.4341744660707012,-0.4542074691211038,0.5597509544731148,0.4317809611236983,1,0
4,-0.92861094418484,3,0,0,0.25054795430561116,-1.4233324050199048,-1.1079165012755647,1.2834514766787257,0,1
5,1.3838400461402778,4,0,1,-1.2359718283793704,1.2499246552148362,0.41412430562487007,1.251947018643398,0,3
2,1.6150851451727894,2,1,1,-0.8395665529967087,-0.33910748697426835,0.6607587674354738,0.13598910512534304,1,4
2,1.6150851451727894,1,0,0,-0.1458573210770505,0.5588242525898953,-1.2701598200399327,1.1917384988425495,0,0
10,-0.0036305480547929366,2,3,0,-1.335073147225036,0.8048334212090275,-0.9267101772596955,0.3054130794486613,1,1
2,1.3838400461402778,3,1,1,1.7370677369905927,-0.857859948120982,0.33761838788605364,-0.9894201458033103,1,2
2,-0.2348756470873047,2,3,0,-1.1368705095337048,-0.8765168802998287,0.7292256018120917,1.2585979597841894,0,0
6,0.9213498480752542,1,1,0,0.9442571862252694,1.1998046449952515,-1.7261566298909474,1.1290796323056196,0,0
10,0.22761455097771885,0,3,0,1.1424598239166004,1.6078408989936748,1.0479425622866179,1.182287161431951,0,2
9,1.3838400461402778,4,1,1,1.7370677369905927,1.5591016053090647,-1.4983313152770663,-1.7073717394750576,1,4
2,-0.0036305480547929366,2,3,0,-0.24495863992271602,0.21481872790092782,0.707608545115654,0.8381884697794266,0,3
3,-0.6973658451523282,1,0,1,1.3406624616079306,-0.9940503753395572,-1.3110475980974297,1.1451819108570094,0,3
10,1.1525949471077659,2,0,0,1.6379664181449276,0.04828705482628168,-0.3393570531411804,-0.35443029162459266,1,5
1,-1.3911011422498636,5,3,0,-1.1368705095337048,0.8052303772128326,0.5842528496966574,-0.4846487181706141,1,2
0,1.6150851451727894,2,2,0,-0.04675600223138495,0.7567154499651562,-0.9799835287268954,-1.3608227010864522,1,5
8,-0.6973658451523282,1,0,0,-1.5332757849163667,0.09121008010731027,0.9857839081559355,1.4115696060223921,0,2
7,-0.0036305480547929366,2,3,1,0.4487505919969422,-1.1827252898438614,0.30865460907392256,0.6218578579368426,1,5
4,0.45885965001023066,1,3,1,0.25054795430561116,0.9374857623067299,-1.1403036218065268,1.3352588076701537,0,1
8,0.22761455097771885,3,0,0,-1.0377691906880393,1.0796305295823838,-1.4814453937650802,-0.7538368096058037,1,4
0,0.9213498480752542,2,0,1,1.0433585050709344,1.2064148254064433,-1.340126770450645,-0.1818558714977416,1,0
1,0.9213498480752542,1,1,1,-1.632377103762032,0.6860745402445089,0.29361498421928345,-1.6790177272432627,1,1
6,0.9213498480752542,2,1,0,1.0433585050709344,-0.6430204552789055,1.2429191822052004,-0.9159097437208787,1,3
2,1.1525949471077659,4,3,0,-1.632377103762032,0.40240632813393945,-0.8822067349148938,-0.29947251482963194,1,4
7,0.22761455097771885,0,3,1,0.5478519108426073,1.0238323226127153,1.617409687537084,-0.6274689279307667,1,3
3,1.1525949471077659,1,0,1,-1.4341744660707012,1.5426193016728034,-1.3933231928904555,0.7944322780636935,0,1
8,1.6150851451727894,5,3,1,-0.8395665529967087,0.3399461638830176,1.3346570473671295,1.1472822080593645,0,4
6,1.1525949471077659,0,0,1,0.7460545485339384,1.045388759515009,-0.8092010879222977,-1.0170740589676535,1,1
10,-1.6223462412823755,5,1,0,-0.7404652341510432,-0.4288885796610037,1.0095934421329729,1.1651347342793836,0,4
1,0.22761455097771885,2,3,0,0.05234531661428013,-0.9481415505516456,0.47351351476953196,-1.3191668065730744,1,3
7,-0.2348756470873047,4,3,0,1.4397637804535965,1.4119689995508145,-0.4207864286329222,-0.41568896002661887,1,2
8,0.22761455097771885,4,2,1,-1.5332757849163667,-1.5531542772209088,1.6435655568494998,0.19934807072972446,1,2
7,-0.0036305480547929366,3,3,0,1.0433585050709344,1.194040153461732,-1.337011144841372,1.164434635211932,0,5
8,-1.6223462412823755,4,3,1,-1.5332757849163667,1.317597024385288,-1.5862227290695226,0.303662831780032,1,0
2,0.9213498480752542,1,3,0,-1.335073147225036,-0.5408646906474587,1.3861225666906771,0.29421149436943367,1,5
8,-0.0036305480547929366,3,2,1,-1.335073147225036,0.1886023726930941,-1.3619361497155564,-0.6722752682476774,1,5
4,-0.0036305480547929366,1,0,1,1.7370677369905927,-0.8356131529512008,1.087830262988052,-1.1675953584697751,1,1
9,1.6150851451727894,5,2,0,-1.1368705095337048,1.67297620153111,1.2148785517217426,-1.5221955361340755,1,5
9,0.6901047490427424,2,2,0,1.3406624616079306,-0.9070134567660842,-1.4758295747656496,-1.2628088316432102,1,5
4,-1.159856043217352,0,1,1,1.7370677369905927,-0.2314115972462352,-0.7243868352254198,-0.6414709092798012,1,2
4,-1.6223462412823755,5,0,1,-0.44316127761404706,0.3639188547215173,1.2738446512157626,0.7251224703859724,0,5
9,-0.0036305480547929366,4,2,1,0.4487505919969422,-0.5224148659488581,1.0544046005873324,-0.8308477070254938,1,4
7,-1.159856043217352,5,3,0,0.9442571862252694,1.2503216112186415,0.42112484711731074,-0.582662587613856,1,4
9,-1.159856043217352,1,3,0,-0.3440599587683815,-0.1152588187414815,0.9586664260011515,1.1021258182087281,0,0
0,-1.6223462412823755,0,3,1,-1.1368705095337048,0.1253828143479362,0.44716532288864247,1.2540473158457532,0,1
0,0.6901047490427424,4,2,0,-0.24495863992271602,0.9965113941769018,0.13364107176290466,1.051018586284752,0,4
8,-0.6973658451523282,0,1,0,0.9442571862252694,-1.6729659545433457,0.3755443983890567,-1.714722779683301,1,3
1,0.45885965001023066,3,2,1,0.9442571862252694,0.557771456231977,0.5165553055939339,0.4499835368774432,1,5
9,-0.2348756470873047,0,3,1,-0.9386678718423742,-0.1527280137093597,-1.609724546937002,1.2484465233061395,0,4
4,0.45885965001023066,3,2,0,-1.1368705095337048,-1.7268484173207366,-0.3242020347454571,-1.1843977360886166,1,2
2,0.22761455097771885,0,1,0,1.4397637804535965,-1.066693324035918,0.4065467964270084,0.08558197226881861,1,3
3,0.9213498480752542,2,0,1,-1.5332757849163667,-0.7953134890866242,1.583330128403554,0.6971185076879033,0,4
5,-0.2348756470873047,2,3,1,0.8451558673796035,1.253738884642704,1.7294183514161354,1.5935953635598414,0,0
0,0.22761455097771885,5,2,0,-1.5332757849163667,-1.3877616952876168,-0.9379033507448616,1.0814728957189021,0,1
2,-0.0036305480547929366,5,3,1,1.1424598239166004,1.473566215967377,1.2092627327223122,1.259648108385367,0,2
5,0.9213498480752542,3,2,0,1.4397637804535965,1.5592569359192494,-1.2737370198135425,-0.863752363195725,1,0
1,-1.3911011422498636,0,0,0,-0.7404652341510432,0.28566674510182144,1.0904458499192937,1.4934811969142443,0,2
1,-1.6223462412823755,3,3,1,-1.4341744660707012,1.6187830775333498,-1.5737602266324302,-1.3034145775554105,1,2
1,-0.2348756470873047,4,3,1,-0.04675600223138495,1.1643374890030869,1.7069550754184135,1.1283795332381679,0,2
6,-0.2348756470873047,1,0,1,-0.7404652341510432,0.7457905303821682,-1.5495660475184456,0.8700429773484802,0,5
4,1.3838400461402778,3,1,1,-0.24495863992271602,0.521251503881894,0.7634974835140955,1.602346601902988,0,1
0,-0.0036305480547929366,2,3,1,0.5478519108426073,-0.18885101005563748,0.44808847121731593,1.5424881316358652,0,2
6,-0.6973658451523282,0,3,1,-1.0377691906880393,-0.3475988936643633,-0.5437190144012767,1.0265151189239414,0,3
1,-1.159856043217352,3,0,0,-0.5422625964597122,0.41340028354367614,-1.3667826784410924,0.5308449791681178,1,1
2,0.9213498480752542,0,0,0,0.9442571862252694,-0.29540780864231647,-0.5501810527019912,0.41357838536995334,1,2
10,-0.0036305480547929366,2,3,1,0.5478519108426073,0.18280336324620003,-0.12864844712145382,-1.1798470921501802,1,3
9,-0.4661207461198165,3,0,1,-0.6413639153053777,-0.5744851382740946,-0.6208403643592088,0.35161961790047536,1,3
0,0.6901047490427424,0,1,0,0.5478519108426073,-0.7741712671448229,0.1822986815867371,-1.374124583368035,1,5
2,-1.159856043217352,4,2,0,0.9442571862252694,1.3513037667953598,-1.241272970255191,1.6762070535191453,0,4
9,-1.6223462412823755,1,3,1,0.3496492731512767,-0.15957981951417208,-1.1231869132123722,0.8889456521696769,0,0
6,-1.159856043217352,5,0,0,-0.9386678718423742,0.3692691312945446,1.5937155471011308,1.1430816136546542,0,4
4,-0.6973658451523282,3,3,1,-1.7314784226076976,-0.1986023205838969,-0.5995310237723288,-0.41673910862779645,1,0
0,1.6150851451727894,2,1,1,1.0433585050709344,-0.5290595642734243,1.4788605092086693,-0.03903566173758903,1,0
7,1.3838400461402778,0,0,1,1.1424598239166004,1.4296594301551788,0.45431972243586205,0.18569613891441578,1,5
5,-1.159856043217352,4,1,1,0.6469532296882728,-0.6315259901252405,-0.020793950721433124,0.6033052326493717,1,2
9,-1.6223462412823755,1,0,1,-1.4341744660707012,0.348195945179492,1.0040160876472373,-1.4350332022363352,1,0
5,-0.6973658451523282,1,2,0,0.25054795430561116,0.8277533156896089,1.330195163778541,1.102475867742454,0,5
0,0.45885965001023066,4,1,1,1.1424598239166004,-1.1607718969377623,1.2924999403577062,0.16819366222812257,1,0
4,-0.2348756470873047,4,0,0,-0.3440599587683815,1.0960265384352095,0.5056698482183256,-1.722073819891544,1,1
0,1.6150851451727894,1,2,0,-1.0377691906880393,-0.5282829112225009,0.17752908188859068,0.48288819304767444,1,5
6,1.3838400461402778,5,3,0,0.3496492731512767,0.9636330816878148,-0.900361985378806,0.5619993876697198,1,5
7,-0.2348756470873047,4,2,0,1.1424598239166004,0.3106922322982394,0.959012606624404,1.0709714097071263,0,4
8,0.6901047490427424,4,0,0,-1.5332757849163667,-0.6235178342223867,-1.6506892540218887,1.7161127003638939,0,2
9,0.22761455097771885,1,2,1,0.3496492731512767,1.6903214530017308,0.6351414013147841,1.6678058647097247,0,1
5,1.6150851451727894,2,2,0,0.5478519108426073,1.690994552312531,1.068674935168077,-0.41568896002661887,1,1
1,1.6150851451727894,2,3,1,0.3496492731512767,0.3534944448824577,-0.9906766635340302,1.7094617592231025,0,3
1,0.45885965001023066,0,3,0,0.5478519108426073,1.353374841597822,-1.479483703566649,0.8175355472896005,0,3
10,0.45885965001023066,4,0,1,0.4487505919969422,0.41531602773595366,0.8089625387012654,1.2144917185347306,0,3
6,0.9213498480752542,1,2,1,-1.2359718283793704,0.44788367900467135,-1.6507277185355833,-0.286520682081775,1,2
2,1.1525949471077659,1,0,0,-0.9386678718423742,0.4598786539022648,-0.667113174333968,-1.6790177272432627,1,3
0,-1.159856043217352,1,3,1,0.4487505919969422,-0.3732974801715815,0.8229251571724521,0.6673642973212048,1,5
5,1.6150851451727894,2,1,1,-1.632377103762032,1.5573239327702848,1.4466272467324863,-0.7510364133359967,1,3
5,-0.2348756470873047,3,3,0,0.4487505919969422,-0.5198432814024676,-1.0010236177179124,-0.5721611016020801,1,0
7,-1.6223462412823755,5,3,0,0.5478519108426073,-1.1173828798261798,-1.3555510404422315,0.543446762382249,1,1
0,-0.92861094418484,0,1,0,-0.9386678718423742,1.2563277281457819,1.006016242359363,-1.2572080391035962,1,5
0,1.1525949471077659,3,1,0,0.3496492731512767,-0.540709360037274,1.2667671806959324,-0.3285266261288787,1,5
9,-0.92861094418484,0,3,0,0.15144663545994566,0.2560676343832995,-0.9119013394872247,1.4213709929667162,0,1
0,1.3838400461402778,2,0,1,-0.8395665529967087,-0.7130745604721886,0.3692746826568158,-0.5462574361063662,1,1
5,-0.6973658451523282,1,2,1,-0.1458573210770505,-0.9020773951535493,0.09421494522580721,1.4136699032247473,0,2
0,-0.2348756470873047,5,1,0,1.4397637804535965,0.8447533880264859,-0.14257260107894582,-0.6460215532182375,1,2
7,-0.2348756470873047,5,1,1,-0.24495863992271602,0.7979470974908407,-0.11580129954741428,1.4924310483130667,0,0
7,1.1525949471077659,5,1,0,0.4487505919969422,0.3955717812858142,-0.09995391990518585,0.24275421291173163,1,0
9,1.6150851451727894,1,0,1,-1.632377103762032,-1.424022763287392,0.7293794598668707,0.6484616225000082,1,3
1,0.6901047490427424,1,1,1,-1.4341744660707012,-1.4094562038434082,-0.8143937972710862,0.6404104832243133,1,5
6,1.1525949471077659,0,3,1,-1.4341744660707012,-1.5484253230886202,1.1881457147039058,0.025023402934244113,1,0
4,-0.92861094418484,2,3,1,0.9442571862252694,-1.1949964080484499,-0.4737135994768696,-1.2852120018016655,1,4
6,1.1525949471077659,0,3,1,-0.5422625964597122,1.68051836560341,-0.9660593747694035,-1.6020068298235726,1,2
0,-0.2348756470873047,0,3,0,-0.9386678718423742,1.5468132281477893,-0.13245643397723203,0.5504477530567662,1,0
7,0.6901047490427424,1,0,1,0.8451558673796035,0.4674553358879389,0.43439510434199236,1.362562671300771,0,2
5,-1.159856043217352,5,1,0,-1.1368705095337048,1.3766916920822085,-1.2494274471584736,0.16609336502576738,1,3
0,-0.4661207461198165,3,2,1,-0.8395665529967087,1.5659879290272516,0.5431727490706866,0.7961825257323228,0,2
5,0.9213498480752542,2,0,0,-0.24495863992271602,-1.0819847596607637,0.18818375218203068,-1.4038787937347335,1,5
3,-1.3911011422498636,5,3,0,-0.5422625964597122,-0.42869873113744467,-1.3670134655232606,0.8273369342339247,0,5
4,0.45885965001023066,3,3,0,0.25054795430561116,-0.9359739860871803,-1.4140940302856093,0.3789234815310928,1,2
6,1.1525949471077659,2,1,1,-0.5422625964597122,-1.3582833972659052,-0.02306335702942215,1.564191202726869,0,4
6,1.3838400461402778,1,3,0,-0.3440599587683815,-0.21993439104925733,1.1136784161909101,0.02572350200169584,1,1
3,0.22761455097771885,4,1,1,1.2415611427622655,-0.5917095770479052,-0.041603252630281626,-1.1931489744317632,1,1
6,-0.6973658451523282,5,2,1,1.3406624616079306,1.6351100505594267,1.216955635461258,-0.12899839190513612,1,5
3,-0.4661207461198165,1,0,1,1.1424598239166004,0.9074724366277155,-1.242273047611254,0.5322451773030213,1,0
6,0.9213498480752542,2,2,1,1.2415611427622655,0.39089460402358717,-0.843819150247554,-1.257908138171048,1,1
8,0.9213498480752542,1,3,0,0.25054795430561116,-1.2538321913950627,-0.5422958273945717,-0.9239608829965736,1,5
0,0.9213498480752542,5,2,1,0.5478519108426073,0.9905397951631358,0.46739765709207,-0.0008802625614698352,1,1
1,0.9213498480752542,0,0,0,0.25054795430561116,0.5786720527801578,-1.3913999672057191,1.407018962083956,0,1
0,-0.92861094418484,4,2,0,0.9442571862252694,-1.5469065349001478,-1.6135325337927802,0.26235698680038,1,1
5,1.3838400461402778,5,2,0,0.15144663545994566,-0.27098638492995,0.5705594828213337,-0.5679605071973698,1,1
7,1.3838400461402778,4,1,0,-1.335073147225036,-1.1334337095452616,0.46358967023629183,-0.5935141231593579,1,1
10,0.6901047490427424,1,1,1,1.0433585050709344,1.5705270346359812,-0.19146099798494662,0.7909317827264349,0,4
6,0.45885965001023066,2,1,1,0.9442571862252694,-1.421675545177935,1.3900459470875395,-1.4910411276324735,1,3
5,-0.2348756470873047,1,0,0,1.1424598239166004,0.9827560056972156,-0.7202711322600838,-0.6971287851422137,1,3
5,0.9213498480752542,2,3,0,-1.0377691906880393,1.4516473409746522,0.07209784985133792,0.5490475549218627,1,4
2,0.22761455097771885,3,2,1,-0.7404652341510432,-1.1823973696668049,-0.6263023253038603,-0.5116025322675056,1,1
10,-0.2348756470873047,1,2,1,-0.7404652341510432,0.7732840483848537,0.2851143266927483,-1.3517214132095796,1,4
5,1.3838400461402778,4,3,1,0.05234531661428013,-0.5772293123873571,0.21810914383653,0.6967684581541774,0,1
10,-1.6223462412823755,3,2,0,-1.2359718283793704,-0.8699239588453241,0.6781831921391861,1.5053828810609238,0,5
2,-1.6223462412823755,5,3,0,-0.44316127761404706,-1.2364179040976933,-0.3756675540690048,-1.049628665604159,1,1
10,0.22761455097771885,3,3,1,-1.1368705095337048,-0.6778662888303316,1.6082551332777384,0.36877204505304273,1,1
8,0.6901047490427424,1,0,0,-0.8395665529967087,0.6063036424363407,1.531864609080006,1.65380388336069,0,5
7,1.3838400461402778,1,2,1,0.7460545485339384,-0.28215292990655855,-1.199500508382715,1.5907949672900346,0,4
2,0.22761455097771885,4,1,1,1.2415611427622655,1.6910118112692183,0.8394648980611856,1.0342162086659106,0,0
8,-0.92861094418484,3,3,0,-1.632377103762032,-0.43826019314214504,1.2408036339519903,-0.6519723952915771,1,1
4,1.1525949471077659,0,3,0,0.25054795430561116,-0.7596392256142133,-0.6283024800159863,-1.6867188169852316,1,4
6,0.22761455097771885,4,2,0,-1.632377103762032,-0.6857536320363751,-0.4916380628586134,0.7989829220021298,0,0
5,-1.159856043217352,0,1,1,-1.4341744660707012,-0.34549330094852676,0.9979771589971648,-0.5203537706106522,1,4
4,-0.2348756470873047,4,1,0,0.7460545485339384,-0.5701531401456112,0.11867837593565499,-1.6405122785334176,1,4
4,-0.4661207461198165,5,3,1,0.8451558673796035,-0.7899977304269713,0.7617665803978326,-0.41568896002661887,1,4
0,-0.0036305480547929366,1,3,1,1.0433585050709344,-0.24689288139463997,0.9863608758613565,-0.7884917134446642,1,4
1,0.6901047490427424,1,0,1,-0.04675600223138495,1.1280764210033116,-1.4179789461687768,1.4602264912102871,0,2
5,0.22761455097771885,5,3,0,1.2415611427622655,0.07134502096036056,0.15387340596633223,-1.4112298339429765,1,0
0,1.3838400461402778,5,3,0,-1.1368705095337048,1.5626051735165634,-0.7000003335429615,0.08663212086999621,1,5
3,-0.6973658451523282,0,2,1,-0.8395665529967087,1.3770713891293267,-1.613263282196917,-0.7321337385148001,1,0
6,-1.6223462412823755,0,1,1,-1.2359718283793704,1.5804336757744253,-0.9506735692915118,-1.3149662121683638,1,4
5,-1.159856043217352,5,1,0,1.0433585050709344,1.463314395695189,1.3028084300278937,0.3096136738533717,1,0
10,0.45885965001023066,4,2,1,-0.9386678718423742,1.4999206428287082,-1.6856150324567027,-0.451394012466657,1,0
0,0.9213498480752542,0,1,0,-1.2359718283793704,1.0703279519279911,-0.09206869459776636,-0.26936825492920763,1,5
1,-0.0036305480547929366,4,1,1,0.4487505919969422,-0.5280412858288804,0.30473122867706015,1.0709714097071263,0,2
3,1.6150851451727894,5,2,1,-1.4341744660707012,-1.6853751444014315,0.6236405117200601,1.2967533589603086,0,0
6,0.6901047490427424,4,2,1,-1.5332757849163667,-0.5792313513630705,1.46455171011423,-0.5732112502032577,1,1
9,-0.4661207461198165,3,0,1,-1.335073147225036,-0.17366312817091487,-1.5687983043658102,1.195589043713534,0,1
2,-0.0036305480547929366,5,2,1,-1.7314784226076976,-1.6046204860620938,0.08021386224092578,0.6152069167960511,1,4
5,0.22761455097771885,0,2,1,0.6469532296882728,-1.502085024383529,0.1897992617572093,1.4234712901690714,0,1
5,-0.92861094418484,1,2,1,0.25054795430561116,0.4802959996632044,1.0310181762609372,-1.7301249591672387,1,5
7,-1.6223462412823755,0,0,0,-1.0377691906880393,1.4980911934198666,1.1867225276972009,0.05897820770565294,1,0
7,1.3838400461402778,5,0,1,-0.9386678718423742,1.08161530960141,-1.6894614838261757,-0.9106590007149908,1,5
2,-1.6223462412823755,0,3,1,1.0433585050709344,-0.8175085073863438,-0.8959001017902174,-0.25116567917546273,1,5
5,0.45885965001023066,5,2,0,0.05234531661428013,0.10332586770171401,1.060558922778489,0.9985111562258724,0,2
10,-0.92861094418484,3,0,1,0.6469532296882728,0.1036710468354577,1.4664364712852718,-1.7343255535719493,1,2
3,0.9213498480752542,1,0,0,-0.1458573210770505,0.6824674182968872,-1.5456042026078884,-0.9775184616566308,1,1
2,1.3838400461402778,1,0,0,-0.9386678718423742,-0.8326791303143793,0.8425035946430692,-1.1738962500768406,1,1
7,-0.2348756470873047,5,3,1,1.6379664181449276,-0.21194349410309074,1.1011774492401232,1.6730566077156126,0,4
0,-1.3911011422498636,1,0,0,0.25054795430561116,1.6657446986791797,-0.0356412530075986,-0.3099740008414079,1,1
4,-1.159856043217352,0,1,0,-1.2359718283793704,-0.605706590921212,-1.0221406357363187,-0.6383204634762685,1,1
6,-1.6223462412823755,3,0,0,-0.3440599587683815,-1.1248905259851052,1.4805144832975428,0.48778888651983654,1,3
3,-0.6973658451523282,1,2,0,-0.5422625964597122,0.5080138841028232,1.39281539207356,1.558590410187255,0,2
6,-1.6223462412823755,1,1,0,-1.0377691906880393,-0.46297501911819366,-0.5271792735125431,-0.17100433595223982,1,5
7,-0.0036305480547929366,4,3,0,1.5388650992992616,-1.174285660023828,-0.24604214291776738,0.8619918380727853,0,0
7,-1.6223462412823755,2,0,1,1.3406624616079306,-0.8128313301241168,1.6114092234007062,1.6741067563167902,0,4
3,0.6901047490427424,2,3,1,-1.0377691906880393,0.934983213587088,0.9642437804868872,1.419270695764361,0,5
2,-1.6223462412823755,4,2,1,-0.5422625964597122,0.8149471698277178,-1.5177558946929046,-1.1031862442642162,1,5
5,-1.3911011422498636,1,0,1,0.9442571862252694,1.4385477928490789,-0.858743381561109,-0.4391422787862518,1,5
9,-1.3911011422498636,2,1,0,-1.0377691906880393,0.5422383952135107,-0.06248948356651959,0.3981762058860153,1,4
4,0.9213498480752542,0,1,1,0.3496492731512767,-0.8518710901505288,-1.3175096363981442,0.5672501306756077,1,5
9,-0.4661207461198165,2,1,1,0.6469532296882728,-1.3736438687174997,0.15260407701440615,-1.2831117045993103,1,2
1,-0.2348756470873047,4,3,1,0.5478519108426073,0.5993828008047796,-1.411286120785894,1.1220786416311024,0,3
3,-0.6973658451523282,5,3,1,0.7460545485339384,-1.217812748788908,1.0778294894274225,0.878444166157901,0,2
3,-1.6223462412823755,0,2,1,0.7460545485339384,-0.2223161270720888,-0.5606818649406523,1.4108695069549404,0,2
4,-1.6223462412823755,3,0,1,1.6379664181449276,-1.2382818714199093,-1.6366112420096177,-0.22421186507857116,1,2
7,-1.159856043217352,5,0,1,-0.5422625964597122,-0.5467672538344759,-0.36162800657042865,1.4854300576385495,0,4
0,1.3838400461402778,0,3,1,1.3406624616079306,-0.0852800109758415,1.0164401255706348,-0.660023534567272,1,0
9,-1.3911011422498636,5,0,1,-1.632377103762032,-0.04534278520169587,1.5464811242840033,0.25535599612586274,1,0
6,-0.6973658451523282,3,0,1,-0.7404652341510432,1.6939630928627267,1.5312876413745853,-1.5719025699231481,1,0
9,0.9213498480752542,5,2,0,-1.5332757849163667,0.4952249971976193,1.188684217895632,-0.6229182839923305,1,2
6,0.45885965001023066,3,1,1,0.5478519108426073,1.2283854772692295,-1.2559279499728828,0.6908176160808378,0,5
10,-0.4661207461198165,3,0,1,-1.335073147225036,-0.6799028457194195,-1.2153094235112487,0.07578058532449441,1,0
10,-0.2348756470873047,1,3,1,1.2415611427622655,1.5756874626854493,-0.5926458758209723,1.535487140961348,0,2
1,-0.92861094418484,1,2,0,0.5478519108426073,-0.9420836567544437,-0.02052469912557002,0.6537123655058962,1,1
3,-0.2348756470873047,1,1,1,-1.632377103762032,-1.0682466301377647,0.2596892831405323,-0.0033306092975508845,1,3
0,0.6901047490427424,2,0,1,0.7460545485339384,1.299319789253559,-0.42417130583805834,0.9540548654426876,0,5
3,-0.0036305480547929366,4,3,1,1.2415611427622655,1.1054154108730379,-1.482330077580059,-0.9502145980260135,1,4
8,0.6901047490427424,0,2,0,0.5478519108426073,-0.9422562463213157,0.5779831339644165,-0.14860116579378452,1,1
5,-1.6223462412823755,2,0,0,-1.632377103762032,0.0036036159631602266,-0.9784064836654115,-1.3356191346581898,1,0
9,1.6150851451727894,5,2,0,1.2415611427622655,-0.7434503242416339,-1.0401035636317573,-1.1875481818921494,1,5
4,-0.4661207461198165,5,3,0,0.8451558673796035,-0.07625357662844384,-0.8494734337606792,0.3883748189416911,1,1
4,-0.0036305480547929366,2,0,0,-0.44316127761404706,-0.7708575474608833,0.8415804463143958,-0.13949987791691204,1,3
9,-0.6973658451523282,2,0,0,-0.5422625964597122,-1.3443036423492856,0.8880455788576287,0.038675334749552814,1,5
4,-0.92861094418484,4,0,0,-0.04675600223138495,1.6089972490917162,-0.1587661613444268,1.115427700490311,0,1
3,-1.3911011422498636,2,3,1,1.2415611427622655,0.6480357997059535,0.8426189881841535,0.5756513194850285,1,5
10,-0.4661207461198165,0,2,0,-0.8395665529967087,-1.621344415091976,-1.7293876490413047,-0.7779902274328883,1,1
3,-0.4661207461198165,2,1,0,-1.335073147225036,1.162214637330563,0.5287100919214683,-0.0246836308548286,1,4
0,0.6901047490427424,3,3,1,1.2415611427622655,0.08163135914592272,-0.06083550947764623,0.7765797518436744,0,3
9,1.6150851451727894,1,2,1,-1.632377103762032,0.47822492486074225,1.2548431814505665,1.4199707948318128,0,5
8,-1.6223462412823755,5,2,1,1.4397637804535965,-1.5972336525999788,-0.5046775330011266,-0.007881253235987118,1,2
8,0.22761455097771885,2,0,1,-0.6413639153053777,-1.027653564009506,1.6039855722576235,-0.12549789656787746,1,5
9,0.9213498480752542,4,2,0,0.05234531661428013,-1.312875082221922,1.4119322553798406,-1.255107741901241,1,2
4,0.6901047490427424,2,3,0,-1.2359718283793704,1.6500217891371542,-0.39751539784761103,-0.6768259121861135,1,0
6,-0.4661207461198165,2,0,0,1.4397637804535965,0.5821756209876563,-0.16780532206268817,0.6260584523415529,1,3
0,1.1525949471077659,4,3,0,0.8451558673796035,0.2807134245325994,-1.0674133683550149,-0.4681963900854985,1,3
3,-1.159856043217352,5,0,1,1.4397637804535965,1.6232358883586435,0.723225137675714,1.0930245303318558,0,2
2,-0.92861094418484,3,0,1,0.6469532296882728,0.751744870439247,-0.024371150495042942,1.4000179714094385,0,0
0,0.9213498480752542,2,2,0,-1.1368705095337048,-1.0883705736350222,1.432049196042184,0.23050247923132638,1,5
2,0.6901047490427424,5,3,0,-0.6413639153053777,1.5175247786496366,-0.13326418876482132,-0.624318482127234,1,1
10,-0.92861094418484,5,2,0,-0.04675600223138495,0.16865101876270847,-0.18911466264956814,0.7653781667644468,0,2
9,-1.159856043217352,4,3,0,0.3496492731512767,-0.8064800340632328,0.22634054976720205,-0.9418134092165927,1,3
4,0.45885965001023066,1,2,0,1.4397637804535965,1.1109727949263115,-0.9690980713512871,-1.1147378788771696,1,1
0,-1.159856043217352,4,3,1,-0.44316127761404706,0.6469830033480353,0.9402034594276815,-1.5918553933455224,1,5
5,1.6150851451727894,2,0,1,0.7460545485339384,-0.22512933701209994,-0.12957159545012734,1.3461103432156554,0,2
9,-1.159856043217352,3,0,1,1.6379664181449276,-0.23337911830857427,0.9415112528933023,-0.9502145980260135,1,0
6,-0.92861094418484,2,3,1,-1.2359718283793704,0.9774920239076241,-0.7367339441214279,0.3855744226718842,1,5
4,-0.2348756470873047,5,0,0,1.2415611427622655,-1.0478638022901994,1.3435038855169172,-1.7343255535719493,1,0
7,-0.92861094418484,5,0,0,-0.24495863992271602,1.0754020851940236,0.16402803758174073,-0.9502145980260135,1,2
9,0.22761455097771885,1,0,1,0.8451558673796035,1.3814206462144973,-1.1113783075080905,1.0727216573757556,0,0
5,-1.6223462412823755,4,1,1,-0.7404652341510432,-0.04744837791753242,1.0200173253442446,-1.1724960519419372,1,2
0,-0.0036305480547929366,4,0,1,-0.5422625964597122,0.4254815532247055,1.5514430465506233,0.14474034346848966,1,0
8,-0.2348756470873047,0,1,1,-1.632377103762032,-1.2311711812647892,0.5665207088833872,0.8290871819025541,0,2
7,-1.3911011422498636,1,3,0,1.6379664181449276,0.7129467358064555,1.6524123949992875,0.44088224900057077,1,2
9,-0.0036305480547929366,0,0,1,1.0433585050709344,-1.004785446398986,0.9271255247714735,0.12163707424258262,1,1
7,-1.6223462412823755,4,0,1,-1.4341744660707012,0.03801797559740672,1.258035736087229,-0.8157955770752816,1,4
5,0.6901047490427424,2,3,0,1.7370677369905927,-0.6241391566631254,-1.3780912454673429,-0.20285884352129346,1,2
1,0.9213498480752542,1,2,0,0.3496492731512767,1.1381383927519404,-0.8848607863598301,-1.126639563023849,1,4
7,0.22761455097771885,0,3,1,1.2415611427622655,0.10249743778072913,-0.10630056466481616,0.43143091158997243,1,1
5,0.22761455097771885,0,3,1,-1.5332757849163667,-1.2987054787817434,-1.2418499379606118,-0.685927200062986,1,2
3,-1.3911011422498636,5,2,1,-0.3440599587683815,-0.8751016458514795,0.20299258995450142,-0.7965428527203591,1,0
9,-0.2348756470873047,0,2,1,0.5478519108426073,0.5844883211837391,0.5714441666363125,-0.40833791981837575,1,3
9,1.6150851451727894,3,3,1,-1.335073147225036,-1.0036808731710063,-0.47794469598328976,-1.4598867191308718,1,1
9,1.3838400461402778,2,2,0,-0.04675600223138495,0.6308286198888302,-0.8077009718882033,-0.685927200062986,1,2
8,0.45885965001023066,2,2,1,-0.24495863992271602,1.7034382600839912,1.5947156244571936,1.3776148012509832,0,0
0,-1.159856043217352,3,1,0,-0.9386678718423742,1.550696493402406,1.6075243075175385,1.535487140961348,0,0
8,-0.2348756470873047,2,3,0,-0.6413639153053777,1.0425582906183108,1.5643671231520524,0.6988687553565326,0,0
1,0.9213498480752542,5,3,1,1.6379664181449276,0.482125449072046,-0.9032468239059107,-0.16890403874988463,1,4
2,0.45885965001023066,4,2,0,-0.7404652341510432,-1.0399419411707815,-1.6464581575154684,-0.19340750611069513,1,4
10,0.22761455097771885,2,3,1,-1.0377691906880393,0.452146641306406,0.6758753213175023,1.581693679413162,0,1
10,-0.92861094418484,4,2,0,0.15144663545994566,0.8481534024938613,0.856466213114256,1.5855442242841467,0,3
10,0.9213498480752542,0,0,1,0.5478519108426073,1.1074347088054386,1.0518659426834804,1.4311723799110405,0,0
1,-1.6223462412823755,3,1,0,0.7460545485339384,-1.5594537964117312,-1.3810914775355316,1.1805369137633217,0,5
0,-1.3911011422498636,2,2,0,0.8451558673796035,0.7948059673737731,1.1542200136251548,-0.9117091493161684,1,4
10,-1.6223462412823755,3,0,1,-1.632377103762032,-0.40384583350789854,-1.022063706708929,-0.5844128352824854,1,5
8,1.3838400461402778,2,3,0,-0.3440599587683815,1.1581415235523875,0.7663823220412002,1.0496183881498484,0,5
7,0.9213498480752542,4,0,1,0.9442571862252694,-0.8986083448594252,1.2139554033930693,0.2665575812050904,1,1
6,-0.6973658451523282,5,3,0,1.4397637804535965,-0.0903886621552482,0.3104624412175748,0.41532863303858264,1,3
2,-0.6973658451523282,4,1,0,0.3496492731512767,1.4205984778944067,1.5798298576573335,0.8892957017034028,0,4
6,0.6901047490427424,4,2,0,-1.5332757849163667,1.0054860516542379,1.529172093121375,-1.0191743561700086,1,5
10,-0.2348756470873047,3,2,1,-0.3440599587683815,-1.1690216782342366,-1.2549278726168198,0.010671372051483682,1,5
5,0.22761455097771885,1,0,0,-1.4341744660707012,0.6580114766711463,1.437011118308804,0.00962122345030609,1,1
2,0.22761455097771885,5,0,1,0.8451558673796035,-1.2097182981026184,-1.3452040862583492,-1.6671160430965832,1,4
10,-1.159856043217352,1,1,1,-1.5332757849163667,-0.5728800553021866,-0.24311883987696795,0.31241407012317857,1,2
0,-1.159856043217352,1,0,1,-1.0377691906880393,0.9393842475423202,0.13579508452980948,-0.3771835113167738,1,2
1,-1.159856043217352,1,1,0,-0.24495863992271602,0.3676813072793236,0.053288702654615334,0.6218578579368426,1,3
3,-0.92861094418484,5,3,1,-0.1458573210770505,-0.45287852945619056,-0.29870006216585165,-0.8003933975913435,1,3
7,-0.0036305480547929366,1,2,1,-0.3440599587683815,0.17817796285403448,1.346811833694664,-1.288712497138924,1,0
0,-0.4661207461198165,1,3,0,-0.1458573210770505,1.5030617729457758,-0.12037857667708705,0.8763438689555457,0,4
9,-0.0036305480547929366,2,3,0,0.7460545485339384,1.280818187684897,-1.6573051503773821,0.2784592653517698,1,5
8,-1.6223462412823755,1,3,0,-0.44316127761404706,-1.104231554830545,-0.3275869119505933,0.7335236591953932,0,4
0,-0.0036305480547929366,4,1,1,0.15144663545994566,0.7598220621688495,1.068521077113298,-0.010681649505794031,1,5
1,-0.92861094418484,2,1,1,-0.6413639153053777,1.089554429677515,-0.21334730627724754,1.3566118292274314,0,3
10,0.6901047490427424,5,2,1,-0.5422625964597122,0.19959632810283082,-1.5629516982842113,-1.6730668851699229,1,1
5,-1.6223462412823755,3,2,1,0.3496492731512767,-1.6489069689214102,-1.5051010696873386,0.040775631951908003,1,4
6,-0.0036305480547929366,3,1,1,-0.04675600223138495,-0.2787701743958703,-0.16372808361104688,1.0849733910561608,0,2
8,-0.92861094418484,3,3,1,0.7460545485339384,0.7266158295027059,-0.565836109775746,-1.0055224243547,1,5
5,-0.4661207461198165,4,2,0,0.25054795430561116,0.3051866251150274,-0.6279947639064284,-0.4937500060474866,1,3
4,-0.0036305480547929366,4,0,1,1.0433585050709344,-0.740930516565305,0.6386032075473097,1.4189206462306352,0,5
10,-0.92861094418484,4,3,1,-0.1458573210770505,0.6205595406599553,1.6004468369977083,-0.11079581615139118,1,0
5,1.3838400461402778,4,0,1,-0.04675600223138495,0.20898520054065936,-0.8431267890010489,-1.4679378584065665,1,2
0,-1.159856043217352,5,2,1,0.5478519108426073,0.1681677679754673,0.27784453360444444,1.6881087376658248,0,4
2,1.3838400461402778,0,1,1,-0.9386678718423742,1.3713931923792428,-1.0734138324913927,0.7818304948495625,0,5
7,0.22761455097771885,4,0,1,-0.3440599587683815,0.4112256550010909,-1.4587128661714952,-0.288971028817856,1,2
4,-1.159856043217352,0,3,0,0.4487505919969422,0.4186470063765803,1.7215715906224107,-0.6103165007781993,1,2
7,0.22761455097771885,0,1,1,-1.632377103762032,-1.6167017557431234,-0.27850619247611885,1.475978720227951,0,0
9,1.1525949471077659,0,2,0,-0.24495863992271602,-0.3228150318615659,1.5579050848513378,0.11183568729825842,1,4
8,-1.3911011422498636,3,2,0,0.3496492731512767,-0.045567151638629275,0.2534964964356809,-0.6155672437840873,1,0
2,1.3838400461402778,0,0,1,1.6379664181449276,0.15505096089320686,-1.714424953214055,0.7153210834416482,0,2
3,-1.3911011422498636,0,0,0,1.3406624616079306,0.10984975332946986,1.0289410925214217,-1.2050506585784426,1,3
4,-1.3911011422498636,3,3,0,-0.7404652341510432,-1.0133286299591426,0.7100702739921166,-1.6027069288910243,1,0
9,-0.4661207461198165,5,2,1,0.05234531661428013,-0.08531452888921587,0.6459883941766977,0.7177714301777293,0,1
4,-1.159856043217352,3,0,1,-1.5332757849163667,-0.5018939664477954,1.5335185831688796,1.34996088808664,0,3
5,1.1525949471077659,0,3,0,-0.9386678718423742,-1.2692271807600317,1.6281412868579135,-1.549149350230967,1,5
9,0.22761455097771885,5,2,0,0.9442571862252694,-1.2483093252551636,0.8057315195509082,-0.24556488663584888,1,0
4,-0.92861094418484,5,3,0,-1.335073147225036,1.2040848662536734,0.25734294780515377,-1.2824116055318586,1,1
7,-1.6223462412823755,5,2,0,-0.8395665529967087,-1.324283252592151,-0.488137792112393,1.151832851997801,0,0
0,-0.92861094418484,1,1,0,1.5388650992992616,0.3598112230299673,-1.5183328623983254,-0.4380921301850742,1,5
5,-1.6223462412823755,0,0,1,1.1424598239166004,0.8357269536790882,-0.610724197257495,1.6145983355833933,0,4
3,1.3838400461402778,2,2,1,0.9442571862252694,-0.3434049671893774,-0.7545045494483928,0.7146209843741965,0,5
6,-0.6973658451523282,4,3,1,1.2415611427622655,-1.120575786813309,0.35973548326052296,0.4002765030883705,1,5
8,-0.92861094418484,5,1,1,0.8451558673796035,1.4293660278914966,-1.4838686581278482,-1.1206887209505092,1,5
7,-0.0036305480547929366,4,1,0,-1.335073147225036,-1.6413820638057974,-1.6479967380632576,-1.7238240675601733,1,2
7,-0.0036305480547929366,0,2,1,0.05234531661428013,-1.0035773194308832,0.41608599582330125,0.25710624379449204,1,5
6,-0.2348756470873047,2,3,0,-0.1458573210770505,0.7480859716215638,0.7116857835672952,0.2998122869090475,1,1
8,-1.159856043217352,2,0,1,-0.6413639153053777,1.484784537814047,-0.7292718284646504,1.4409737668553646,0,5
9,-1.6223462412823755,5,3,1,1.1424598239166004,-1.28860898911974,-1.5981467283148885,-0.04603665241210631,1,1
1,-1.6223462412823755,2,1,1,-0.1458573210770505,0.47259850498072004,-0.029525395330136657,-0.7765900292979848,1,0
1,0.9213498480752542,5,1,1,-1.5332757849163667,-1.36665399125919,1.4396267052400455,0.2924612467008043,1,1
10,0.6901047490427424,5,2,0,-0.7404652341510432,-0.6994399846893127,-0.4981385656730226,-0.18430621823382265,1,5
9,-1.159856043217352,0,2,0,-0.9386678718423742,1.439013784679633,1.7277259128135674,1.4224211415678938,0,2
2,-0.4661207461198165,2,0,1,1.3406624616079306,0.4527507047904575,-1.5940310253495524,-0.6467216522856892,1,2
2,-0.2348756470873047,3,0,1,0.5478519108426073,-0.13791982887175513,0.40704683510503986,-1.1056365910002972,1,0
6,-0.4661207461198165,2,0,1,0.25054795430561116,-1.6223972114498943,-1.1343800866975384,0.5563985951301059,1,1
8,1.3838400461402778,5,2,0,0.05234531661428013,-0.7854068479481802,0.9799757665880314,1.7147125022289904,0,2
7,1.3838400461402778,2,3,1,0.5478519108426073,-0.8487817369035228,0.732879730613091,-0.7482360170661898,1,5
10,-0.4661207461198165,4,1,0,0.8451558673796035,-0.2332237876983896,-1.3715522781392389,1.5603406578558843,0,3
5,-0.4661207461198165,4,2,0,0.15144663545994566,-1.4551579211510735,-1.2710445038549114,1.2165920157370858,0,0
10,1.1525949471077659,0,0,1,1.5388650992992616,-0.17925503013756275,-1.2727369424574795,-0.9155596941871529,1,0
6,-1.159856043217352,4,2,0,1.6379664181449276,0.17365611620199206,-1.3333570160403727,0.37822338246364107,1,3
0,-0.4661207461198165,3,1,0,1.7370677369905927,-0.5255905139793001,-0.6387263632272578,1.3699137115090143,0,0
6,-0.0036305480547929366,4,3,1,0.5478519108426073,0.22857411638061412,-1.7213101011654115,-1.6895192132550385,1,4
0,0.6901047490427424,3,3,0,1.5388650992992616,1.0210363716293915,0.04486497415546964,0.24240416337800577,1,3
3,0.6901047490427424,3,2,0,-0.3440599587683815,1.377761747396814,-0.5893763921569203,0.5805520129571905,1,4
8,-1.3911011422498636,0,0,0,1.2415611427622655,0.15603472142437638,0.40131562256452524,1.1108770565518749,0,4
10,-0.6973658451523282,5,0,1,1.4397637804535965,0.7632911124629737,0.30296186104710265,-0.2613171156535128,1,3
8,1.3838400461402778,3,0,1,1.4397637804535965,-1.1759252609091106,-0.7841222249933343,0.5840525082944492,1,1
1,-1.6223462412823755,0,0,0,1.1424598239166004,0.03401389764597985,-1.5047164245503912,1.6709563105132574,0,0
3,0.9213498480752542,5,2,1,-0.3440599587683815,1.075264013540526,-0.8039314495461198,-1.4574363723947907,1,3
4,1.6150851451727894,5,2,0,-1.1368705095337048,-0.9736675474919919,0.3667360247529637,-0.22281166694366772,1,3
2,-1.6223462412823755,1,0,0,-0.5422625964597122,1.4767246050411318,0.6802987403923962,0.8588413922692526,0,0
1,-0.6973658451523282,0,0,0,0.9442571862252694,0.5906670276777513,0.4841297205492772,-0.15980275087301216,1,5
1,0.9213498480752542,1,2,1,-0.9386678718423742,1.6237881749726335,0.05948148935946673,0.6295589476788115,1,4
0,1.1525949471077659,4,2,0,-0.04675600223138495,0.30584246546914046,-0.4533658717323578,1.0597698246278986,0,3
9,-1.159856043217352,3,0,1,0.25054795430561116,0.9467710810044352,1.688569037872333,-1.1374910985693507,1,3
9,-0.92861094418484,3,1,0,0.3496492731512767,1.1674613601634674,1.1391803887705156,-1.404928942335911,1,4
0,-1.159856043217352,3,2,1,1.5388650992992616,0.6104975689113266,0.7033005195818443,-0.6162673428515391,1,5
3,-1.6223462412823755,2,3,1,0.5478519108426073,-1.3716418297417863,-1.6958465930995008,0.32641605147221314,1,3
7,-1.6223462412823755,0,0,0,1.0433585050709344,1.1928665444070032,-1.1516891178601667,0.7125206871718414,0,0
4,0.9213498480752542,4,0,1,0.25054795430561116,-0.8304354659450452,-0.3179323190132163,-1.0940849563873436,1,4
1,0.9213498480752542,0,1,0,1.1424598239166004,-0.31489317074214807,0.3812371464158766,-1.067481191824178,1,2
1,1.3838400461402778,3,3,1,-0.8395665529967087,1.3961252773119788,-1.0879149541543056,0.019072560860904423,1,5
5,1.1525949471077659,1,2,0,-1.0377691906880393,-1.4426279185961774,-1.294507857208696,-1.0324762384515915,1,0
3,1.3838400461402778,4,2,1,1.4397637804535965,-1.275526699950854,-1.5349110678007538,1.460576540744013,0,4
9,-0.6973658451523282,3,0,1,0.6469532296882728,1.461916420203527,-0.03414113697350416,1.3065547459046327,0,5
10,-0.4661207461198165,2,1,0,0.6469532296882728,0.6352814307141239,-0.1479960975099026,-0.3939858889356153,1,2
3,-1.159856043217352,3,1,0,-0.1458573210770505,0.4314013753684099,-1.4941386832843409,0.44683309107391045,1,2
3,0.9213498480752542,2,0,0,-0.44316127761404706,-0.47289891921332494,-1.6789606715875147,-1.5519497465007739,1,5
1,0.22761455097771885,1,0,1,0.15144663545994566,-0.0689357789930775,-1.0054085722791115,-1.634561436460078,1,5
8,-0.6973658451523282,0,1,1,-1.335073147225036,0.24191528989980796,1.4125476875989562,1.0188140291819725,0,1
6,-0.0036305480547929366,3,1,0,-0.1458573210770505,-1.0766344830877366,1.4359725764390463,0.5241940380273264,1,2
6,1.1525949471077659,1,0,0,-0.1458573210770505,-1.7046879169343914,-1.2526584663088307,1.507483178263279,0,5
10,-1.6223462412823755,1,2,0,0.15144663545994566,-0.7180969168681595,0.7342644531061012,-0.8592017192572887,1,4
2,1.3838400461402778,2,0,1,0.4487505919969422,-1.1597363595365313,1.0703289092569503,0.13493895652416546,1,5
0,-0.6973658451523282,2,0,1,1.6379664181449276,0.9389527736251405,0.05332716716831006,-1.4703882051426476,1,3
10,1.6150851451727894,5,3,1,0.5478519108426073,0.7841226731844056,0.8825836179129771,0.5591989913999128,1,0
8,-1.159856043217352,0,2,1,1.3406624616079306,-1.4246268267714437,-0.8352415636936295,-1.7385261479766596,1,0
10,0.9213498480752542,2,0,0,0.15144663545994566,1.0060038203548534,-1.6931540771408697,-0.045336553344654584,1,5
5,-1.6223462412823755,3,1,0,0.4487505919969422,-0.5130259935110296,-1.6309184939827979,0.24030386617565058,1,0
1,-0.92861094418484,2,3,1,-1.5332757849163667,1.1110936076231217,0.2732672564747717,-1.2278038782706238,1,0
4,1.6150851451727894,1,3,1,-1.2359718283793704,-1.1753384563817464,-1.5309876874038915,-0.1829060200989192,1,5
10,1.1525949471077659,0,2,1,0.25054795430561116,-1.1026092129019496,1.636718873411838,0.16259286968850872,1,3
4,-0.6973658451523282,1,3,0,-0.3440599587683815,0.1664763902201232,0.5786754952109217,0.35231971696792713,1,0
0,-0.2348756470873047,4,2,1,1.0433585050709344,-0.9472958616739736,-0.7520428205719302,1.522535308213491,0,0
2,-1.6223462412823755,1,2,0,0.15144663545994566,1.1859457027754423,1.3476965175096427,-0.5179034238745712,1,5
6,-1.159856043217352,3,0,0,1.3406624616079306,-0.5015487873140517,-1.088991960537758,-1.3359691841919157,1,5
5,-1.3911011422498636,2,1,0,1.6379664181449276,0.5812781552399227,0.9000080426166894,1.4133198536910214,0,1
7,0.22761455097771885,4,0,1,-1.2359718283793704,-0.7903946864307766,-0.8608204653006244,0.9831089767419343,0,0
5,0.45885965001023066,0,1,1,-0.3440599587683815,1.5486254185999435,-0.6348029828303955,0.7874312873891762,0,1
8,1.6150851451727894,5,1,1,0.5478519108426073,-1.5354120697464828,1.4852071539682996,-1.079732925504583,1,3
4,-0.4661207461198165,2,3,0,-0.6413639153053777,1.1421942475734288,1.448512007903528,0.26235698680038,1,3
1,0.45885965001023066,4,3,0,-0.8395665529967087,0.37089147322314,0.96597468360315,0.7573270274887519,0,3
4,-1.159856043217352,2,2,0,1.0433585050709344,0.4089302137616953,0.30257721591015535,-1.69617015439583,1,1
9,-0.0036305480547929366,2,0,0,1.6379664181449276,-1.0332109480627796,-0.2706594316823941,0.7860310892542728,0,2
9,1.3838400461402778,0,1,1,0.9442571862252694,-1.6965934662481017,-1.2837762578878666,-1.1486926836485785,1,3
2,-0.0036305480547929366,0,2,1,0.05234531661428013,1.6175404326518725,-1.2230407907638894,1.2064405792590356,0,4
8,-1.3911011422498636,1,3,1,-0.24495863992271602,1.1981650441099692,0.4365875816225919,1.7154126012964421,0,5
7,1.6150851451727894,1,3,1,0.15144663545994566,-0.305642369957817,1.4875919538173727,1.042967447009057,0,2
10,-0.4661207461198165,3,3,0,-0.1458573210770505,1.4227385885236177,0.21999390500757174,0.27005807654234903,1,5
6,-0.2348756470873047,3,2,0,0.05234531661428013,-1.267104329087508,-0.5644129227690411,-1.3051648252240398,1,5
6,-1.3911011422498636,2,2,0,-1.0377691906880393,-0.7111415573232239,-1.0969156503588722,1.5382875372311549,0,3
6,1.6150851451727894,3,1,1,1.4397637804535965,-1.7072077246107205,1.6956080438784684,0.7709789593040607,0,2
10,0.6901047490427424,3,0,0,0.8451558673796035,-1.6379130135116733,1.2993466237953681,-0.7660885432862089,1,4
0,0.45885965001023066,0,2,1,0.6469532296882728,-0.9982615607712303,1.0744446122222864,-1.0160239103664759,1,5
8,-1.3911011422498636,5,0,1,1.5388650992992616,-1.1203341614196884,1.0385187564314093,-0.214410478134247,1,0
7,0.45885965001023066,1,2,1,-0.7404652341510432,-1.100779763493108,0.37777534018335096,-1.0615303497508382,1,2
9,-1.6223462412823755,3,3,0,-1.4341744660707012,0.4532166966210115,-1.0897997153253474,0.854990847398268,0,2
0,-0.0036305480547929366,3,1,0,1.1424598239166004,-1.6642501814163173,-0.9699058261388763,1.3853158909929522,0,4
5,-1.6223462412823755,0,0,0,1.7370677369905927,-1.0799999796417374,-1.6114169855395701,0.015922115057371646,1,0
7,0.22761455097771885,1,3,1,0.25054795430561116,-1.1884897813773811,-0.49267660472837105,0.8920960979732097,0,2
0,0.6901047490427424,4,0,0,-1.5332757849163667,1.3171655504681083,1.6207561002285253,0.5672501306756077,1,5
0,-0.4661207461198165,5,2,0,0.9442571862252694,0.9365365196889347,-0.7710442903371264,1.5130839708028927,0,4
1,-0.2348756470873047,5,1,1,-1.4341744660707012,-1.244512354783983,-0.7803142381375561,-0.5350558510271386,1,4
2,1.1525949471077659,0,1,1,0.15144663545994566,0.99400884545726,-0.8942845922150388,0.7867311883217245,0,1
6,0.45885965001023066,0,2,0,-0.7404652341510432,0.2516148235580058,-0.18346037913644295,1.6842581927948403,0,0
8,-0.2348756470873047,0,3,1,1.4397637804535965,-1.5489258328325486,-0.43963404034333947,1.2130915203998272,0,2
3,0.45885965001023066,5,2,0,-0.1458573210770505,0.14835448569857915,-0.6481117045687718,-1.6566145570848074,1,0
10,-1.159856043217352,3,1,0,1.3406624616079306,0.7675195568513339,1.283614637694224,-1.4262819638931887,1,3
10,-1.3911011422498636,4,0,0,-0.7404652341510432,0.5041823957182682,-1.4217869330245552,1.07657220224674,0,4
2,0.22761455097771885,4,2,1,-0.3440599587683815,-1.440539584837028,0.0228248078083898,1.1455319603907352,0,2
3,-0.0036305480547929366,4,2,1,1.5388650992992616,1.4406879034782898,0.9869378435667775,0.43983210039939313,1,0
2,1.1525949471077659,2,1,0,-1.0377691906880393,-0.16040824943515694,0.5545967096380211,0.9547549645101393,0,4
2,0.9213498480752542,4,0,1,0.25054795430561116,1.2932618954563573,0.270382417947667,1.5032825838585684,0,0
10,0.45885965001023066,5,3,0,-0.3440599587683815,0.3830245197742309,0.8186940606660319,1.4045686153478747,0,4
2,-0.2348756470873047,4,2,0,0.9442571862252694,1.3705129855881966,0.12890993657845295,-1.327918044916221,1,3
2,0.22761455097771885,3,1,0,-1.2359718283793704,1.3139208666109174,0.09198400343151292,-1.0153238112990242,1,0
6,-0.92861094418484,0,1,0,-0.24495863992271602,1.0159104614932974,1.7278028418409568,0.5893032513003371,1,0
2,1.1525949471077659,2,1,0,0.6469532296882728,1.1364642739532833,-0.3958998882724324,0.9432033298971858,0,4
4,-0.92861094418484,2,2,1,-0.3440599587683815,-1.150105861705082,0.7250329698193663,0.4804378463115934,1,0
2,-1.6223462412823755,5,3,1,-1.5332757849163667,-0.7637986341758247,0.9486656524405219,-1.4266320134269146,1,4
8,-0.0036305480547929366,5,1,0,0.7460545485339384,-0.8087236984325668,0.29638442920530395,-1.3086653205612984,1,0
10,1.3838400461402778,0,2,0,0.05234531661428013,0.3957788887660605,-0.8785910706275892,0.32851634867456836,1,0
7,1.3838400461402778,2,0,0,-1.7314784226076976,-0.7488523776847227,-1.4969850572977508,-0.6554728906288358,1,4
0,0.9213498480752542,4,1,1,0.3496492731512767,-0.01496702143225062,-0.9157862553703924,-1.0321261889178657,1,5
9,-1.159856043217352,0,3,0,1.4397637804535965,1.5896499586453818,1.5315184284567536,-1.3041146766228622,1,1
6,-0.2348756470873047,3,1,0,-1.335073147225036,0.6221646236318635,1.1799527732869286,-1.3888266637845212,1,5
8,1.6150851451727894,4,2,1,0.3496492731512767,0.5397185875371817,-1.4891767610177207,0.5000406202002418,1,2
8,0.9213498480752542,2,3,0,0.8451558673796035,1.5865433464416887,-1.6390345063723857,-1.4784393444183426,1,0
3,-1.3911011422498636,3,1,0,-1.5332757849163667,0.3391867697887815,-0.7000387980566563,0.641460631825491,1,4
8,-1.3911011422498636,5,1,0,-1.632377103762032,0.5029915277068524,1.131333627976791,0.3771732338624635,1,4
7,-0.2348756470873047,2,0,0,-0.1458573210770505,-1.5004281645415594,1.1552970200086072,-0.2742689484013697,1,0
7,1.6150851451727894,5,2,0,1.0433585050709344,-0.3723482375537863,0.014785724446191395,0.3127641196569045,1,3
5,-0.4661207461198165,2,0,0,-1.1368705095337048,1.7073905611653566,0.3456959357619468,-1.35592200761429,1,1
9,-1.159856043217352,2,1,1,1.1424598239166004,-1.295391759097804,0.48705302359007663,-0.35618053929322196,1,1
7,0.22761455097771885,3,1,1,0.5478519108426073,-0.8650914509729124,0.013670253549044248,1.0398170012055243,0,3
7,0.45885965001023066,3,2,1,-0.5422625964597122,0.8362447223797038,0.7001079649451817,-0.8311977565592197,1,3
7,1.6150851451727894,5,3,1,0.05234531661428013,-0.1157075516153483,-0.08072166305782123,-0.9033079605067477,1,0
4,1.3838400461402778,4,0,1,1.6379664181449276,0.7008309482120518,-1.5571050922026124,0.5185932454877126,1,5
0,1.1525949471077659,1,1,0,-0.9386678718423742,-1.1352113820840417,0.5859068237855307,0.45663447801823465,1,1
10,-0.4661207461198165,2,1,0,-0.04675600223138495,-0.30771344476027923,0.20049239656434403,1.5645412522605948,0,3
9,0.45885965001023066,2,0,1,0.4487505919969422,1.4441914716857884,1.2447654788625473,1.4437741631251715,0,3
7,0.45885965001023066,3,1,0,-1.2359718283793704,-1.458299051268141,0.04190320660097549,-0.1475510171926069,1,1
0,-0.4661207461198165,1,1,0,-1.5332757849163667,-1.2923887006342336,1.7284182740600724,0.10833519196099979,1,4
6,-1.6223462412823755,3,1,0,-1.7314784226076976,-1.0248403540694948,-0.5010618687138221,0.8521904511284611,0,4
4,-0.92861094418484,1,3,0,-0.6413639153053777,0.567022257016308,-1.4667519495336936,0.8857952063661441,0,0
1,0.45885965001023066,2,0,1,-1.4341744660707012,1.6223901994809715,-1.2456579248163901,-1.330018342118576,1,0
5,-0.4661207461198165,4,0,1,1.0433585050709344,-0.1763555254141157,1.096100133432419,-0.2193111716064091,1,4
1,1.6150851451727894,3,1,0,1.7370677369905927,-1.0242190316287563,-1.1160709781788474,1.0524187844196555,0,2
0,-0.4661207461198165,4,1,0,-1.5332757849163667,0.1828378811595744,0.3362336653930434,-0.48814921350787277,1,2
10,0.6901047490427424,3,0,1,-0.24495863992271602,-0.1123075371479729,0.7309565049283545,0.26200693726665414,1,2
8,0.9213498480752542,3,2,1,-1.632377103762032,-1.505346967197407,-1.4836763355593745,0.7230221731836173,0,1
6,-0.6973658451523282,3,1,0,-1.2359718283793704,-1.075926865863562,-0.42178650598898515,-0.11219601428629464,1,2
7,-1.6223462412823755,0,3,0,-0.6413639153053777,-1.4827377339371948,-0.5538351815029905,-0.9544151924307238,1,4
8,-0.0036305480547929366,4,2,1,-0.3440599587683815,0.29005052010036636,-0.03402574343241997,-0.2249119641460229,1,4
1,-0.6973658451523282,5,1,0,1.5388650992992616,-0.7171649332070514,1.3648132261037973,-0.621518085857427,1,0
8,0.9213498480752542,5,2,0,-0.3440599587683815,-1.5735543640251612,-1.1319183578210759,-1.5792536101313914,1,1
4,0.9213498480752542,0,1,0,-0.04675600223138495,0.5207509941379656,-0.8828990961613989,-0.6285190765319443,1,4
6,0.9213498480752542,4,1,0,-0.8395665529967087,-0.6265899285127056,1.5949464115393621,-1.652063913146371,1,2
7,-0.6973658451523282,4,2,0,-1.7314784226076976,0.8491199040683436,-1.7270413137059262,1.687408638598373,0,3
9,-0.2348756470873047,4,2,1,1.3406624616079306,-1.1574409182971357,1.6110245782637589,-1.0405273777272863,1,2
5,-0.92861094418484,2,0,0,-1.4341744660707012,0.09055423975319725,-0.9759062902752541,0.7440251452071691,0,0
3,-0.4661207461198165,0,2,0,1.6379664181449276,1.3749140195434286,-0.5825681732329533,1.143781712722106,0,0
0,1.1525949471077659,5,1,1,-1.2359718283793704,-1.235347848783088,1.006016242359363,1.095124827534211,0,0
10,-0.92861094418484,2,0,0,0.3496492731512767,-1.0413571756191307,0.6621819544421788,0.5833524092269975,1,3
4,1.3838400461402778,2,2,0,1.7370677369905927,-1.4431111693834184,0.9332029179352408,0.3064632280498389,1,2
7,1.6150851451727894,0,1,0,-1.2359718283793704,-1.5652528058586255,-0.341126420771138,0.32536590287103556,1,2
0,-1.159856043217352,3,2,0,-0.24495863992271602,0.3783818604253782,0.686145346473995,0.05582776190212016,1,5
3,-0.2348756470873047,5,0,0,0.9442571862252694,1.0112160252743834,0.4476653615666739,1.5316365960903635,0,5
6,-0.0036305480547929366,4,0,0,-1.632377103762032,0.8517260065281085,-0.8439730083023329,0.3299165468094718,1,1
2,-0.92861094418484,3,3,1,0.6469532296882728,0.3305745504018763,1.3397728276885286,1.6597547254340297,0,3
2,1.1525949471077659,0,1,1,-1.4341744660707012,0.11316347301340934,-1.461020736993179,1.3762146031160798,0,0
5,-1.3911011422498636,1,2,1,-0.9386678718423742,1.58003671977062,-1.2334262094614663,1.2148417680684565,0,5
2,0.9213498480752542,1,0,1,-1.1368705095337048,0.6618774829690757,1.4767064964417644,-0.843099440705899,1,2
0,0.45885965001023066,3,0,1,1.4397637804535965,1.5248425762850029,1.0938691916381247,0.2987621383078699,1,5
2,1.3838400461402778,3,0,0,-1.1368705095337048,0.2883073654749607,-0.558450923146358,-0.08629234879058069,1,0
6,-1.159856043217352,5,2,1,-1.632377103762032,0.4013190138626468,-0.65191969142455,-1.1672453089360493,1,3
8,-1.6223462412823755,0,3,0,0.3496492731512767,-1.67054970060714,-0.23481050491890645,0.9351521906214909,0,3
10,-0.0036305480547929366,4,3,0,-0.5422625964597122,1.3307138314675484,-1.280045200059478,-1.5768032633953104,1,4
9,1.6150851451727894,0,0,1,-0.3440599587683815,0.14623163402605543,-1.2438500926727378,1.3198566281862156,0,4
1,-1.159856043217352,1,1,0,-1.335073147225036,0.2889114289590122,-1.5397575965262895,-0.9218605857942185,1,0
8,0.9213498480752542,5,2,1,0.8451558673796035,-0.738238119322104,0.4078545898926292,-0.4650459442819657,1,2
8,0.45885965001023066,1,1,0,0.3496492731512767,1.3685282055691703,0.7550352905012551,-1.1864980332909718,1,3
9,-0.2348756470873047,2,3,1,-0.44316127761404706,0.11937669742079587,1.278191141263267,1.5589404597209808,0,4
8,0.45885965001023066,3,1,1,-1.1368705095337048,0.19902678253215372,-0.05848917414226775,-0.8049440415297798,1,5
5,-0.6973658451523282,0,3,1,0.3496492731512767,0.6296032339640402,-0.38636068887613956,-0.9341123194746237,1,3
1,0.45885965001023066,1,2,0,0.9442571862252694,-0.03433157083527197,1.2965387142956528,1.45322550053577,0,3
9,-0.6973658451523282,1,3,1,-0.6413639153053777,-0.26099344900807,1.5124015651504732,0.9803085804721274,0,5
4,1.3838400461402778,0,2,1,-1.632377103762032,1.251098264269565,-0.0415647881165869,0.005770678579321584,1,5
10,-0.2348756470873047,5,1,0,-0.9386678718423742,0.17287946315106875,1.1657209032198788,-0.4692465386866761,1,3
0,1.6150851451727894,3,0,0,0.6469532296882728,-1.2181751868793391,1.6925693472965848,0.8483399062574767,0,0
6,0.22761455097771885,3,3,0,1.7370677369905927,-0.6628855144258552,0.6421804073209195,1.5886946700876794,0,5
3,0.9213498480752542,1,3,0,-1.7314784226076976,-1.533927799471385,1.342965382325191,0.39222536381267564,1,0
0,-0.6973658451523282,1,1,0,-0.6413639153053777,1.6763934749551728,-0.5647591033922936,-0.6019153119687786,1,0
1,-1.6223462412823755,2,0,1,-1.5332757849163667,1.6484167061652462,0.8375416723764492,-1.7094720366774128,1,0
6,0.45885965001023066,2,0,1,-0.6413639153053777,-0.252312193794416,-1.4760218973341233,1.71051190782428,0,1
7,0.45885965001023066,4,1,0,-0.3440599587683815,-1.378044902672732,0.5347490205715408,-0.5119525818012315,1,4
6,-1.6223462412823755,3,0,0,1.4397637804535965,-1.54897760970261,1.5696752260419249,0.13633915465906893,1,3
6,1.6150851451727894,0,0,1,-1.4341744660707012,1.473290072660382,0.6968384812811298,-0.12479779750042574,1,2
9,-1.3911011422498636,4,1,0,0.9442571862252694,1.241588579134926,-0.5157937774589033,-0.6358701167401875,1,3
2,1.3838400461402778,0,1,0,-0.3440599587683815,1.4415163333992747,0.8776986246737465,-0.06353912909839952,1,4
2,-0.4661207461198165,5,1,1,1.0433585050709344,0.38942759270517646,-1.2635054591707444,-1.3394696795291745,1,0
6,0.22761455097771885,0,3,1,0.05234531661428013,1.005020059823684,0.5105163769438614,-0.07719106091370823,1,0
0,-0.0036305480547929366,0,0,0,-1.632377103762032,0.9242826604410335,0.16645130194450866,1.6433023973489143,0,2
5,1.1525949471077659,4,0,1,1.5388650992992616,0.7197295057845192,-0.765274613282917,-0.9845194523311481,1,4
6,-0.6973658451523282,3,0,0,-1.4341744660707012,0.2749316740423925,-1.2718522586425007,-1.338419530927997,1,0
5,-1.6223462412823755,1,3,0,0.3496492731512767,0.4474867230008661,-0.5878378116091312,1.2564976625818343,0,2
4,1.1525949471077659,1,3,0,1.3406624616079306,-0.8132455450846092,0.24307261322440926,-1.4994423164418944,1,3
3,-0.2348756470873047,1,2,0,-1.4341744660707012,1.6376125992790684,1.6962619406112789,0.5259442856959557,1,4
2,1.6150851451727894,3,2,0,0.15144663545994566,-0.2882108237037604,1.4861303022969732,0.2017984174658055,1,1
2,-0.6973658451523282,3,2,0,1.1424598239166004,-0.5400190017697867,0.017170524295264604,-0.05583803935643051,1,5
10,-0.4661207461198165,5,2,0,1.7370677369905927,0.397228641127784,1.0962155269735032,-0.8227965677497989,1,3
9,1.1525949471077659,5,0,1,0.7460545485339384,0.6215950780611864,-1.5035624891395494,-0.14860116579378452,1,5
4,-0.2348756470873047,5,3,1,-0.7404652341510432,0.7877125361753401,-1.1438423570664418,-0.9173099418557822,1,4
6,-1.159856043217352,4,0,1,0.6469532296882728,1.480487057598938,0.3275022207843399,-0.9579156877679824,1,3
8,0.9213498480752542,5,0,0,0.7460545485339384,-0.6954186477811986,-0.9156323973156134,1.4861301567060012,0,0
10,0.45885965001023066,3,1,1,0.6469532296882728,0.4887356294832378,1.266959503264406,1.1857876567692096,0,2
1,-1.159856043217352,0,1,1,1.2415611427622655,-1.0956193354436397,1.2053778168391447,-0.44264277412351044,1,2
9,-0.6973658451523282,0,0,1,-1.4341744660707012,1.5605340987141012,0.9777063602800424,-0.6131168970480063,1,1
4,-0.4661207461198165,4,3,0,-1.335073147225036,-1.1761668863027313,0.6635282124214943,0.5224437903586971,1,5
0,0.22761455097771885,3,1,1,0.4487505919969422,-1.24851643273541,0.8016158165855721,0.6708647926584635,1,0
6,1.1525949471077659,4,2,0,1.5388650992992616,1.1205169979743246,-0.09391499125511335,-0.0666895749019323,1,2
0,1.3838400461402778,3,0,1,-0.1458573210770505,-1.050055689789472,1.0345184470071576,-0.1741547817557726,1,1
4,0.9213498480752542,5,1,1,1.6379664181449276,-0.3819096995584867,-0.17815227624657032,0.8042336650080177,0,1
7,-0.6973658451523282,2,2,1,1.5388650992992616,1.4995927226516517,-1.2977388763590534,0.9211502092724564,0,2
5,1.6150851451727894,4,3,1,1.4397637804535965,1.037328826742094,0.04440339999113289,-1.3779751282390196,1,5
10,-1.6223462412823755,5,3,0,1.4397637804535965,1.1325292318286053,1.5040547656787169,-1.4507854312539992,1,2
5,1.3838400461402778,5,2,0,1.3406624616079306,0.6248915387884387,0.7653822446851372,-0.18710661450362956,1,0
3,1.3838400461402778,5,1,1,1.1424598239166004,-1.1133960608314402,-1.1177634167814154,-0.7240825992391052,1,0
6,1.3838400461402778,1,2,0,0.6469532296882728,1.0750396471035926,0.5592509157950833,0.8906958998383062,0,4
5,-0.92861094418484,4,1,0,-1.632377103762032,-0.3819269585151739,1.0248638540697805,-0.6033155101036821,1,3
1,-0.6973658451523282,2,2,0,-1.2359718283793704,0.04153880276159242,-1.6508431120766676,-1.150092881783482,1,4
3,0.9213498480752542,5,2,1,-1.2359718283793704,-1.6999417038454157,-0.7241560481432514,1.228843749417491,0,0
9,0.45885965001023066,5,1,1,-1.632377103762032,0.8921292241328082,1.3815837540746991,0.6512620187698152,1,5
1,0.45885965001023066,5,1,0,-1.335073147225036,0.719988390134827,-1.7156173531385916,-0.861302016459644,1,0
7,-0.6973658451523282,5,0,0,1.4397637804535965,0.10960812793584927,-1.0706059229916776,1.0443676451439605,0,1
8,-0.2348756470873047,3,3,0,0.5478519108426073,0.8898337828934125,-0.0072929064145831725,1.1283795332381679,0,3
10,-0.92861094418484,0,0,1,-0.6413639153053777,0.3742742287338282,-0.5471423561201076,-0.7720393853595486,1,1
3,-1.6223462412823755,1,3,0,1.0433585050709344,1.5778275733146603,-0.7965847274304265,1.7252139882407664,0,5
4,1.3838400461402778,2,1,0,-0.04675600223138495,1.33609862595395,0.5942151587435922,1.3065547459046327,0,3
7,1.3838400461402778,3,0,0,-1.2359718283793704,-0.4434723980616749,-0.43340278912479335,-1.2131017978541374,1,0
3,-0.6973658451523282,2,1,0,1.3406624616079306,0.5777055512056755,0.5205556150181858,0.8976968905128235,0,1
8,-0.2348756470873047,1,0,1,-0.5422625964597122,1.119326129962909,-0.4497502074450533,-0.6803264075233721,1,5
5,0.45885965001023066,2,1,0,0.6469532296882728,-0.3310130362879787,-0.29608447523461007,0.44368264527037765,1,0
0,0.45885965001023066,4,1,1,-0.7404652341510432,1.0574700291960386,-0.8043160946830671,0.9498542710379773,0,3
9,-0.4661207461198165,4,1,1,0.05234531661428013,-1.2679845358785544,-0.8008158239368468,-1.6363116841287073,1,5
3,-0.6973658451523282,0,3,0,1.1424598239166004,-0.5055701242221657,1.2040315588598292,0.23855361850702125,1,3
10,-0.92861094418484,5,1,1,-1.2359718283793704,0.002982293522421574,1.4947078888508978,-0.49410005558121245,1,1
3,-1.3911011422498636,5,1,0,1.6379664181449276,0.3395492078792124,0.7701903088969784,-1.1297900088273818,1,0
9,-0.92861094418484,3,1,0,-1.5332757849163667,1.0456649028220042,0.773921366725367,0.8875454540347735,0,1
1,1.6150851451727894,2,2,0,0.15144663545994566,-0.3199327860948061,-0.46302046466973484,-0.8357484004976559,1,2
5,0.45885965001023066,3,3,0,1.4397637804535965,-0.15997677551797732,0.9529352134606368,-0.11079581615139118,1,0
1,0.45885965001023066,3,2,1,1.5388650992992616,-1.6859446899721087,1.4812837735714373,-0.8206962705474438,1,1
4,-1.159856043217352,2,1,0,-0.9386678718423742,0.9802016801075122,-1.5183328623983254,-0.42304000023486205,1,4
4,0.45885965001023066,0,0,1,-1.2359718283793704,0.49149706255318737,-0.28473744369466497,0.7559268293538485,0,2
3,-1.6223462412823755,3,1,1,0.7460545485339384,-1.4584198639649515,-1.1357648091905488,-1.1798470921501802,1,0
6,-0.0036305480547929366,0,2,0,-1.632377103762032,1.5962256211431993,0.8963539138156902,-0.7363343329195104,1,4
7,-0.6973658451523282,3,3,1,-0.04675600223138495,0.2124369918780963,-0.3803602247397618,0.9834590262756602,0,4
9,1.1525949471077659,3,2,1,1.0433585050709344,1.0088860661216132,-1.3717830652214071,1.063620369498883,0,0
7,-0.92861094418484,2,3,1,0.25054795430561116,0.8520711856618522,0.792961301004258,-0.5553587239832387,1,5
2,-0.0036305480547929366,3,1,0,-1.0377691906880393,0.9296501959707479,0.7938459848192368,1.3818153956556936,0,4
8,-0.2348756470873047,4,3,0,-0.04675600223138495,1.0473907984907227,-1.4810992131418277,-0.11219601428629464,1,3
3,-1.3911011422498636,0,1,1,1.4397637804535965,0.024659543121525684,-1.4517892537064438,-0.7968929022540849,1,5
9,-1.6223462412823755,1,2,0,0.4487505919969422,0.023123495976366235,0.820809608919242,1.1052762640122609,0,2
7,0.9213498480752542,2,3,0,0.7460545485339384,1.4493173818218823,-0.3685516190354799,0.9123989709293098,0,5
8,0.6901047490427424,2,3,0,-0.5422625964597122,1.071708668462966,-1.3100475207413669,1.700010421812504,0,3
5,-0.92861094418484,5,1,1,-1.0377691906880393,-0.7925175381033003,0.8257330666721673,-1.6258101981169313,1,3
5,-0.0036305480547929366,3,0,0,-0.8395665529967087,1.4532696829032477,0.07890606877530498,1.5827438280143395,0,4
10,0.9213498480752542,2,1,0,0.15144663545994566,0.9926626468356596,1.5169403777664512,-1.0433277739970934,1,2
10,-1.3911011422498636,5,2,0,-0.7404652341510432,-0.6441768053769469,0.7081085837936854,0.630959145813715,1,1
9,-1.159856043217352,5,3,1,0.15144663545994566,0.41483277694871246,-1.0484503631035134,-0.9631664307738704,1,3
1,0.9213498480752542,3,0,0,0.7460545485339384,0.10997056602628015,0.8776986246737465,-1.257908138171048,1,3
0,-1.6223462412823755,3,0,0,0.8451558673796035,0.39191288246813105,1.1569894586111753,1.1133274032879559,0,0
10,-1.6223462412823755,5,1,0,-1.1368705095337048,-0.5037579337700113,-0.580606483034522,1.563841153193143,0,1
2,1.1525949471077659,0,0,0,0.8451558673796035,-0.7554798170526017,0.7742675473486197,1.6461027936187211,0,0
8,-1.159856043217352,0,0,0,0.6469532296882728,0.5370607082073553,-0.2987385266795464,-1.1826474884199873,1,2
10,0.6901047490427424,5,1,1,-1.7314784226076976,-0.36775735507499513,1.252496846115188,0.7524263340165899,0,0
4,-0.6973658451523282,4,0,0,-1.5332757849163667,0.581588816460292,-1.1771526259260774,0.7265226685208759,0,2
0,0.9213498480752542,5,2,1,0.5478519108426073,1.5917037744911569,-1.5924539802880686,-1.3583723543503712,1,5
7,-1.159856043217352,5,0,0,-0.44316127761404706,0.5220626748461916,0.5100163382658299,1.4087692097525852,0,3
8,-1.6223462412823755,4,3,1,-1.2359718283793704,-0.9423252821480643,-1.211155256032218,0.654062415039622,1,5
7,-1.6223462412823755,0,0,1,-1.5332757849163667,0.6900786181959356,-0.5130243324728828,1.7010605704136816,0,1
9,-0.0036305480547929366,0,1,1,-1.1368705095337048,1.056123830574438,0.30877000261500676,-0.13424913491102408,1,1
6,0.45885965001023066,3,3,1,1.6379664181449276,-1.486034194664447,-1.65403566671333,0.9568552617124946,0,2
4,0.6901047490427424,2,2,0,0.7460545485339384,1.413436010869225,0.8973155266580584,1.54038783443351,0,2
8,0.9213498480752542,1,2,0,0.05234531661428013,1.4445021329061578,0.21210867970015224,0.31801486266279244,1,2
4,1.1525949471077659,5,3,1,1.5388650992992616,0.8781494692161884,1.02632550559018,1.0853234405898866,0,5
8,1.1525949471077659,5,2,0,0.4487505919969422,1.2539287331662632,-1.469559859033409,0.8350380239758938,0,4
8,0.9213498480752542,4,1,0,0.7460545485339384,-1.358818424923208,-0.6398802986380998,-1.3853261684472626,1,5
2,1.6150851451727894,1,0,1,-0.7404652341510432,-0.1954266725534549,0.742111213899826,1.6674558151759988,0,4
9,1.3838400461402778,1,1,1,0.3496492731512767,-1.5309247410078148,1.1206020286559615,-1.1595442191940801,1,4
9,-1.3911011422498636,1,3,0,-1.2359718283793704,0.6746145930042181,0.2743057983445294,1.3657131171043038,0,3
10,1.1525949471077659,5,0,1,-0.3440599587683815,1.2787471128824348,-0.534872176251489,-1.100735897528135,1,1
1,-1.159856043217352,1,3,0,-1.632377103762032,-1.1510378453661902,-0.8344338089060401,-0.6509222466903996,1,1
9,-1.3911011422498636,3,0,1,-0.9386678718423742,0.7788069145247527,0.5957922038050761,1.6044468991053433,0,4
7,-1.159856043217352,3,2,0,-1.4341744660707012,-1.3881068744213605,1.7258411516425256,-0.639370612077446,1,4
6,-0.2348756470873047,2,0,0,-0.3440599587683815,-1.086023355525565,0.8483117362109733,-0.2238618155448453,1,1
5,-1.6223462412823755,2,0,1,1.2415611427622655,-1.2739561348923203,1.2439192595612634,0.33516728981535976,1,3
6,0.45885965001023066,5,2,1,-0.44316127761404706,-1.4925408213355158,-0.2530426844102081,-1.072731934830066,1,5
0,-0.0036305480547929366,0,1,1,1.1424598239166004,-1.0987086886906459,-1.1522660855655875,-1.4626871154006786,1,5
1,1.1525949471077659,2,2,1,0.5478519108426073,0.3616751903521833,0.11629357608658178,1.0013115524956793,0,4
6,0.45885965001023066,0,3,0,0.05234531661428013,-0.563215039557363,0.7276870212643026,-0.49970084812082627,1,0
5,0.45885965001023066,1,3,0,-0.9386678718423742,0.5307094121464713,-0.3808602634177933,0.7048195974298723,0,4
10,0.45885965001023066,5,3,0,1.4397637804535965,-0.5339265900592104,-1.6664981691504224,0.48673873791865896,1,5
3,1.3838400461402778,3,3,0,-1.5332757849163667,1.020449567102027,0.3067313833891861,-1.698620501131911,1,2
8,-1.3911011422498636,3,2,0,0.6469532296882728,-0.8126069636871834,1.6105245395857275,-1.6440127738706762,1,1
1,-1.159856043217352,3,1,0,0.4487505919969422,0.3697351231250986,-1.3646671301878823,1.3289579160630882,0,4
7,0.22761455097771885,3,1,1,-0.24495863992271602,-1.2256137972115158,1.453781646279706,-0.8049440415297798,1,5
1,-0.2348756470873047,1,3,0,-0.9386678718423742,0.2340452056504517,1.4873227022215096,0.6075058270540821,1,1
2,-0.92861094418484,2,0,1,-0.24495863992271602,-0.6096243740892029,0.2127241119192679,-1.1133376807422661,1,2
4,0.45885965001023066,1,3,0,1.3406624616079306,0.4258785092285107,1.519517500183998,0.10203430035393422,1,2
2,-0.6973658451523282,3,2,0,1.1424598239166004,1.1174966805540674,1.6425654794934368,0.37052229272167203,1,4
4,-1.3911011422498636,5,1,1,1.5388650992992616,1.000549990041703,0.9009696554590577,0.18849653518422269,1,3
4,1.1525949471077659,2,3,1,-0.6413639153053777,1.4680778677408521,1.2870379794130546,-1.7049213927389766,1,0
9,0.6901047490427424,0,1,0,-0.3440599587683815,0.8724022366393559,-1.125340925979277,-0.08804259645921002,1,1
9,1.1525949471077659,5,3,0,-1.632377103762032,0.9868291194753912,0.735726104626501,-1.1332905041646404,1,4
1,-0.0036305480547929366,5,3,0,1.5388650992992616,-0.4892949280661505,-0.8130475392917706,-0.9691172728472102,1,5
10,-0.92861094418484,0,0,1,-0.5422625964597122,1.253997768993012,-1.107339533570144,0.424779970449181,1,1
8,0.22761455097771885,5,1,1,-0.3440599587683815,-0.9042002468260731,0.9847069017724831,0.6474114738988306,1,2
3,-0.6973658451523282,3,3,1,1.4397637804535965,0.1425036993816235,-0.009677706263656383,1.4675775314185304,0,5
2,1.1525949471077659,0,0,0,0.05234531661428013,-1.6790238483405475,0.38396812688820237,1.6478530412873504,0,4
7,0.22761455097771885,4,1,1,0.25054795430561116,0.31485164085985096,-1.674652646053705,0.1433401453335862,1,4
2,-0.92861094418484,4,3,0,-1.1368705095337048,1.458723513216398,-1.539411415903037,-1.0590800030147571,1,4
6,0.45885965001023066,5,3,0,-0.04675600223138495,-0.20661047648675065,0.7806526566219447,-1.1077368882026524,1,0
3,-0.6973658451523282,3,3,0,1.4397637804535965,1.3279006215275373,0.006323531433350968,0.33761763655144084,1,2
1,0.22761455097771885,5,3,1,0.25054795430561116,0.2965053699013735,-0.016755176783486557,-1.644362823404402,1,5
2,-0.0036305480547929366,4,1,1,-0.8395665529967087,-0.12181722228261173,0.3071929575535228,-0.19865824911658309,1,2
6,-1.159856043217352,4,2,1,-1.632377103762032,-0.05697532200885842,1.6772989353597774,0.6495117711011857,1,5
5,-1.6223462412823755,3,0,1,-0.5422625964597122,1.6964311236689942,0.9672055480413814,1.149032455727994,0,1
1,-1.159856043217352,0,3,1,0.25054795430561116,-1.4929550362960082,-1.1751909357276462,-0.06738967396938403,1,5
8,-0.92861094418484,1,1,0,-1.632377103762032,1.2416403560049876,0.444242019847843,0.13073836211945508,1,5
9,-1.3911011422498636,3,1,1,0.3496492731512767,0.5914436807286746,1.5170557713075354,0.29141109809962673,1,3
5,-1.6223462412823755,5,2,1,0.05234531661428013,-0.9308998528211481,0.7424573945230786,0.03727513661464936,1,0
2,-0.2348756470873047,0,3,1,0.9442571862252694,1.1505475826100262,1.204762384620029,0.7849809406530952,0,5
10,-0.0036305480547929366,5,3,0,-1.632377103762032,1.5074973248143821,-0.6944229790572258,-0.6029654605699561,1,2
1,-0.2348756470873047,4,2,1,0.9442571862252694,-1.3350701005216417,1.7125324299041493,1.5438883297707688,0,0
2,1.3838400461402778,2,3,1,0.05234531661428013,0.6581322893679566,1.233187660240434,1.243895879367703,0,3
4,-0.6973658451523282,5,0,0,-0.44316127761404706,-0.9372856667954064,1.094676946425714,-1.4952417220371839,1,3
2,0.9213498480752542,2,1,0,1.6379664181449276,0.3582406579714335,1.3140400680267545,-1.497692068773265,1,3
3,-1.6223462412823755,2,0,0,-1.1368705095337048,1.59413728738405,-0.3537812457767039,1.2939529626905018,0,4
7,-0.2348756470873047,0,1,0,0.15144663545994566,0.2964881109446863,0.47574445656382625,-0.15700235460320525,1,0
8,1.1525949471077659,4,0,0,-0.6413639153053777,0.8840347734465185,0.5082854351495671,-0.2466150352370265,1,0
7,-0.2348756470873047,2,3,1,0.05234531661428013,0.3580508094478745,-0.3698594125011007,-0.5189535724757488,1,2
3,0.22761455097771885,1,0,1,0.15144663545994566,-0.577971447524906,-1.2830838966413616,1.3104052907756174,0,3
9,-1.159856043217352,2,3,1,-1.4341744660707012,1.3854592420792986,-0.5369107954773097,0.6148568672623252,1,5
6,0.22761455097771885,0,0,0,0.5478519108426073,-0.8436558267674289,0.7731136119377777,-1.2876623485377465,1,4
0,1.3838400461402778,4,2,1,0.4487505919969422,-0.34813392132166604,-0.488714759817814,-0.7842911190399539,1,3
3,-1.6223462412823755,2,1,0,0.9442571862252694,-1.4134775407515223,-0.11672444787608778,0.9495042215042514,0,5
0,-1.6223462412823755,0,0,0,-1.4341744660707012,1.2380332340573659,-1.1517275823738613,0.4538340817484277,1,4
3,1.3838400461402778,0,2,1,-0.7404652341510432,0.39441543118777284,1.0489426396426809,-0.5042514920592625,1,4
5,-0.92861094418484,3,0,0,0.5478519108426073,0.8409218996419309,0.6197171313231977,-1.2677095251153723,1,0
2,0.22761455097771885,5,0,0,-1.2359718283793704,0.6860227633744472,-1.1030699725500288,1.1896382016401943,0,3
0,-0.4661207461198165,2,2,0,0.6469532296882728,-0.4534480750268677,0.4223557115555421,-0.9929206411405689,1,2
2,1.1525949471077659,4,1,0,-1.5332757849163667,-0.24899847411047651,-0.5364107567992782,-0.7226824011042018,1,0
0,0.6901047490427424,5,2,0,-0.5422625964597122,-0.5385865083647503,-1.0944539214824096,-0.9530149942958204,1,4
6,-1.159856043217352,5,0,1,1.2415611427622655,0.8213675017153504,0.6113318673377467,1.3895164853976627,0,3
1,-1.6223462412823755,4,3,1,0.9442571862252694,0.24213965633674137,1.1759909283763714,1.1164778490914886,0,2
6,-0.92861094418484,3,1,0,0.5478519108426073,-1.3017257962020006,1.4107783199689987,-0.06493932723330298,1,4
6,0.9213498480752542,5,2,0,1.2415611427622655,-0.6037390698588729,-1.6823840133063455,1.1878879539715648,0,2
9,1.1525949471077659,2,3,0,0.7460545485339384,0.06081705738117784,-1.307585791864904,1.5267359026182015,0,0
0,0.22761455097771885,5,2,0,0.05234531661428013,-1.0674182002167798,0.04140316792294401,-1.5277963286736893,1,4
8,-1.159856043217352,2,0,0,1.6379664181449276,1.6308643472143791,0.35581210286366055,0.22525173622543843,1,2
2,0.9213498480752542,2,3,0,0.6469532296882728,-1.3502579824063643,1.6847610510165547,0.02327315526561479,1,1
5,0.22761455097771885,2,2,0,0.3496492731512767,0.17199925636002233,-0.6467269820757615,-0.3813841057214842,1,0
4,-0.2348756470873047,3,1,0,-0.3440599587683815,1.3319909942624,-0.8573971235817934,-0.1626031471428191,1,0
9,0.9213498480752542,4,2,0,1.4397637804535965,-0.18667638151305221,0.46339734766781815,0.038325285215826954,1,4
8,1.3838400461402778,5,1,0,-0.7404652341510432,0.007158961040720295,1.118948054567088,-0.9995715822813603,1,4
6,1.6150851451727894,1,2,1,-1.7314784226076976,-0.27038232144589847,1.3994697529427482,-0.5914138259570026,1,0
8,-0.92861094418484,4,3,0,-1.0377691906880393,-1.5182048899293596,0.9717828251710542,-0.49024951071022793,1,1
3,-1.159856043217352,4,2,0,-1.335073147225036,1.6719924409999405,-0.8432806470558278,1.6352512580732192,0,5
0,0.45885965001023066,1,0,1,-0.6413639153053777,0.977008773120383,0.2825756687888962,1.1108770565518749,0,0
7,1.6150851451727894,1,1,0,1.1424598239166004,-1.7277631420251574,1.5096705846781473,-0.6817266056582756,1,5
2,-0.6973658451523282,2,0,0,0.5478519108426073,1.492809952673588,0.844388355814111,-0.24696508477075235,1,0
9,-0.6973658451523282,0,0,1,-1.1368705095337048,-0.6467138720099631,-1.4206329976137133,-1.4679378584065665,1,0
5,-1.159856043217352,2,3,0,1.0433585050709344,-1.1693841163246677,-1.417401978463356,1.5029325343248425,0,2
2,0.9213498480752542,1,1,1,0.05234531661428013,-1.2827409438460973,-0.5721827545353764,-1.5666518269172602,1,5
4,0.22761455097771885,5,3,0,0.05234531661428013,1.2847014529395135,-0.43536447932322453,-1.11893847328188,1,1
8,-0.92861094418484,0,1,0,-0.44316127761404706,1.1625080395942453,0.7972693265380677,-1.4315327068990766,1,1
0,0.6901047490427424,4,0,1,1.2415611427622655,-1.3680174488374774,0.9169324286423702,1.4689777295534339,0,5
7,-0.6973658451523282,4,3,0,-0.6413639153053777,-0.2496888323779639,-0.6679978581489469,-0.7856913171748573,1,2
9,-0.92861094418484,2,3,0,-1.4341744660707012,0.0227092810158738,0.21118553137147875,0.4947898771943538,1,4
2,-0.6973658451523282,0,3,1,-0.6413639153053777,0.05500078897759656,1.4684366259973978,0.8479898567237508,0,3
3,-0.2348756470873047,3,1,0,0.7460545485339384,-0.8038739316034679,-1.17676798078913,-1.3979279516613938,1,0
1,0.22761455097771885,4,1,0,0.5478519108426073,0.047424106991922434,1.7022624047476567,-0.7174316580983138,1,1
5,-0.2348756470873047,2,1,0,-1.0377691906880393,1.5165927949885287,1.543942466380151,1.2718998420657723,0,3
1,1.1525949471077659,3,3,1,-1.335073147225036,0.44041055075912033,1.3067702749384509,-1.3335188374558347,1,4
0,-0.6973658451523282,1,2,1,0.5478519108426073,-1.1954106230089423,-0.36228190330323906,0.9768080851348688,0,5
7,0.45885965001023066,4,3,1,0.6469532296882728,-0.45866027994639746,0.9220097444500746,0.6729650898608187,1,2
7,0.45885965001023066,2,2,0,-0.44316127761404706,0.5473297874362302,0.7905380366414901,0.00542062904559572,1,3
3,-0.2348756470873047,0,3,1,1.1424598239166004,1.189000538109074,-0.21661678994129954,1.5893947691551311,0,5
0,1.3838400461402778,1,3,1,1.6379664181449276,-0.0541621120688473,-0.32839466673818263,-1.6664159440291315,1,5
2,1.6150851451727894,3,0,1,-1.0377691906880393,-0.7944332822955777,0.2581507025927431,1.3104052907756174,0,4
4,0.45885965001023066,5,3,0,0.25054795430561116,-0.8597239154431979,1.4952079275289292,1.4549757482043992,0,3
9,-0.6973658451523282,0,2,1,-1.7314784226076976,-1.5562263715112277,0.5831758433132049,-0.4422927245897845,1,5
6,-1.159856043217352,5,1,1,0.7460545485339384,1.572391001958197,0.12487116264050639,-0.16575359294635186,1,0
3,-0.2348756470873047,0,2,0,-0.3440599587683815,-0.5752963092383924,-1.5939925608358578,-0.9278114278675581,1,4
1,1.1525949471077659,1,1,0,-1.0377691906880393,0.03499765817714938,1.4871303796530362,-0.44019242738742936,1,0
8,0.6901047490427424,1,0,1,0.8451558673796035,0.6351433590606265,0.5504040776452956,1.3128556375116984,0,2
4,0.6901047490427424,3,3,1,1.0433585050709344,1.188448251495084,0.6850298755768479,1.241445532631622,0,5
1,-1.3911011422498636,1,1,1,-1.335073147225036,-0.8828681763607127,0.8404265109035539,0.8906958998383062,0,5
1,1.6150851451727894,4,3,0,-1.632377103762032,0.1844257051747954,-0.7335029249710706,-1.0429777244633676,1,5
2,0.9213498480752542,4,2,0,-0.5422625964597122,0.6814836577657176,0.571367237608923,-0.8728536510725975,1,5
1,0.22761455097771885,5,1,1,0.4487505919969422,1.5035795416463913,1.6736448065587781,1.2782007336728378,0,5
2,0.45885965001023066,3,3,1,1.0433585050709344,1.3607271571465627,0.12702517540741123,-0.20670938839227795,1,1
3,0.45885965001023066,1,3,1,0.15144663545994566,-1.6473709217762507,1.1484888010846401,1.6916092330030834,0,4
3,0.9213498480752542,2,0,0,0.25054795430561116,-0.2805996238047119,0.39762302924983123,-1.170395754739582,1,2
2,-1.6223462412823755,0,1,1,1.0433585050709344,-0.6207909190658115,1.6239101903514932,0.03482478987856831,1,1
2,1.1525949471077659,3,1,1,0.15144663545994566,-0.23298216230476904,-1.7203484883230433,0.6211577588693908,1,3
2,-0.4661207461198165,3,0,1,0.3496492731512767,-1.6698593423396524,-0.8261639384616734,0.31311416919063034,1,3
6,-0.2348756470873047,4,3,0,0.05234531661428013,-0.045515374768567714,-1.5114092499332743,0.27075817560980076,1,4
2,1.3838400461402778,4,0,0,1.3406624616079306,-1.5637685355835276,0.6601048707026633,1.1392310687836698,0,4
1,1.1525949471077659,4,0,1,-0.9386678718423742,0.18730795094155525,1.4882458505501832,0.8476398071900249,0,2
6,-0.0036305480547929366,4,2,0,-0.8395665529967087,-0.36244159641534224,0.07429032713193748,0.5581488427987352,1,4
0,0.45885965001023066,5,2,0,-1.335073147225036,0.8455818179474708,-1.1827299804118132,0.9446035280320892,0,0
2,0.22761455097771885,1,1,1,1.1424598239166004,-0.11384358429313235,-0.13649520791517858,-1.497692068773265,1,2
10,-1.3911011422498636,3,0,0,-0.3440599587683815,-1.67122279991794,-0.02052469912557002,-1.400028248863749,1,4
6,0.6901047490427424,4,3,0,-0.5422625964597122,1.1341343148005134,0.1400261810362297,1.430122231309863,0,3
3,0.45885965001023066,3,3,0,1.6379664181449276,1.5084465674321774,0.272228714605014,-1.2638589802443878,1,1
1,-1.3911011422498636,3,0,0,1.4397637804535965,-0.4957670368238448,1.3126938100474392,0.7335236591953932,0,4
7,-0.6973658451523282,0,1,1,1.6379664181449276,1.7110494599830397,-1.1969233859651682,0.41917917790956716,1,3
7,1.1525949471077659,4,0,1,-1.2359718283793704,-0.5784029214420856,-0.9175940875140447,-0.6064659559072149,1,1
1,-0.6973658451523282,1,0,1,1.3406624616079306,-0.9160398911134819,-1.0374495121868208,-0.27216865119901457,1,3
2,-0.4661207461198165,4,3,1,-0.5422625964597122,-0.8994885516504717,0.05686590242822515,1.6657055675073695,0,4
0,-1.159856043217352,1,3,0,-1.7314784226076976,-1.442507105899367,1.6790683029897349,1.2501967709747688,0,5
9,-0.0036305480547929366,3,1,0,-0.3440599587683815,-0.1561452871334223,1.7160327006503697,-1.2071509557807978,1,2
9,1.1525949471077659,5,1,0,0.05234531661428013,0.5947228824992397,0.4439727682519799,0.401676701223274,1,5
5,-1.6223462412823755,5,0,1,-1.335073147225036,0.021311305524211833,1.020248112426413,0.28931080089727157,1,3
5,-0.4661207461198165,4,3,0,0.15144663545994566,1.3223087195608894,-0.9410189763541348,-0.6187176895876201,1,2
5,-0.92861094418484,0,1,0,1.1424598239166004,-1.5302516416970147,-0.1873452950196106,0.13598910512534304,1,4
2,-1.6223462412823755,3,3,0,-0.44316127761404706,1.7083398037831519,1.0472117365264182,-1.0037721766860708,1,3
1,1.6150851451727894,2,1,1,-0.5422625964597122,0.7740434424790897,-1.0345262091460214,1.4882304539083564,0,0
0,-0.2348756470873047,3,3,1,-0.5422625964597122,1.1851172728544572,-0.6351876279673428,-1.694069857193475,1,3
7,0.22761455097771885,2,3,1,1.4397637804535965,1.088501633319597,0.16748984381426635,0.33831773561889256,1,3
7,1.1525949471077659,3,0,0,-1.5332757849163667,0.6679871536363391,0.9118166483209713,0.6939680618843705,0,0
8,-0.92861094418484,3,1,0,-0.1458573210770505,-0.384274176624631,-1.518948294617441,-0.8655026108643543,1,5
1,-0.92861094418484,2,3,1,-0.8395665529967087,-1.0705075534637858,0.3641204378217221,1.319156529118764,0,2
7,-0.4661207461198165,3,1,1,1.3406624616079306,0.5110169425663934,-0.9269024998281691,-0.13354903584357236,1,4
7,0.9213498480752542,0,2,1,-1.4341744660707012,-0.4879314704878629,-1.4717908008277032,-0.7387846796555915,1,4
9,1.6150851451727894,3,2,1,-0.3440599587683815,0.11942847429085743,-1.5589513888599595,0.21194985394385557,1,5
6,-1.159856043217352,5,0,0,-0.3440599587683815,-1.125149410335413,-1.3208945136032804,0.5760013690187543,1,3
2,1.1525949471077659,3,0,0,1.3406624616079306,0.9873641471326939,-0.7985848821425525,1.0142633852435363,0,1
5,0.9213498480752542,0,2,1,-0.9386678718423742,1.6648644918881332,-0.2403878594046422,1.277500634605386,0,0
5,-0.4661207461198165,1,3,1,0.5478519108426073,-0.6553606093102426,0.5667130314518608,0.06002835630683053,1,3
6,-0.2348756470873047,4,3,0,-1.2359718283793704,1.687352912451535,1.1899150823338636,0.6138067186611477,1,4
5,0.6901047490427424,4,3,0,1.5388650992992616,1.1787832357502606,-0.4051698360728621,0.7247724208522466,0,5
10,0.45885965001023066,0,2,1,0.3496492731512767,0.6256164149693004,0.11825526628501297,0.05162716749740979,1,2
7,0.45885965001023066,5,1,1,0.4487505919969422,0.7425631054816647,-0.9459424341070601,0.38032367966599623,1,0
0,-1.159856043217352,4,3,1,-0.24495863992271602,-1.0408394069185152,0.1616047732189728,1.4826296613687424,0,4
6,-0.2348756470873047,3,2,1,-0.5422625964597122,-0.3228840676883147,1.1183710868616672,-1.6954700553283784,1,3
10,1.3838400461402778,0,1,0,-1.0377691906880393,-0.14939703506873303,-0.06195098037479338,0.6974685572216291,0,2
5,-1.159856043217352,1,1,0,0.3496492731512767,0.488942736963484,0.049865360935784434,0.6533623159721703,1,5
4,1.1525949471077659,5,1,0,1.5388650992992616,0.43818414534647354,-1.48925369004511,0.7275728171220535,0,4
9,1.1525949471077659,3,1,0,-0.44316127761404706,0.9764047096363315,-0.2521580005952293,1.350310937620366,0,4
10,-1.3911011422498636,4,1,0,1.3406624616079306,1.6392694591210382,0.3941612230173056,-0.7352841843183329,1,1
9,0.9213498480752542,1,3,0,-1.2359718283793704,0.9343791501030365,-0.2530426844102081,-1.456036174259887,1,5
0,1.3838400461402778,5,3,1,1.5388650992992616,-1.1185737478375954,-0.6901534180371108,0.4121781872350499,1,1
4,0.45885965001023066,4,0,1,-0.5422625964597122,0.8188476940390215,-1.5117554305565268,1.058719676026721,0,3
10,-0.92861094418484,3,1,0,-0.44316127761404706,-0.5469398434013477,0.9535506456797525,0.5746011708838509,1,3
5,0.9213498480752542,4,2,0,-0.1458573210770505,-0.845537053046332,0.27845996582356014,0.6985187058228067,0,5
5,-0.0036305480547929366,0,0,1,0.7460545485339384,0.13280416572342565,-0.6785755994149973,0.1433401453335862,1,5
6,1.1525949471077659,4,2,1,0.7460545485339384,-0.5669257152451077,-0.7838914379111659,-1.3608227010864522,1,0
8,1.6150851451727894,1,3,0,-0.04675600223138495,1.3380488880596018,-0.10153096496666973,-1.2047006090447168,1,0
0,0.22761455097771885,1,1,1,0.05234531661428013,1.5592224180058751,-0.55675848454379,1.068871112504771,0,5
2,-0.2348756470873047,2,3,0,-1.632377103762032,-0.58843037527734,-0.19003781097824166,0.1324886097880844,1,5
10,-1.6223462412823755,5,0,0,-0.6413639153053777,1.5776377247911013,0.509593228615188,0.7874312873891762,0,2
2,-1.159856043217352,1,0,0,-0.5422625964597122,-0.3832213802667127,-0.2660821545527213,-0.7195319553006689,1,5
8,1.1525949471077659,2,3,0,0.25054795430561116,1.61301858599983,1.5964080630597617,1.0954748770679368,0,1
8,0.9213498480752542,0,2,1,0.25054795430561116,1.641392310793562,0.0984075772185327,1.6863584899971955,0,5
3,1.3838400461402778,4,2,1,0.7460545485339384,-0.8278811403553419,-1.6299568811404297,1.5771430354747258,0,5
8,0.22761455097771885,2,0,0,0.7460545485339384,0.17686628214580843,1.2479195689855151,-0.0022804606963732917,1,4
0,1.6150851451727894,4,1,1,-0.9386678718423742,1.2303357393748815,-0.6891148761673531,0.4947898771943538,1,3
9,0.9213498480752542,3,3,0,0.9442571862252694,-1.3447005983530909,-1.687730580709913,-0.6824267047257274,1,2
3,-1.6223462412823755,1,3,1,-1.632377103762032,-1.367413385353426,-0.7697749613852003,0.45733457708568637,1,5
7,0.22761455097771885,1,2,1,0.7460545485339384,0.2760535062270595,-0.38205266334232985,-0.9978213346127309,1,0
3,-0.0036305480547929366,3,1,1,-1.335073147225036,-0.589828350769002,-0.15038089735897583,0.4804378463115934,1,1
4,-1.6223462412823755,5,2,0,0.8451558673796035,0.6917354780379055,0.20645439618702704,-0.10554507314550322,1,0
9,-0.4661207461198165,3,0,0,0.05234531661428013,0.9307892871121021,-1.0771064258060867,1.4871803053071788,0,5
10,-0.6973658451523282,1,0,1,-0.24495863992271602,-0.2549528141675553,1.4695905614082396,1.432572578045944,0,0
2,-0.4661207461198165,2,3,1,0.6469532296882728,0.15641441847149445,-0.6890764116536584,1.1252290874346351,0,5
10,0.45885965001023066,3,3,0,-1.632377103762032,-0.9076692971201973,1.0060547068730579,0.3827740264020773,1,4
2,0.9213498480752542,3,1,0,-0.9386678718423742,0.9881580591403044,-0.16130481924827894,0.6267585514090046,1,2
5,1.1525949471077659,4,0,1,0.4487505919969422,0.2796606281746811,0.5376338590986456,0.7034193992949689,0,5
1,1.1525949471077659,3,3,1,1.2415611427622655,1.5104486064078908,-0.712155119870496,-0.7135811132273293,1,2
1,1.1525949471077659,1,1,0,-0.44316127761404706,-0.05081387447153345,0.49155337169235996,-1.3517214132095796,1,4
10,1.6150851451727894,0,3,0,-0.8395665529967087,-0.13553809284892365,1.6674904843676213,1.2634986532563515,0,3
1,-0.6973658451523282,4,3,1,0.05234531661428013,1.5998845199608824,-0.7181940485205685,-1.1164881265457989,1,3
5,-0.4661207461198165,1,0,0,0.4487505919969422,1.1879477417511557,0.7659592123905581,-0.5875632810860182,1,5
10,-0.6973658451523282,0,0,1,-0.24495863992271602,-0.359058840904654,-0.3865914759583079,0.013471768321290595,1,5
8,0.6901047490427424,0,3,0,1.3406624616079306,0.04119362362784872,0.5423265297694025,1.4329226275796698,0,3
0,0.9213498480752542,3,2,1,0.05234531661428013,-0.8951220356086139,0.7133012931424738,-0.13039859004003956,1,2
2,-0.6973658451523282,5,2,1,-1.632377103762032,1.5681452986131497,-0.4815218957568996,-0.27321879980019215,1,3
3,-0.92861094418484,1,2,1,-0.9386678718423742,0.41652415470405657,0.694107500808804,0.6691145449898341,1,3
3,-1.159856043217352,1,1,1,-0.1458573210770505,-0.7005790758306668,1.221802164186794,0.7877813369229021,0,1
2,-1.159856043217352,1,1,1,0.6469532296882728,-0.3244373737901613,1.3623514972273345,-0.6309694232680253,1,3
5,-0.92861094418484,1,3,0,-0.9386678718423742,1.672769094050864,1.098946507445829,-1.3244175495789623,1,3
2,0.22761455097771885,1,3,0,1.6379664181449276,1.3642479843107485,0.33496433644111734,0.0029702823095146707,1,0
0,-1.3911011422498636,5,1,0,-0.6413639153053777,-1.4802524441742402,-1.7196176625628434,-0.24766518383820407,1,2
10,1.6150851451727894,4,2,0,0.15144663545994566,-1.1836572735049695,0.40993167363214456,-0.500400947188278,1,4
5,0.22761455097771885,0,0,0,-1.632377103762032,-0.7756382784632335,0.763843664137348,-1.7140226806158492,1,4
5,-1.6223462412823755,0,1,1,1.3406624616079306,0.8163451453193797,1.1431422336810728,-1.2397055624173032,1,2
5,1.3838400461402778,0,1,0,1.0433585050709344,-0.10191764522228765,-0.8730137161418535,-1.1374910985693507,1,4
10,1.6150851451727894,2,3,1,-1.0377691906880393,1.3226884166080073,-0.150073181249418,-0.47449728169256405,1,3
6,1.6150851451727894,4,3,1,1.5388650992992616,-1.227702130970665,-0.5671823677550616,0.9250007541434409,0,1
5,-1.6223462412823755,3,0,0,-0.6413639153053777,-1.4128217003974093,-1.372821607091165,0.9467038252344445,0,5
0,-0.6973658451523282,5,2,0,0.6469532296882728,-1.6566734994306433,-0.4021696040046732,1.3233571235234742,0,2
5,-0.4661207461198165,0,1,1,1.1424598239166004,0.2951419123230859,1.6697214261619155,-1.6356115850612556,1,2
4,-0.4661207461198165,5,3,1,0.8451558673796035,0.9316694939031486,-0.34028020146985394,1.7094617592231025,0,2
10,-1.159856043217352,5,3,0,1.4397637804535965,-1.4066775118167714,-0.40940093257928234,-1.6464631206067573,1,3
4,-0.2348756470873047,5,1,1,1.2415611427622655,1.449679819912313,-1.608455217985076,-0.7730895339607262,1,5
0,0.22761455097771885,3,0,1,1.7370677369905927,-0.11258368045496786,1.2195327578788049,-1.634561436460078,1,2
2,0.6901047490427424,0,0,0,-1.1368705095337048,1.4696139148860117,-1.3694367298860286,-0.40133692914385843,1,5
10,0.9213498480752542,1,3,0,-0.6413639153053777,-0.6886013598897606,1.2202635836390048,0.9537048159089617,0,5
10,0.45885965001023066,4,3,0,0.4487505919969422,0.6436520247074086,-1.1546893499283555,-0.2217615183424901,1,1
10,-0.0036305480547929366,1,2,0,0.8451558673796035,-1.1558185763685402,1.2167248483790898,0.5861528054968044,1,4
1,-0.4661207461198165,0,0,0,0.15144663545994566,0.795168405464204,-1.5806069100700921,-1.3468207197374176,1,2
4,0.9213498480752542,4,3,1,-1.4341744660707012,1.0114231327546295,-0.5507195558937175,0.22980238016387466,1,3
8,-0.0036305480547929366,3,3,0,1.1424598239166004,-0.5416240847416949,1.0160170159199928,1.3636128199019486,0,2
3,0.9213498480752542,2,2,0,1.6379664181449276,0.10824467035756168,-0.06218176745696175,-1.0597801020822089,1,4
10,-0.6973658451523282,1,1,1,-0.3440599587683815,1.4875459708839966,-0.3836681729175085,-0.45489450780391566,1,5
7,-0.0036305480547929366,4,3,0,-0.9386678718423742,-0.3216586817635245,-0.06772065742900277,0.922200357873634,0,1
0,0.45885965001023066,3,2,0,-1.632377103762032,0.5066159086111612,-1.3250486810823112,-1.19594937070157,1,5
5,0.9213498480752542,4,2,0,-0.9386678718423742,0.537405887341099,1.2721137480994997,-0.06458927769957712,1,4
8,-0.92861094418484,0,0,0,0.6469532296882728,0.9232988999098639,1.5494428918384975,0.15944242388497595,1,0
8,0.45885965001023066,0,2,1,1.4397637804535965,-0.7303335171593734,-0.8886303087019135,-1.6594149533546143,1,0
5,-0.0036305480547929366,4,2,1,-1.4341744660707012,-1.5741239095958384,-0.5883763148008574,-0.386984898261098,1,1
9,0.45885965001023066,0,3,1,0.15144663545994566,-1.2657926483792818,1.6746064194011463,-0.45489450780391566,1,2
2,0.9213498480752542,1,2,0,0.6469532296882728,0.831964501121282,-0.4466730463494749,1.3716639591776436,0,2
6,-1.3911011422498636,0,2,0,-0.7404652341510432,0.6766166319799315,-1.4565203888908955,0.15104123507555522,1,4
9,0.9213498480752542,3,0,0,0.25054795430561116,-1.4173262880927644,1.1770294702461293,-1.379375326373923,1,3
5,0.9213498480752542,3,2,1,0.7460545485339384,-1.0623785848641218,1.7123401073356757,0.14614054160339313,1,1
10,-0.6973658451523282,5,0,1,1.1424598239166004,0.5178860073278929,-1.5153326303301367,-0.794092505984278,1,1
3,0.22761455097771885,0,2,1,-0.1458573210770505,-0.052712359707123776,0.8573508969292347,1.501532336189939,0,2
5,-0.92861094418484,1,1,0,0.8451558673796035,0.5283794529937013,-0.8543968915136045,1.3181063805175863,0,2
4,0.6901047490427424,5,2,1,-0.6413639153053777,-0.10939077346783867,0.7559969033436232,-1.6492635168765641,1,3
9,-0.4661207461198165,4,2,1,-1.0377691906880393,-0.8724782844350275,0.44231879416310654,1.0006114534282275,0,4
2,1.6150851451727894,4,0,1,-1.0377691906880393,1.334683391505601,1.3231561577724054,-1.3230173514440589,1,0
4,-1.6223462412823755,0,3,1,-0.44316127761404706,1.4647641480569127,-0.1926149333957885,-0.17135438548596568,1,0
3,0.22761455097771885,2,0,0,-1.632377103762032,0.3425867842561569,1.6232947581323776,1.231644145687298,0,4
0,-1.6223462412823755,4,2,1,-0.7404652341510432,0.6205940585733297,0.9007388683768893,0.9862594225454672,0,4
3,-0.6973658451523282,2,0,1,0.5478519108426073,-0.9594979440518132,-0.7047699332411079,-1.16549506126742,1,1
2,-0.92861094418484,3,0,0,0.5478519108426073,0.12893815942549625,1.104023823253533,-0.7958427536529074,1,3
5,1.1525949471077659,2,3,0,-1.4341744660707012,1.0042606657294477,-0.8177017454488329,-1.616358860706333,1,1
7,0.9213498480752542,1,1,0,-0.7404652341510432,1.0175845802919545,-0.2732750186136357,-1.2012001137074582,1,2
9,1.1525949471077659,2,2,0,0.25054795430561116,1.2888608615011252,1.6240255838925775,-1.2022502623086357,1,5
1,1.1525949471077659,3,3,0,-0.6413639153053777,-0.826207021556685,-0.38813005650609705,0.23855361850702125,1,2
8,1.3838400461402778,0,2,1,-0.24495863992271602,0.3164394648750719,-0.36793618681636425,-0.9194102390581375,1,2
9,-1.159856043217352,5,3,1,0.7460545485339384,1.2299905602411378,-1.5589513888599595,-0.6379704139425426,1,3
1,1.1525949471077659,1,3,1,-1.7314784226076976,1.7059753267170075,1.6449887438562047,1.659054626366578,0,2
5,-0.4661207461198165,5,2,0,-0.7404652341510432,-1.0341084138105132,1.1312566989494015,-0.12024715356198952,1,5
6,-1.3911011422498636,1,2,1,-1.2359718283793704,-1.423073520669597,0.861005025730234,0.6708647926584635,1,2
10,-1.159856043217352,5,3,0,-1.335073147225036,-0.04504938293801373,1.3766987608354686,0.5760013690187543,1,3
5,-0.6973658451523282,4,0,0,1.6379664181449276,-1.2867450217975243,-0.15892001939920572,-0.7048298748841827,1,0
6,1.6150851451727894,0,1,0,-0.44316127761404706,1.2987847615962564,-0.6556507492529388,-1.363973146889985,1,2
4,0.22761455097771885,2,1,0,0.05234531661428013,0.3808671501883328,1.0050930940306897,1.721013393836056,0,2
2,-1.3911011422498636,2,3,0,0.8451558673796035,0.14305598599561342,1.008016397071489,-1.2365551166137703,1,1
1,0.45885965001023066,3,0,0,-1.5332757849163667,0.7513651733921289,-0.8802450447164626,0.466085815428833,1,4
1,-0.0036305480547929366,3,3,1,-0.9386678718423742,-1.1616003268587471,0.6709903280782717,-1.0097230187594104,1,2
0,1.3838400461402778,2,0,0,1.1424598239166004,-0.3975117964037017,1.5170173067938406,-0.2522158277766403,1,4
2,-1.3911011422498636,1,0,0,1.2415611427622655,-0.07860079473790098,-1.0094858107307527,0.7961825257323228,0,1
3,0.6901047490427424,0,3,0,-0.44316127761404706,0.7001923668146259,-0.6543044912736232,-0.4289908423082017,1,0
3,1.1525949471077659,2,3,1,-0.44316127761404706,1.031823219558882,1.2437269369927897,1.34996088808664,0,2
6,-0.6973658451523282,5,2,1,0.8451558673796035,-1.2164665501673078,0.5572507610829575,0.7867311883217245,0,5
0,-0.2348756470873047,0,1,1,-0.7404652341510432,-0.6805241681601581,-0.714001416527843,-0.8816048894157441,1,2
0,-0.0036305480547929366,0,0,0,-1.335073147225036,1.502802888595468,0.4237019695348576,-1.4815897902218753,1,1
1,-1.6223462412823755,1,2,1,-0.8395665529967087,-1.0106880095860034,0.6508349229022337,0.7685286125679796,0,1
1,-0.4661207461198165,0,2,0,-0.3440599587683815,0.2919144874225823,0.6596048320246318,-1.1077368882026524,1,2
0,-1.6223462412823755,1,0,0,-1.5332757849163667,0.8454782642073476,1.3418499114280438,0.34006798328752186,1,3
6,-1.3911011422498636,0,3,0,-0.04675600223138495,-1.6698420833829652,-0.4589816907317883,-1.428382261095544,1,5
8,1.6150851451727894,4,2,0,0.8451558673796035,-1.3737301635009356,0.22749448517804394,-0.5091521855314246,1,0
3,-1.6223462412823755,1,2,0,0.05234531661428013,0.7089253988983415,0.3675822440542477,1.3506609871540918,0,1
10,0.6901047490427424,2,2,0,-1.4341744660707012,-0.824809046065023,-1.4150556431279775,-1.6468131701404831,1,5
6,-0.6973658451523282,2,3,0,-0.24495863992271602,-0.9860077015233291,0.9018543392740365,1.3629127208344969,0,3
7,0.45885965001023066,0,3,1,0.7460545485339384,0.4822807796822307,-1.0177172166614248,-0.7870915153097607,1,4
0,1.6150851451727894,0,2,1,-1.5332757849163667,1.2968344994906045,0.25118862561399713,1.0373666544694433,0,0
7,0.22761455097771885,2,3,0,-1.5332757849163667,1.0966133429625737,-1.342819286409276,1.0786724994490953,0,1
8,-0.4661207461198165,0,0,1,-0.44316127761404706,-0.4237626695249098,0.8559277099225298,1.2634986532563515,0,0
7,0.6901047490427424,2,2,0,-1.0377691906880393,-0.9588766216110746,0.016093517911812186,-0.2795196914072577,1,5
5,0.6901047490427424,2,0,1,1.5388650992992616,-0.9545446234825912,0.15560430908259504,-0.5063517892616177,1,0
9,-1.6223462412823755,4,2,1,0.25054795430561116,1.0951808495575373,-0.6832682700857543,1.1381809201824922,0,3
8,1.1525949471077659,5,0,1,-0.7404652341510432,-0.1136709947262605,0.8947768687542063,-0.1671537910812553,1,3
1,-1.6223462412823755,1,0,0,0.7460545485339384,1.3277798088307269,-1.4454426089468135,-0.9789186597915344,1,5
10,-1.3911011422498636,3,2,0,-0.44316127761404706,0.43078005292767124,1.2858840440022128,1.40666891255023,0,0
9,0.22761455097771885,4,1,0,-1.2359718283793704,-1.0056483942333454,-0.76342831662557,-0.2679680567943042,1,1
0,-1.159856043217352,2,1,1,-0.9386678718423742,0.03166667953652271,-1.258735859472598,-0.8854554342867286,1,0
7,1.6150851451727894,4,2,0,0.4487505919969422,-0.7227740941303865,0.13167938156447345,-0.9687672233134843,1,1
1,-1.6223462412823755,0,1,1,-1.5332757849163667,1.5778275733146603,1.4478581111707176,1.0447176946776864,0,4
6,-0.6973658451523282,1,2,1,-0.7404652341510432,0.8380223949184838,-0.4048236554496096,-1.181247290285084,1,1
0,-0.2348756470873047,4,1,1,-1.0377691906880393,-1.6704979237370783,1.3891612632725607,0.12723786678219645,1,2
0,-0.4661207461198165,0,1,0,-1.0377691906880393,0.049978432581625785,0.5998309777430226,-1.5978062354188622,1,3
0,0.9213498480752542,1,3,1,0.6469532296882728,-1.4878636440732886,0.9288948924014311,-1.626510297184383,1,2
7,-1.6223462412823755,1,0,1,1.1424598239166004,-1.404571919100935,0.29942312578718755,-1.1784468940152768,1,5
0,-0.6973658451523282,3,0,0,0.7460545485339384,-0.8750326100247308,1.6926078118102796,1.3839156928580487,0,4
6,1.6150851451727894,4,0,1,0.5478519108426073,-0.902698717594288,-1.6086090760398548,1.5589404597209808,0,2
8,-0.6973658451523282,0,3,1,1.4397637804535965,1.1202235957106426,1.4706291032779972,-1.1518431294521112,1,1
7,-0.4661207461198165,4,3,1,-1.5332757849163667,-1.0345398877276928,1.697954379213847,-0.6222181849248787,1,0
7,-1.159856043217352,4,2,1,-1.1368705095337048,0.35934523119941336,-0.02433268598134821,0.12583766864729298,1,0
6,-0.6973658451523282,3,0,1,-0.24495863992271602,0.6997436339407592,-1.3711291684885967,1.1710855763527235,0,4
10,-0.2348756470873047,4,3,0,-0.44316127761404706,-0.4697405301395701,-1.6765758717384414,1.0734217564432074,0,0
5,-0.6973658451523282,1,1,0,-0.24495863992271602,1.685678793652878,-0.37335968324732105,-0.3747331645806928,1,2
10,-0.6973658451523282,0,0,0,-1.0377691906880393,0.8129106129386299,1.1298335119426965,-0.3264263289265235,1,4
2,-0.6973658451523282,0,2,1,-1.2359718283793704,-0.9801223972929991,-0.4708672254634596,-1.374124583368035,1,1
0,0.45885965001023066,1,2,0,0.05234531661428013,-1.3645829164567278,-0.6018773591077073,-0.13669948164710513,1,2
7,0.45885965001023066,4,3,0,1.4397637804535965,0.6452398487226296,-0.44444210455518063,-0.1993583481840348,1,3
1,-1.159856043217352,2,1,1,-0.3440599587683815,-1.188472522420694,-0.8248176804823578,1.712962254560361,0,0
4,-1.6223462412823755,1,2,0,-1.5332757849163667,0.21105627534312155,-0.9508658918599854,1.2431957803002514,0,3
4,-0.6973658451523282,0,1,1,0.7460545485339384,1.3613484795873014,-1.0089857720527213,0.24730485685016787,1,4
0,1.3838400461402778,2,3,0,-0.7404652341510432,-0.04004428549873013,-0.8525505948562576,1.7192631461674266,0,3
7,0.22761455097771885,5,0,0,-0.8395665529967087,-1.1459291941867835,-0.22680988607040278,-0.24556488663584888,1,2
5,1.3838400461402778,2,3,0,-0.6413639153053777,1.2767278149500343,1.0568278649501004,-1.2407557110184808,1,3
4,-1.6223462412823755,1,1,1,0.7460545485339384,1.1130266107720865,-1.6417270223310167,-0.5760116464730647,1,1
7,-1.159856043217352,4,2,0,1.1424598239166004,0.8276842798628601,1.6473735437052779,-1.5526498455682256,1,1
6,1.1525949471077659,0,0,1,0.3496492731512767,0.07541813473853619,-1.6476120929263103,0.056877910503297754,1,3
3,1.1525949471077659,2,0,0,-0.6413639153053777,-0.43608556459955977,-1.0698750972314777,-1.0352766347213984,1,0
8,-0.92861094418484,4,1,1,-0.6413639153053777,0.7558007252607354,0.8710442638045583,-0.29352167275629226,1,1
1,1.3838400461402778,1,3,0,-1.335073147225036,0.6729922510756228,0.3931226811475479,-0.31067409990885964,1,4
1,-1.6223462412823755,3,2,1,1.5388650992992616,1.5761879724293777,-0.6814219734284073,0.09608345828059454,1,4
3,-1.6223462412823755,3,1,0,0.4487505919969422,-0.5572261815869098,0.2821140946245594,-1.2355049680125927,1,3
1,-0.0036305480547929366,1,2,1,-1.632377103762032,-1.2885399532929915,0.9152784545534969,-0.11044576661766532,1,4
6,-1.3911011422498636,4,2,0,0.5478519108426073,1.7205246272043042,-0.9281718287800952,-0.4524441610678346,1,2
9,0.9213498480752542,5,0,1,-0.1458573210770505,1.6711467521222685,0.39870003563328366,-1.0629305478857418,1,1
8,1.6150851451727894,4,2,1,1.6379664181449276,1.630381096427138,-1.5834148195698072,-1.4469348863830147,1,5
6,-0.0036305480547929366,2,3,1,1.1424598239166004,0.18779120172879643,0.30811610588219634,0.36527154971578407,1,3
1,-0.2348756470873047,1,0,1,-1.1368705095337048,0.526291119234552,-1.054873936890533,1.0993254219389212,0,4
0,0.45885965001023066,3,1,0,0.7460545485339384,-0.09126886894629463,-1.376206484296301,0.8014332687382109,0,2
9,0.45885965001023066,1,2,0,-0.04675600223138495,1.5476934349388356,-1.115417081446037,1.41682034902828,0,3
4,-1.3911011422498636,0,0,1,-1.0377691906880393,0.5071164183550896,-1.4801760648131541,0.697818606755355,0,1
4,-0.4661207461198165,5,1,0,0.6469532296882728,0.6986390607127794,-0.0648742834155928,-0.4202396039650551,1,1
6,-0.4661207461198165,0,2,0,0.15144663545994566,1.619818614934581,-0.2953151849607155,1.631050663668509,0,0
5,-1.159856043217352,4,3,0,-1.632377103762032,-1.2545052907058631,1.1314105570041804,-0.27531909700254736,1,0
8,0.6901047490427424,5,0,1,0.5478519108426073,0.20846743184004382,1.4547432591220741,-1.5085436043187668,1,5
7,-1.3911011422498636,2,3,1,0.4487505919969422,0.3823686794201179,-1.256158737055051,-0.7156814104296845,1,0
9,0.9213498480752542,3,3,0,-1.2359718283793704,1.4439153283787933,0.060520031229224426,0.21440020067993662,1,4
4,-1.6223462412823755,0,1,0,-0.5422625964597122,0.132648835113241,-0.3748597992814155,0.3631712525134289,1,1
10,-0.4661207461198165,2,1,0,0.3496492731512767,-1.6581405107490539,-1.4206329976137133,-1.7255743152288026,1,5
8,0.9213498480752542,1,3,1,-1.2359718283793704,-1.5516182300757493,1.6316415576041337,0.4097278404989688,1,2
1,-0.6973658451523282,5,1,1,1.2415611427622655,0.9480137258859126,-0.60645463623738,-1.5116940501222995,1,2
4,1.3838400461402778,2,0,1,-1.632377103762032,1.7146220640172871,0.903046739198573,-0.626768828863315,1,1
1,1.3838400461402778,3,0,1,-1.335073147225036,-0.9055809633610479,-1.5656826787565372,-1.386726366582166,1,3
3,0.6901047490427424,0,3,0,-1.335073147225036,-1.2235427224090536,1.0524044458752067,0.8906958998383062,0,1
1,0.22761455097771885,2,2,1,0.05234531661428013,0.8797372932314095,-0.927056357882948,0.5479974063206852,1,4
5,-1.6223462412823755,0,3,1,0.4487505919969422,1.484680984073924,0.3093854348341224,-1.675517231906004,1,1
1,1.6150851451727894,0,1,0,-0.3440599587683815,0.10304972439471904,-0.5894533211843098,0.8493900548586543,0,1
7,1.6150851451727894,3,2,0,-0.7404652341510432,1.0964925302657633,0.9667439738770446,-0.5140528790035866,1,1
6,-0.2348756470873047,1,3,1,1.0433585050709344,1.5859910598276987,1.189261185601053,0.3575704599738151,1,4
2,1.6150851451727894,4,3,1,-1.5332757849163667,1.6983123499478974,-1.477483548854523,-1.150092881783482,1,0
2,-0.6973658451523282,2,1,0,-0.7404652341510432,0.003413767439601194,0.9668209029044341,-0.8760040968761302,1,5
6,-0.6973658451523282,5,3,1,-1.632377103762032,0.57019790504675,-1.5251795458359874,-0.8133452303392006,1,4
7,1.3838400461402778,3,2,1,-1.7314784226076976,-1.199949728617672,-1.5428732221355628,1.3545115320250762,0,2
10,-1.3911011422498636,1,2,1,-0.5422625964597122,1.050238526344108,0.4514733484224521,-0.6873273981978895,1,3
0,0.6901047490427424,0,2,0,-1.0377691906880393,1.3331818622738159,0.18079856555264268,0.6729650898608187,1,3
5,-1.159856043217352,5,0,1,-0.8395665529967087,-1.1710409761666374,-0.1850758887116216,-0.7615378993477727,1,4
3,-0.2348756470873047,1,2,0,1.1424598239166004,-0.6218437154237297,1.5765219094795868,-1.3671235926935177,1,2
1,-0.4661207461198165,2,2,0,-1.1368705095337048,1.638044073196248,1.3210021450055007,-1.0629305478857418,1,0
8,0.9213498480752542,4,1,1,0.9442571862252694,-1.472106216617889,-1.1369187446013906,1.6965099264752455,0,3
1,-1.3911011422498636,4,1,1,0.6469532296882728,-0.8942418288175675,-1.6543049183091931,-0.12304754983179643,1,1
9,-0.4661207461198165,5,0,0,-0.6413639153053777,-1.2512606068486722,0.5243636018739639,-1.412279982544154,1,3
1,-1.3911011422498636,1,1,1,0.15144663545994566,0.6179361792435032,1.5991005790183928,1.4847299585710978,0,1
5,-1.3911011422498636,1,3,0,-0.1458573210770505,-0.1398010551506583,-0.17307496043886605,1.659054626366578,0,3
1,-1.3911011422498636,0,3,1,-1.335073147225036,1.5980032936819792,1.5009391400694438,1.7028108180823112,0,1
4,1.3838400461402778,3,2,0,1.4397637804535965,-1.4441467067846496,-0.3718980317269214,-1.5859045512721828,1,2
6,1.6150851451727894,0,3,0,0.25054795430561116,-1.5893808273073098,1.564290194124663,-0.8994574156357632,1,3
6,0.6901047490427424,4,3,1,1.3406624616079306,1.010629220747019,0.707031577410233,-1.0118233159617656,1,0
0,-1.159856043217352,5,3,1,1.1424598239166004,-1.0728202536598686,0.26026625084595323,-0.6516223457578513,1,0
2,1.6150851451727894,5,2,0,-1.4341744660707012,-0.9887863935499658,1.306885668479535,-1.1024861451967645,1,4
7,-1.3911011422498636,1,3,0,-1.0377691906880393,-0.27338537990946865,0.2329949106363902,1.5960457102959225,0,1
0,-0.92861094418484,0,3,0,-1.2359718283793704,-0.6485605803754918,-0.904477688344142,1.1126273042205042,0,1
5,0.22761455097771885,4,0,0,1.1424598239166004,-0.6313188826449943,-0.9731368452892336,-0.27321879980019215,1,2
10,-0.4661207461198165,0,2,0,1.2415611427622655,0.13007725056685046,0.3128087765529533,0.27880931488549565,1,1
4,-1.6223462412823755,0,0,1,0.05234531661428013,0.42335870155218175,0.06321254718785548,1.5631410541256912,0,4
0,-0.0036305480547929366,5,3,1,-1.335073147225036,-0.9218216416036888,0.9574740260766149,1.2873020215497104,0,2
4,1.6150851451727894,1,1,1,-1.2359718283793704,0.9469609295279943,0.07267481755675885,-1.1451921883113199,1,5
7,0.9213498480752542,3,2,1,1.0433585050709344,-1.2686576351893546,-0.0806831985441265,-1.083233420841842,1,5
0,1.3838400461402778,4,2,0,1.5388650992992616,-0.9631568428694964,-1.31527869460385,-0.1605028499404639,1,1
3,-0.2348756470873047,2,1,1,-1.0377691906880393,0.08554914231391367,-1.5337955969036066,-1.7119223834134938,1,2
4,0.45885965001023066,0,1,0,-1.7314784226076976,-0.5227082682125402,-0.508600913397989,-0.734934134784607,1,0
1,-1.159856043217352,0,1,0,-0.5422625964597122,-0.011394417398003365,0.4601663285174609,-1.1115874330736368,1,4
7,-1.6223462412823755,0,2,0,-1.632377103762032,-0.7777266122223829,-0.4815218957568996,1.4483248070636079,0,0
4,-0.6973658451523282,5,1,1,1.1424598239166004,-0.4666684358492512,0.9121628289442238,-1.6566145570848074,1,2
6,1.1525949471077659,5,0,0,-0.04675600223138495,-1.7212565153540889,0.8353491950958496,0.805983912676647,0,0
6,-0.92861094418484,3,0,1,0.4487505919969422,0.08468619447955442,1.1739138446368562,-1.5680520250521637,1,5
5,0.45885965001023066,4,2,0,-0.3440599587683815,1.0602487212226752,0.35346576752828207,-0.27636924560372494,1,4
2,-0.0036305480547929366,5,0,1,-0.5422625964597122,-0.4840999821033079,0.7769985278209455,-1.5992064335537657,1,4
8,-1.6223462412823755,3,1,1,-0.9386678718423742,1.3822490761354822,1.0778294894274225,-0.3834844029238394,1,1
7,0.45885965001023066,1,0,0,0.9442571862252694,-1.0934619658577416,1.4923615535155192,-0.020483036450118227,1,0
10,-1.6223462412823755,0,3,0,0.6469532296882728,-0.19834343623358913,-1.0540661821029438,-1.079732925504583,1,5
2,0.9213498480752542,5,1,1,-0.44316127761404706,-0.21660341240863065,1.6856457348315335,1.4441242126588973,0,2
10,-0.92861094418484,4,1,0,-0.6413639153053777,-1.2710738891255604,0.2801524044261282,0.7699288107028831,0,1
7,-0.0036305480547929366,4,0,0,-1.7314784226076976,0.9953377851221733,-1.5322185518421227,1.687758688132099,0,3
5,-0.6973658451523282,1,1,1,-1.5332757849163667,1.0161175689735438,-0.5054468232750212,0.39572585914993424,1,0
2,-1.3911011422498636,2,0,1,0.4487505919969422,0.40546116346757116,-0.27473667013403535,1.6086474935100536,0,2
1,-0.4661207461198165,5,0,0,0.05234531661428013,1.7169175052566825,1.0337106922195682,1.7122621554929094,0,4
5,-0.6973658451523282,2,2,1,-0.24495863992271602,-0.2277872163419264,-0.08833763676937761,1.014963484310988,0,0
9,-1.3911011422498636,1,1,0,1.1424598239166004,-0.5705328371927294,0.9744368766159904,-1.4339830536351577,1,4
7,1.1525949471077659,1,2,1,0.05234531661428013,-1.2874871569350732,-0.5704903159328083,-0.3635315795014651,1,3
10,1.3838400461402778,4,1,0,-0.44316127761404706,0.9933357461464598,-1.316548023555776,-0.546957535173818,1,2
9,0.6901047490427424,1,3,0,-1.1368705095337048,1.3857699032996678,-1.4072088823342528,-1.286262150402843,1,5
1,0.6901047490427424,4,1,1,1.1424598239166004,1.7155713066350822,-1.5096783468170114,0.03482478987856831,1,2
1,0.6901047490427424,1,3,1,0.25054795430561116,-1.083123850802118,1.2137246163109008,0.17519465290263983,1,3
3,-1.159856043217352,3,1,0,-1.4341744660707012,-0.9350592613827595,-0.19530744935441954,1.3615125226995934,0,4
9,1.6150851451727894,0,2,0,0.5478519108426073,-0.42728349668909554,0.3674668505131635,1.2144917185347306,0,2
8,0.22761455097771885,1,3,0,-0.24495863992271602,-0.10181409148216454,-1.2850071223260982,-0.47449728169256405,1,3
7,-0.2348756470873047,4,3,1,1.0433585050709344,-1.285036385085493,-1.5566819825519704,0.8931462465743872,0,4
3,-0.2348756470873047,0,3,0,1.4397637804535965,1.4286929285806964,-0.06864380575767626,-0.21756092393777976,1,3
3,1.6150851451727894,3,2,1,0.3496492731512767,-1.2595276471018337,-1.3267026551711845,1.4602264912102871,0,2
6,0.6901047490427424,0,1,1,0.8451558673796035,0.3529248993117806,0.15391187048002694,-0.6771759617198394,1,1
1,-0.4661207461198165,5,3,1,-1.5332757849163667,0.2447975356665678,1.407585765332336,0.8623418876065112,0,0
5,-0.0036305480547929366,4,0,0,0.25054795430561116,0.567108551799744,-1.4659057302324094,0.5423966137810714,1,2
0,-0.92861094418484,0,3,0,0.8451558673796035,0.8167075834098105,-0.23373349853545403,-0.26271731378841623,1,1
0,-0.0036305480547929366,5,0,0,-0.04675600223138495,-1.463890953234789,0.11721672441525528,0.24975520358624892,1,0
6,-0.92861094418484,1,3,0,0.3496492731512767,0.711030991614178,0.7894994947717324,1.3125055879779726,0,4
4,-0.0036305480547929366,1,0,1,1.3406624616079306,-1.2608220688533727,-0.29262266900208445,-0.2424144408323161,1,1
9,0.22761455097771885,0,3,1,-1.0377691906880393,0.6982248457522869,-0.03467964016523037,-1.2929130915436344,1,2
7,-1.159856043217352,5,0,0,-1.4341744660707012,0.7522626391398626,0.9180478995395174,-1.7010708478679921,1,3
2,-1.159856043217352,0,2,0,0.6469532296882728,0.546760241865553,-1.3192790040281017,1.7154126012964421,0,2
0,0.6901047490427424,0,0,0,1.1424598239166004,-0.4162032464959229,-1.046219421309219,-1.4367834499049645,1,5
2,1.1525949471077659,3,2,1,1.2415611427622655,-1.4512401379830826,-0.892553689098776,-0.27041840353038527,1,4
9,-1.3911011422498636,4,1,1,0.4487505919969422,-1.6388795150861557,-1.7290030039043573,1.4658272837499011,0,2
0,1.1525949471077659,1,0,1,1.1424598239166004,-0.943222747895798,1.3120399133146288,-0.12199740123061883,1,3
9,0.45885965001023066,0,3,1,0.7460545485339384,-0.7053425478763299,-0.23788766601448477,1.0317658619298296,0,5
4,-1.159856043217352,1,1,1,-1.4341744660707012,-0.6639210518270863,-0.5900687534034255,-0.08699244785803242,1,3
1,-1.159856043217352,1,1,1,0.9442571862252694,1.0187236714333088,0.22045547917190847,0.4205793760444706,1,3
6,-0.6973658451523282,1,1,1,-1.1368705095337048,1.626653161782706,-1.0022160176424488,1.427671884573782,0,0
8,-0.6973658451523282,0,1,0,-0.9386678718423742,-0.882988989057523,0.6685670637155038,-0.7083303702214413,1,3
8,-1.3911011422498636,0,3,1,-0.3440599587683815,0.32617351644664416,-1.3637439818592088,1.1521829015315268,0,3
0,0.9213498480752542,3,2,0,-0.6413639153053777,-0.5271093021677724,1.2238792479263094,-1.1304901078948335,1,2
6,0.45885965001023066,1,3,0,-0.6413639153053777,0.01256101448380914,-0.9018621014129005,-0.4734471330913865,1,4
6,1.1525949471077659,0,0,1,-1.1368705095337048,-0.08179370172503017,-0.6031082235459386,-0.4261904460383948,1,5
2,-0.4661207461198165,1,0,1,-0.7404652341510432,1.5723047071747611,-0.08533740470118874,0.8983969895802753,0,0
1,-0.6973658451523282,5,3,0,-1.632377103762032,-0.032795523690112516,1.6915692699405218,0.27005807654234903,1,1
5,-0.4661207461198165,0,1,1,-0.04675600223138495,1.1584176668593824,-0.2197324155505726,-0.2193111716064091,1,3
2,-1.6223462412823755,3,1,0,0.9442571862252694,0.3080516119251001,1.3280411510116361,-1.0706316376277107,1,5
3,-0.6973658451523282,2,1,0,1.2415611427622655,-1.1052843511884631,1.2940385209054954,1.2638487027900773,0,0
1,0.22761455097771885,3,3,1,1.1424598239166004,1.2005295211761133,0.598369326222623,0.8927961970406614,0,2
0,0.9213498480752542,5,0,0,-0.24495863992271602,-0.8499035690881898,1.633026280097144,-0.9691172728472102,1,5
5,0.45885965001023066,5,2,0,0.8451558673796035,-0.21218511949671134,0.07171320471439062,1.703160867616037,0,2
5,1.3838400461402778,3,1,0,-0.7404652341510432,-0.1568356454009097,-0.8935537664548389,-0.32397598219044244,1,5
4,-1.3911011422498636,5,1,0,-1.5332757849163667,-0.8602416841438134,-0.748080975661373,0.05092706842995806,1,1
4,-1.6223462412823755,1,1,0,0.6469532296882728,0.6779110537314704,0.49916934540391633,1.2193924120068926,0,5
2,1.3838400461402778,4,1,1,0.5478519108426073,0.29690232590517873,0.18733753288074664,1.3786649498521608,0,0
4,0.45885965001023066,3,3,0,1.0433585050709344,-0.19891298180426623,-0.6015696429981494,0.49443982766062794,1,2
2,1.1525949471077659,4,0,0,0.4487505919969422,-0.9269648106964699,0.8628897869012757,0.3537199151028306,1,0
10,0.6901047490427424,4,2,0,-1.2359718283793704,-1.030087076902399,1.3011159914253256,0.4881389360535624,1,3
0,0.22761455097771885,5,0,0,1.2415611427622655,0.9323598521706359,-0.06318184481302472,0.9876596206803706,0,3
3,0.45885965001023066,4,3,1,0.4487505919969422,0.6131381892844658,-1.2614668399449238,0.9141492185979391,0,2
3,0.22761455097771885,2,0,0,1.0433585050709344,0.3908773450669,-1.4901768383737837,-1.5575505390403879,1,4
9,1.6150851451727894,1,1,1,0.9442571862252694,0.8952530952931886,0.729033279243618,-1.044377922598271,1,4
4,0.22761455097771885,5,0,1,-0.7404652341510432,-1.3657392665547692,-1.276929574450205,-0.09294328993137212,1,0
4,-0.4661207461198165,3,2,0,-1.4341744660707012,-0.7882373168448784,1.603754785175455,-0.10554507314550322,1,1
8,1.6150851451727894,2,0,1,-1.1368705095337048,-0.4222611402931247,1.301346778507494,0.6201076102682131,1,2
10,-0.0036305480547929366,5,3,0,-1.4341744660707012,-0.8280882478355881,-0.03960309791815571,1.1938387960449046,0,3
3,1.3838400461402778,0,1,0,-0.8395665529967087,1.6556654679738638,1.336157163401224,-1.0762324301673245,1,1
5,0.6901047490427424,1,0,1,-0.1458573210770505,-0.7111588162799112,-0.4235943381326374,1.6713063600469833,0,3
1,1.6150851451727894,2,1,0,1.4397637804535965,0.42372113964261265,1.537134247456184,0.9186998625363754,0,1
3,1.1525949471077659,3,2,1,1.3406624616079306,0.9751965826682286,0.5274407629695423,-1.5025927622454271,1,1
4,-1.6223462412823755,1,1,0,0.7460545485339384,-0.8275704791349726,-0.17911388908893855,-1.3128659149660087,1,2
1,0.45885965001023066,1,1,0,-1.632377103762032,-0.7128847119486296,-0.8750907998813688,1.2845016252799033,0,4
9,-0.92861094418484,1,0,1,-0.5422625964597122,-0.8214608084677092,1.6416038666510686,-1.4878906818289408,1,1
6,-1.6223462412823755,0,2,0,0.6469532296882728,1.5245146561079463,-1.1496889631480407,-1.4315327068990766,1,5
6,-0.0036305480547929366,2,3,0,-1.2359718283793704,-0.32381605134942265,0.44905008405968416,-0.23331315295544364,1,0
1,-1.6223462412823755,5,2,0,1.0433585050709344,1.465368211540964,-0.27527517332576157,1.1717856754201752,0,2
8,-1.159856043217352,0,2,1,1.4397637804535965,-0.1512437434342618,-0.6315719636800382,0.12653776771474473,1,0
3,1.1525949471077659,4,1,1,-0.5422625964597122,0.062025184349280775,1.162297561501048,0.6698146440572859,1,4
10,-0.92861094418484,4,2,0,0.7460545485339384,-0.6935201625456082,-1.3893998124935931,-0.35127984582105987,1,0
2,1.6150851451727894,1,3,0,-1.2359718283793704,0.5649166643004715,0.7134936157109475,0.07753083299312374,1,0
4,1.6150851451727894,0,0,0,0.6469532296882728,-0.5058462675291607,-0.5916457984649093,-1.0513789132727882,1,2
8,1.6150851451727894,1,2,1,-1.632377103762032,-1.3958561459739065,0.6509118519296231,0.5301448801006661,1,4
4,-0.0036305480547929366,2,1,0,-1.2359718283793704,-0.29209408895837696,-0.4382493178503292,-0.5147529780710385,1,1
0,-0.4661207461198165,5,0,1,0.7460545485339384,-1.4341537708627696,0.5069391771702516,0.8308374295711835,0,4
7,1.3838400461402778,3,0,0,0.7460545485339384,0.793960278496101,-0.5746060188981443,0.8444893613864921,0,3
3,0.45885965001023066,4,1,0,0.4487505919969422,1.0277501057807064,0.9931306302716288,-1.311815766364831,1,0
4,0.9213498480752542,0,3,0,-0.04675600223138495,1.695102184004081,-0.3935535529370539,0.34181823095615116,1,4
9,-0.2348756470873047,0,3,1,0.6469532296882728,1.1585902564262542,-0.008985345017151258,1.5687418466653051,0,2
8,1.3838400461402778,0,1,0,0.9442571862252694,0.5636222425489327,-0.5391802017852987,1.2246431550127805,0,2
9,-0.0036305480547929366,4,0,0,1.6379664181449276,-1.4108541793350702,0.5823296240119209,0.38977501707659457,1,1
1,-1.3911011422498636,5,0,0,1.3406624616079306,1.5151085247134308,-0.0887222819063249,1.6363014066743968,0,4
2,1.1525949471077659,4,3,0,1.0433585050709344,1.1457323336943017,1.0042468747294055,-1.6839184207154247,1,5
7,0.45885965001023066,4,3,1,0.6469532296882728,0.28528704805470334,-1.4110553337037257,-1.0247751487096226,1,2
7,1.3838400461402778,3,1,1,0.25054795430561116,0.26996109451648326,-1.6900384515315967,-0.24101424269741265,1,1
1,0.6901047490427424,3,2,1,-1.335073147225036,-1.4082998537453668,1.0173248093856135,1.218692312939441,0,0
0,-0.0036305480547929366,1,3,1,-1.1368705095337048,0.792838446311434,-0.7385033117513855,-0.6285190765319443,1,5
5,-1.159856043217352,3,2,0,1.1424598239166004,-0.37402235635244324,-1.025640906482539,0.5129924529480988,1,1
0,-0.2348756470873047,5,1,1,1.0433585050709344,-0.38829551353274505,0.9732060121777591,0.960705806583479,0,5
6,-1.159856043217352,4,2,0,0.4487505919969422,0.19467752544698316,0.5143628283133344,-0.7660885432862089,1,4
4,1.6150851451727894,4,1,0,-0.24495863992271602,0.8447361290697987,0.06302022461938182,1.4693277790871597,0,1
8,-0.2348756470873047,5,0,0,-1.632377103762032,0.5247723310460797,1.5804452898764492,1.326857618860733,0,5
0,1.3838400461402778,3,2,1,-0.6413639153053777,-1.2797378853825272,-1.1540739177092398,-0.5907137268895509,1,5
9,0.6901047490427424,3,3,1,-0.24495863992271602,-0.4263169951146132,-0.8173940293392751,0.39292546288012736,1,1
4,1.6150851451727894,4,3,1,-0.04675600223138495,0.08870753138766849,-1.2276565324072568,-0.6932782402712292,1,1
6,0.9213498480752542,1,1,0,1.5388650992992616,1.3729982753511512,-1.2716984005877217,-1.69617015439583,1,5
4,1.1525949471077659,4,0,0,-1.335073147225036,-1.530303418567076,-1.5821454906178811,0.4002765030883705,1,0
0,-1.3911011422498636,1,0,0,0.05234531661428013,1.525015165851875,1.097792572034987,0.6869670712098532,0,3
5,0.45885965001023066,1,1,1,-0.44316127761404706,0.2802474327020454,1.199377352702767,1.5774930850084516,0,4
3,-0.4661207461198165,2,1,0,1.7370677369905927,1.2688404717439907,-0.5152552742671771,-1.1168381760795247,1,2
5,-1.159856043217352,4,0,0,1.2415611427622655,0.17243073027720196,-0.9860609218906626,-0.6684247233766928,1,2
1,-1.159856043217352,2,2,1,-0.24495863992271602,1.3933120673719677,-0.8475502080759427,1.3072548449720847,0,1
5,1.6150851451727894,0,2,0,1.7370677369905927,0.7199193543080782,-0.000792403600173936,0.4384319022644897,1,5
2,0.22761455097771885,0,3,0,0.05234531661428013,1.569405202451314,0.3882376879083173,1.2869519720159843,0,2
3,-0.2348756470873047,1,2,1,-1.1368705095337048,-0.09399578410286982,-0.34685763331165265,-1.2197527389949288,1,2
6,-0.6973658451523282,1,1,1,0.15144663545994566,0.6646734339523996,1.3420422339965175,-1.5071434061838633,1,5
7,0.9213498480752542,1,0,1,-0.9386678718423742,-0.8353887865142673,-1.7160019982755388,-0.43284138717918624,1,5
7,0.45885965001023066,2,1,1,0.4487505919969422,-1.2842769909912568,0.19068394557218807,-1.1518431294521112,1,5
7,-0.2348756470873047,4,3,0,1.5388650992992616,0.7898008699344895,-0.5651437485292409,-1.4598867191308718,1,1
2,0.22761455097771885,1,3,0,1.0433585050709344,-0.635219406856298,-1.4126323787652095,0.6124065205262442,1,0
3,-1.6223462412823755,1,2,0,-0.7404652341510432,0.7235782531257614,1.5356725959357844,-0.16295319667654495,1,1
10,-0.2348756470873047,4,0,1,-0.7404652341510432,1.2699105270585962,-0.13622595631931547,-1.4647874126030338,1,1
3,-0.4661207461198165,4,3,0,-1.5332757849163667,-0.0053192646441143155,0.06755903723535987,0.9918602150850809,0,5
2,0.45885965001023066,3,2,0,-0.7404652341510432,-1.0734588350572944,-0.5164476741917138,-0.6425210578809789,1,4
9,1.3838400461402778,5,2,0,-1.4341744660707012,1.5810204803017895,-0.5352568213884363,-1.5372476660842878,1,2
4,0.9213498480752542,3,2,1,-0.04675600223138495,-1.5784904256376961,-1.480329922867933,-0.24976548104055926,1,5
1,0.22761455097771885,0,2,1,0.7460545485339384,-0.48749999657068327,0.9651284643018659,-0.863752363195725,1,4
2,-1.6223462412823755,3,0,0,0.8451558673796035,0.6132762609379633,-0.4683670320733022,0.02327315526561479,1,1
9,1.1525949471077659,2,2,0,-1.5332757849163667,-0.6700134635376626,1.3700443999662804,1.4381733705855577,0,1
9,-0.92861094418484,5,2,1,-0.5422625964597122,-1.6487516383112255,0.9873609532174195,-1.085683767577923,1,0
5,0.22761455097771885,0,2,0,-0.7404652341510432,0.09882128000635877,1.0799450376806328,-0.7772901283654365,1,3
4,-0.92861094418484,5,3,0,-1.335073147225036,1.3172691042082314,0.9093164549308139,0.7412247489373622,0,1
7,0.45885965001023066,0,2,1,-0.44316127761404706,0.2500615174561592,1.7248026097727678,-0.38978529453090494,1,5
0,-1.159856043217352,3,2,1,-0.7404652341510432,-1.678782222946927,0.5027465451775261,-0.9141594960522494,1,3
10,0.22761455097771885,3,2,0,0.4487505919969422,0.21307557327552215,0.4242020082128891,-1.3653733450248884,1,1
0,1.1525949471077659,2,0,0,1.3406624616079306,0.35354622175251926,0.8721981992154002,-0.5882633801534699,1,2
6,-1.3911011422498636,4,2,0,-0.1458573210770505,0.5409439734619719,-1.6527663377614041,-1.157093872457999,1,0
2,1.6150851451727894,2,3,1,0.8451558673796035,-1.6212063434384785,-1.2736985552998477,1.4637269865475457,0,5
0,-0.92861094418484,1,0,1,-1.2359718283793704,-0.7868566003099037,-0.3542043554273459,0.9208001597387305,0,1
10,1.6150851451727894,5,0,0,1.3406624616079306,0.7456351997719836,1.7281105579505145,-0.250465580108011,1,4
6,-0.4661207461198165,1,2,0,-1.2359718283793704,-1.3331716152860513,1.3943539726213492,-1.1794970426164544,1,3
5,-1.3911011422498636,2,1,0,-1.0377691906880393,-0.5312859696860711,-0.9761370773574225,1.3471604918168332,0,4
8,1.6150851451727894,2,2,1,-1.335073147225036,-0.053713379194980496,-0.37062870277499527,0.741924848004814,0,3
0,-0.0036305480547929366,1,0,0,-0.6413639153053777,0.707579200276741,-1.2225407520858578,-1.154993575255644,1,1
10,-0.0036305480547929366,0,2,0,0.15144663545994566,0.1311818237948303,-0.12349420228636011,-0.7905920106470194,1,0
6,-1.6223462412823755,3,2,1,1.7370677369905927,0.5937046040546957,-1.3082012240840197,-0.26271731378841623,1,3
9,0.9213498480752542,1,1,0,1.0433585050709344,-1.5686873382393751,0.7216480926142301,1.576792985941,0,4
10,-1.159856043217352,4,1,1,-0.44316127761404706,-0.17751187551215708,-0.26181259353260633,0.8504402034598318,0,3
4,0.45885965001023066,5,1,0,0.25054795430561116,-1.3155157025950612,1.3837762313552988,-0.047786900080735634,1,2
7,0.22761455097771885,2,2,1,0.4487505919969422,-1.7275732935015984,-1.3119322819124084,-1.2460064540243687,1,4
10,-0.6973658451523282,0,2,0,1.1424598239166004,-1.5798021063459222,-0.12245566041660243,0.857441194134349,0,4
0,-0.4661207461198165,5,3,0,0.8451558673796035,0.13668743097804223,0.37473664360146736,1.2452960775026065,0,1
4,-0.92861094418484,3,2,0,0.25054795430561116,0.5246860362626438,-0.6998464754881826,1.4997820885213098,0,3
8,0.45885965001023066,2,3,1,0.5478519108426073,-1.2252341001643976,-0.910016578316183,0.7818304948495625,0,0
7,-1.3911011422498636,1,2,1,0.8451558673796035,1.2278849675253012,1.708455191452508,-0.6936282898049551,1,1
7,0.6901047490427424,5,1,0,-1.2359718283793704,-1.2323793082328922,1.5476350596948452,0.8805444633602562,0,3
0,-0.0036305480547929366,5,1,0,-1.0377691906880393,-0.7858038039519853,0.9905150433403873,1.6846082423285662,0,2
4,0.6901047490427424,2,1,1,0.6469532296882728,1.2858232851241806,1.0280179441927482,-1.1577939715254508,1,3
7,1.1525949471077659,5,1,0,1.2415611427622655,-1.6318723786711586,-0.24492667202062024,1.5025824847911167,0,5
10,-0.4661207461198165,1,0,0,-0.3440599587683815,-1.6161494691291334,-1.3434347186283917,-1.2614086335083068,1,5
9,-0.6973658451523282,3,2,1,1.6379664181449276,-0.5680302884730876,0.013324072925791684,1.1374808211150405,0,3
3,0.22761455097771885,1,1,1,-0.9386678718423742,1.5712001339467814,-0.8502427240345738,0.7611775723597365,0,5
9,-1.6223462412823755,1,3,0,-0.24495863992271602,-1.3091126296641158,-0.6291871638309651,-0.8220964686823472,1,3
4,-0.6973658451523282,3,2,1,-0.44316127761404706,-0.08156933528809676,-1.110878268830059,1.264898851391255,0,5
7,-0.4661207461198165,2,0,1,1.5388650992992616,-1.5536030100947755,-0.9667902005296033,0.8024834173393884,0,0
7,-0.6973658451523282,2,2,0,-0.7404652341510432,-1.3502407234496772,-1.424633307037965,-1.0769325292347762,1,0
1,-0.4661207461198165,2,2,1,-0.1458573210770505,-0.21001049095412605,1.0921767530355566,-0.5676104576636439,1,4
2,-0.4661207461198165,5,1,0,-1.0377691906880393,0.08342629064138993,-0.6468808401305405,0.11323588543316189,1,3
10,-0.2348756470873047,0,2,0,0.05234531661428013,-0.2157577235309586,-0.5301410410670373,-1.211701599719234,1,0
0,-0.92861094418484,3,1,0,1.2415611427622655,1.3447626222109168,-0.515832241972598,-0.9414633596828669,1,4
6,1.3838400461402778,0,2,0,-0.6413639153053777,-0.9555801608838222,-0.6961154176597939,-0.7135811132273293,1,4
4,0.6901047490427424,1,0,1,1.0433585050709344,0.7559215379575457,0.9133167643550657,0.9544049149764134,0,4
5,1.3838400461402778,1,1,1,1.4397637804535965,1.5070140740271412,0.06782828883122298,0.5879030531654337,1,0
2,1.3838400461402778,2,0,1,-1.4341744660707012,0.45620249612789443,-1.1698828328377735,1.2925527645555983,0,2
5,1.3838400461402778,1,0,0,0.8451558673796035,0.7236127710391358,-1.6251488169285884,1.1140275023554076,0,4
4,1.6150851451727894,1,3,0,-0.8395665529967087,0.6691089858210062,0.5254790727711112,-1.2754106148573412,1,1
2,-0.0036305480547929366,4,2,1,-1.1368705095337048,-0.20595463613263762,-0.9612128460438676,0.9708572430615291,0,2
7,-0.2348756470873047,4,3,1,0.3496492731512767,0.09942534349041024,0.09913840297873255,0.18569613891441578,1,5
2,0.22761455097771885,1,1,0,0.7460545485339384,0.2029100477867703,-0.03344877572699904,0.9271010513457961,0,4
3,-0.2348756470873047,1,0,0,-0.3440599587683815,-0.40545091647980674,-0.6169939129897358,-0.229812657618185,1,2
1,-1.159856043217352,0,2,1,-1.632377103762032,-0.7772778793485161,-0.19957701037453449,0.19339722865638478,1,5
0,-1.159856043217352,4,3,1,1.4397637804535965,0.5202850023074116,-0.8408573826930599,-0.8259470135533317,1,4
6,1.6150851451727894,3,0,1,0.8451558673796035,-1.4601975365037314,0.051827051134215624,0.25605609519331446,1,0
5,-0.0036305480547929366,1,1,0,-0.7404652341510432,-1.2338118016379285,-1.5939925608358578,0.3771732338624635,1,2
2,-0.6973658451523282,5,1,0,-0.04675600223138495,1.2445053428150603,1.3653132647818287,0.24695480731644198,1,0
1,-0.92861094418484,2,1,0,-1.632377103762032,0.02590218800300299,-1.6880767613331655,0.5851026568956268,1,2
2,-0.0036305480547929366,5,1,0,-0.5422625964597122,0.024089997550848584,0.527056117832595,-0.6561729896962876,1,5
2,1.6150851451727894,4,0,1,0.05234531661428013,0.45663397004507406,-0.36151261302934445,-1.01567386083275,1,3
0,-0.4661207461198165,1,1,0,0.05234531661428013,1.6407882473095106,1.6137555587360846,0.5914035485026924,1,5
3,-1.3911011422498636,0,0,0,-1.0377691906880393,-1.3538478453972989,-0.20334653271661796,1.5977959579645518,0,0
3,-0.92861094418484,4,0,1,0.9442571862252694,0.011352887515706202,0.5923688620862452,0.47483705377197954,1,2
1,0.9213498480752542,1,3,0,-0.7404652341510432,0.875388036146239,-1.6758835104919363,1.2295438484849428,0,4
8,0.6901047490427424,1,3,0,0.25054795430561116,0.7822069289921282,0.040518484107965234,0.6754154365968997,1,3
0,-0.92861094418484,1,2,0,-0.7404652341510432,1.3184772311763342,0.9903611852856083,0.618007313065858,1,0
5,1.6150851451727894,2,3,1,-0.24495863992271602,1.421098987638335,0.30153867404039764,-1.2824116055318586,1,4
5,-0.4661207461198165,3,1,1,-1.0377691906880393,0.6390784011853046,0.4320872335203086,-0.5686606062648215,1,4
10,-0.4661207461198165,1,0,0,0.4487505919969422,0.9142206886924047,-1.6980390703801003,1.6751569049179678,0,3
0,-1.6223462412823755,5,1,0,-0.24495863992271602,-1.516375440520518,0.7704980250065362,-0.3152247438472959,1,3
5,1.3838400461402778,4,1,1,-1.632377103762032,0.9454939182095835,0.7064161451911173,-1.2253535315345427,1,3
1,-0.0036305480547929366,1,1,1,-1.632377103762032,0.42955466700288114,-1.079760477251023,1.2228929073441512,0,2
8,-0.4661207461198165,3,2,1,-0.1458573210770505,0.3571533437001409,-0.465559122573587,0.43808185273076383,1,2
4,-1.159856043217352,1,0,1,-1.1368705095337048,1.3608997467134345,0.6596817610520214,0.7842808415856435,0,2
7,1.3838400461402778,5,3,0,0.25054795430561116,0.1555687295938224,-0.8713212775392855,0.13878950139514998,1,5
3,0.22761455097771885,4,0,0,-0.3440599587683815,0.07446889212074102,-1.4728678072111556,0.33936788422007014,1,3
2,-1.3911011422498636,4,2,1,0.5478519108426073,-1.4627173441800605,-1.5061396115570962,-1.0230249010409933,1,3
7,1.6150851451727894,0,2,1,1.5388650992992616,-0.00925430676879245,-1.0109474622511525,-1.5915053438117965,1,0
8,0.6901047490427424,4,3,0,0.15144663545994566,-1.7058615259891199,-0.6951538048174256,0.03762518614837522,1,3
6,-0.0036305480547929366,0,1,0,1.0433585050709344,-0.8377187456670373,0.5076700029304515,0.08593202180254447,1,4
7,0.45885965001023066,3,1,0,0.8451558673796035,0.7119974931886603,-0.4833297279005519,1.4973317417852288,0,3
9,-1.159856043217352,3,3,0,1.4397637804535965,-0.4671516866364924,1.2962694626997897,0.3600208067098961,1,1
4,1.1525949471077659,1,3,1,-1.0377691906880393,0.09918371809678965,-1.059297355965427,-1.0825333217743902,1,1
2,0.9213498480752542,2,0,0,1.1424598239166004,-0.4168418278933487,-1.3670519300369555,0.13003826305200336,1,1
2,-0.6973658451523282,2,3,0,1.4397637804535965,-1.6815436560168766,-0.900361985378806,0.027823799204051026,1,3
0,-0.4661207461198165,2,2,0,-0.3440599587683815,0.2403965017113357,-0.13938004644228327,-1.6916195104573937,1,5
2,0.45885965001023066,0,2,1,-0.6413639153053777,1.149978037039349,-1.100492850132482,1.0422673479416054,0,2
2,-0.4661207461198165,0,2,0,1.5388650992992616,-0.7098471355716851,0.5099394092384405,-0.6663244261743376,1,4
9,-0.92861094418484,1,2,0,0.4487505919969422,-0.8382365143676528,-1.5676059044412736,0.7713290088377865,0,1
9,-1.159856043217352,4,1,0,-0.44316127761404706,1.6226318248745921,0.7749983731088195,0.5676001802093336,1,1
5,-0.92861094418484,1,0,0,1.0433585050709344,-0.8801067432907631,-1.188845838089275,1.4416738659228163,0,4
5,-1.6223462412823755,0,3,0,-0.6413639153053777,-1.1818796009661894,-1.544527196224436,-0.8266471126207834,1,4
5,-0.92861094418484,5,3,1,-1.1368705095337048,-1.081259883479902,0.7931920880864264,-1.299564032684426,1,2
5,-1.6223462412823755,1,3,1,0.15144663545994566,0.5974843155691892,0.6390647817116465,0.48918908465474,1,5
8,0.9213498480752542,3,3,1,0.25054795430561116,0.25710317178453057,-0.7507734916200041,0.3666717478506875,1,2
9,1.6150851451727894,3,1,1,1.1424598239166004,0.07616026987608512,1.6849918380987232,-0.42163980209995855,1,1
1,-1.6223462412823755,5,0,1,-0.1458573210770505,-0.7758799038568541,0.9152784545534969,-0.9834693037299705,1,0
1,0.45885965001023066,5,0,0,1.1424598239166004,-0.2766128048099722,-0.6841144893870383,-0.41778925722897403,1,0
8,1.3838400461402778,0,1,0,-0.6413639153053777,-0.34677046374337844,0.04155702597772292,1.48367980996992,0,1
6,-0.4661207461198165,0,2,1,0.25054795430561116,1.041263868866772,0.10194631247844778,-0.8679529576004353,1,1
5,-0.6973658451523282,4,0,0,-1.0377691906880393,-0.6285401906183575,1.694223321385458,0.4345813573935052,1,4
4,1.3838400461402778,4,2,1,-0.44316127761404706,-1.6254693057402132,0.4448574520669587,0.15524182948026558,1,5
1,0.6901047490427424,5,0,0,1.2415611427622655,-0.41825706234169785,1.3618514585493031,1.5673416485304017,0,4
10,1.6150851451727894,2,2,0,-0.9386678718423742,0.08810346790361702,1.2224175964059096,-1.6209095046447692,1,4
9,-0.92861094418484,3,0,1,1.0433585050709344,0.3860793551078626,-0.8046622753063197,-0.5658602099950146,1,1
7,1.1525949471077659,2,1,0,-0.7404652341510432,0.17113630852566308,-1.0040238497861012,-0.3040231587680682,1,3
1,0.6901047490427424,0,3,1,-1.632377103762032,1.656718264331782,-0.5579124199546318,0.37612308526128585,1,2
7,-1.159856043217352,3,2,1,-1.335073147225036,0.7941328680629729,1.5188636034511878,0.39397561148130494,1,3
3,-1.6223462412823755,3,3,1,0.8451558673796035,-1.1141036780556146,-0.9337876477795256,-0.8399489949023663,1,1
6,-0.4661207461198165,5,1,0,-0.8395665529967087,1.0131145105099737,-0.6646129809438106,-1.2264036801357203,1,4
4,-1.3911011422498636,5,2,0,0.5478519108426073,1.182839090571749,1.450781414211517,-0.7524366114709002,1,3
3,-0.0036305480547929366,1,1,1,0.6469532296882728,-0.10238363705284163,0.15083470938444862,-0.6946784384061326,1,1
0,0.45885965001023066,5,0,1,-0.5422625964597122,-0.5648546404426456,-1.1807682902133818,-0.7268829955089121,1,4
7,-0.6973658451523282,1,2,0,-0.04675600223138495,-1.4809428024417277,0.2009924352423755,1.2512469195759464,0,4
4,-0.2348756470873047,3,2,0,-0.3440599587683815,1.5997637072640722,-0.8820144123464201,-0.0666895749019323,1,4
5,0.45885965001023066,2,2,1,1.5388650992992616,-1.349947321185995,0.28161405594652794,-1.5214954370666238,1,2
8,0.9213498480752542,1,3,1,-0.6413639153053777,1.1058123668768431,-0.9315182414715366,-0.09784398340353422,1,2
3,-1.3911011422498636,2,1,0,-1.1368705095337048,0.23235382789510758,-1.4997929667974659,-0.28021979047470946,1,4
1,1.1525949471077659,4,1,0,-0.44316127761404706,-1.7019782607345033,-1.0702597423684248,-0.7408849768579466,1,3
6,-0.0036305480547929366,2,1,0,0.5478519108426073,0.9482553512795331,-0.5937613467181194,-1.5018926631779754,1,5
8,-1.3911011422498636,1,0,0,0.6469532296882728,-1.6089697431472645,-1.502485482756097,1.437473271518106,0,4
8,-0.92861094418484,3,0,1,1.4397637804535965,-1.471087938173345,-0.2644281804638479,1.6317507627359606,0,2
1,-1.6223462412823755,2,3,0,1.3406624616079306,0.7269264907230752,1.0945230883709351,-0.1037948254768739,1,5
1,1.6150851451727894,0,3,0,-0.7404652341510432,0.6590297551156903,-0.7897765085064595,-1.4609368677320493,1,1
4,-0.6973658451523282,0,0,0,-0.1458573210770505,-1.2229731768383765,0.576213766334459,-0.4478935171293984,1,2
3,0.22761455097771885,4,2,1,0.8451558673796035,0.3991443853200615,-0.020755486207738396,-1.1486926836485785,1,4
4,-1.6223462412823755,3,1,0,1.4397637804535965,1.4284340442303887,-0.4179400546195122,-1.6566145570848074,1,2
9,0.22761455097771885,1,2,1,-0.5422625964597122,1.2299905602411378,-1.119378926356594,1.2267434522151357,0,5
1,0.6901047490427424,2,3,0,-0.1458573210770505,0.9975814494915073,0.9405111755372393,1.0783224499153694,0,1
7,1.6150851451727894,4,2,1,1.3406624616079306,0.2838027777796055,0.03959533577929174,0.5420465642473455,1,3
9,-0.0036305480547929366,3,0,0,-0.44316127761404706,-0.1527107547526725,-0.1777291665959283,-0.9250110315977512,1,3
1,-0.4661207461198165,3,0,0,-0.04675600223138495,0.12412291050977169,0.053173309113531145,1.620199128123007,0,2
1,-0.2348756470873047,2,0,0,1.4397637804535965,-1.491436248107536,0.613562809132041,0.13423885745671374,1,1
10,-1.159856043217352,3,3,0,1.0433585050709344,1.3111076566709063,1.4427807953630134,1.3034043001011,0,5
2,1.3838400461402778,1,2,0,-0.8395665529967087,-0.7447274870364856,0.3185015245797732,-0.8707533538702423,1,0
6,1.6150851451727894,5,3,1,-0.6413639153053777,-0.8735483397496329,-0.3126626806370384,1.4283719836412336,0,2
4,-1.6223462412823755,2,0,0,-0.5422625964597122,-1.713058510927676,1.2857686504611288,-1.5505495483658704,1,4
5,-0.6973658451523282,2,3,1,1.4397637804535965,-1.328925911941004,-0.7446960984562369,-1.4661876107379372,1,0
6,1.3838400461402778,4,3,1,1.7370677369905927,-0.7108826729729162,-1.2315029837767297,0.4807878958453193,1,3
0,0.9213498480752542,4,1,1,0.9442571862252694,1.3804196267266406,0.763843664137348,-0.9943208392754723,1,0
4,0.9213498480752542,5,2,0,-0.04675600223138495,0.7352970847163599,-0.14703448466753438,0.22945233063014878,1,5
0,-1.3911011422498636,0,0,0,-1.7314784226076976,1.3184081953495856,-0.24558056875343062,0.26200693726665414,1,5
2,1.3838400461402778,4,3,1,0.6469532296882728,-1.0861959450924368,-1.5936079156989105,-0.18220592103146746,1,4
2,-0.6973658451523282,5,1,0,-0.3440599587683815,0.015184375900261228,-0.4886378307904245,-1.471788403277551,1,1
4,-0.0036305480547929366,0,2,0,0.4487505919969422,0.3853199610136265,-0.7897380439927648,-1.304464726156588,1,5
6,0.6901047490427424,4,3,1,0.3496492731512767,1.192366034663075,0.08390645555561979,-1.4406339947759492,1,1
8,0.22761455097771885,3,0,0,-0.04675600223138495,1.2334768694919491,-0.13261029203201094,-1.6587148542871626,1,3
3,-1.3911011422498636,0,3,0,1.5388650992992616,-1.0028869611633957,-0.18711450793744222,-1.2792611597283259,1,2
0,0.9213498480752542,3,3,0,-1.632377103762032,-0.20241655001176476,0.3428495617485368,-0.16470344434517425,1,4
9,-1.159856043217352,5,3,0,0.7460545485339384,-0.966574116293559,-1.1261102162531718,0.34811912256321675,1,1
10,-1.159856043217352,1,0,0,-0.3440599587683815,1.2324758500040924,0.8468885492042684,-0.5655101604612888,1,4
9,-1.6223462412823755,4,2,0,0.7460545485339384,1.1735710308307308,1.553058556125802,-1.253007444698886,1,4
1,-0.0036305480547929366,5,0,1,0.6469532296882728,-0.9973468360668095,-1.3946309863560764,0.6089060251889855,1,0
6,-0.4661207461198165,2,2,0,-1.7314784226076976,-0.3193114636540674,0.05675050888714096,-0.054787890755252915,1,4
5,0.9213498480752542,2,3,0,-0.7404652341510432,-0.7347345511146056,-0.9812913221925162,-0.4478935171293984,1,5
0,1.1525949471077659,4,0,0,-1.0377691906880393,-1.6294043478648912,-1.5110630693100215,1.4049186648816006,0,1
2,-0.0036305480547929366,2,0,0,-1.1368705095337048,-0.7936221113312801,0.6480270134025183,0.8763438689555457,0,2
5,0.6901047490427424,2,0,0,0.7460545485339384,0.6111534092654396,-1.5410269254782156,-0.006131005567357798,1,5
10,0.22761455097771885,4,1,1,-0.9386678718423742,-1.3784591176332244,0.49063022336368645,0.34496867675968396,1,1
6,-0.6973658451523282,3,3,1,-0.04675600223138495,1.1075900394156233,-1.3697829105092811,0.6533623159721703,1,1
6,1.3838400461402778,2,3,0,-0.8395665529967087,0.48681988529096026,1.3100012940888082,0.5178931464202609,1,1
0,0.9213498480752542,4,0,1,0.25054795430561116,-1.4681193976231492,-0.6153014743871678,1.2337444428896531,0,3
3,1.3838400461402778,4,2,0,0.7460545485339384,-1.1829496562807948,0.6651821865103676,-1.717173126419382,1,3
9,-1.159856043217352,1,3,1,-0.5422625964597122,0.511724559790568,1.4304721509807,-0.08839264599293588,1,2
3,-0.6973658451523282,5,1,0,0.3496492731512767,1.5463127184038608,0.33461815581786475,1.466177333283627,0,1
3,-0.6973658451523282,0,2,0,1.1424598239166004,1.1532227208965398,1.5164788036021144,-0.20355894258874518,1,4
3,-0.6973658451523282,1,0,1,-1.4341744660707012,-0.24898121515378935,-1.0983388373655771,0.5910534989689664,1,0
3,-1.159856043217352,1,0,1,0.7460545485339384,0.6200245130026526,1.526056467512102,-0.16505349387890014,1,2
4,0.6901047490427424,4,1,1,-0.6413639153053777,-1.2123244005623834,1.2049931717021973,0.015922115057371646,1,4
8,1.3838400461402778,1,3,1,-1.335073147225036,-1.473883889156669,0.6701441087769877,1.1290796323056196,0,2
3,0.45885965001023066,5,3,1,0.15144663545994566,-1.6346165527844212,-0.06529739306623482,0.8374883707119748,0,0
4,1.3838400461402778,5,3,1,-0.9386678718423742,-1.2835348558537079,-0.27273651542190946,-1.1735462005431148,1,5
9,-0.92861094418484,2,2,0,1.1424598239166004,-1.3358122356591906,-1.04752721477484,-0.33027687379750803,1,1
9,0.22761455097771885,0,1,1,-1.5332757849163667,0.5655897636112717,0.9343953178597774,1.6779573011877746,0,1
5,1.1525949471077659,2,2,0,-1.4341744660707012,-0.06412053007735294,1.4333185249941098,-1.2309543240741565,1,1
3,0.45885965001023066,3,1,0,0.05234531661428013,-1.2362107966174471,0.7592663870076752,0.8983969895802753,0,3
9,0.22761455097771885,0,1,1,0.3496492731512767,0.5662801218787591,-0.7415035438195743,-0.6390205625437202,1,4
7,-1.3911011422498636,1,1,0,0.8451558673796035,0.23818735525537604,-1.175767903433067,0.6757654861306256,1,1
0,-0.0036305480547929366,0,2,1,-0.8395665529967087,0.29106879854491025,-0.13687985305212588,-1.1612944668627097,1,5
0,-0.0036305480547929366,1,2,1,1.1424598239166004,-0.1785991897834497,-1.3228946683154064,-0.05513794028897878,1,1
0,-0.2348756470873047,3,3,1,1.5388650992992616,-1.417930351576816,1.1944538949498416,1.1812370128307734,0,5
6,-0.0036305480547929366,5,3,0,-0.04675600223138495,-0.786701269699719,-0.6790756380930288,-1.5445987062925308,1,0
3,1.3838400461402778,5,2,0,0.9442571862252694,0.8537453044605091,1.1147938870880574,-0.8161456266090075,1,5
5,-1.159856043217352,3,0,1,0.05234531661428013,0.47101068096549903,-1.2444270603781586,-0.0988941320047118,1,5
4,1.1525949471077659,2,3,0,-1.5332757849163667,-0.4895710713731455,0.6651052574829781,-0.379283808519129,1,4
2,-0.4661207461198165,2,0,1,-0.6413639153053777,-0.3816162972948045,0.26930541156421456,0.45068363594489497,1,3
5,-1.6223462412823755,2,0,0,-1.4341744660707012,-0.16743264480684114,0.013362537439486413,1.6219493757916363,0,0
6,-0.2348756470873047,0,2,1,1.7370677369905927,-0.08950845536420178,-1.3207406555485015,1.3762146031160798,0,5
1,1.6150851451727894,4,1,1,-0.9386678718423742,-1.4596625088464288,1.629179828727671,1.3744643554474505,0,4
6,1.6150851451727894,5,3,1,0.4487505919969422,0.01155999499595242,-1.0298720029889592,1.2435458298339772,0,5
1,-1.6223462412823755,2,0,1,-0.7404652341510432,-0.29585654151618324,1.392392282422918,-0.1818558714977416,1,5
3,0.22761455097771885,1,1,1,0.5478519108426073,0.6848146364063443,0.793961378360321,-1.1108873340061851,1,2
7,-1.6223462412823755,5,3,0,-1.0377691906880393,1.565832598417067,1.3238869835326053,0.368071945985591,1,4
6,-1.6223462412823755,2,2,1,0.9442571862252694,0.9964596173068403,-0.7528505753595195,0.9383026364250238,0,0
1,1.6150851451727894,1,3,1,-1.335073147225036,1.5917382924045314,1.1537199749471232,-1.108436987270104,1,4
10,-0.2348756470873047,4,2,0,1.3406624616079306,0.9202268056195451,0.9171247512108439,1.3286078665293624,0,2
10,-1.3911011422498636,2,2,1,1.1424598239166004,-0.43234037099844064,-0.09141479786495596,-0.25676647171507655,1,5
1,1.3838400461402778,0,2,1,0.6469532296882728,-1.721083925787217,-1.197384960129505,-1.0394772291261087,1,5
2,-0.6973658451523282,0,1,1,-1.5332757849163667,0.6700927463521756,1.0128244612833301,-0.7408849768579466,1,3
9,-0.0036305480547929366,5,0,1,-1.0377691906880393,-0.8296242949807476,0.3367721685847696,-0.2991224652959061,1,3
0,-0.0036305480547929366,4,1,1,1.2415611427622655,-0.31063020844041345,-0.27235187028496216,-0.9677170747123066,1,1
7,-1.159856043217352,1,0,1,-1.335073147225036,1.4989886591676,1.6637978910529274,0.5042412146049522,1,5
10,-0.2348756470873047,2,0,0,-1.2359718283793704,1.2730689161323512,-0.3870530501226447,1.4819295623012907,0,4
1,-1.159856043217352,0,3,1,0.15144663545994566,-1.3772164727517469,0.87862177300242,-1.5302466754097703,1,4
7,-0.4661207461198165,0,2,0,-0.7404652341510432,-0.4435586928451108,0.26969005670116186,-1.3524215122770313,1,2
3,-0.4661207461198165,1,1,0,-0.9386678718423742,0.19115669828279747,0.6238328342885338,-0.23751374736015402,1,5
0,-1.159856043217352,1,0,1,0.25054795430561116,0.73885242979392,-0.4675977417994076,-1.1164881265457989,1,4
10,-0.2348756470873047,5,3,0,-0.44316127761404706,1.2913116333507053,1.532595434840206,-1.430832607831625,1,5
10,-1.159856043217352,2,2,1,-1.2359718283793704,-0.43988253507074043,-0.04414191053413376,0.41532863303858264,1,4
1,-0.0036305480547929366,0,2,0,0.15144663545994566,0.011508218125890866,0.9697442059452335,-1.7311751077684163,1,3
4,0.45885965001023066,1,3,1,-0.3440599587683815,-0.11146184827030084,-0.9717521227962234,-0.00718115416853539,1,3
5,-0.92861094418484,1,2,0,0.8451558673796035,-1.3601473645881212,1.6472966146778885,-0.5350558510271386,1,0
10,1.6150851451727894,2,2,1,-1.335073147225036,0.9160673970579335,-0.39136107565645434,0.8437892623190404,0,2
6,1.6150851451727894,0,1,0,0.4487505919969422,0.02902605916338344,-1.472944736238545,0.5921036475701441,1,2
4,1.1525949471077659,2,3,0,-0.24495863992271602,0.5240474548652179,0.10240788664278454,-0.32117558592063555,1,5
3,-1.6223462412823755,0,3,0,-0.3440599587683815,-1.5271450294933213,1.5272104029229439,0.7552267302863968,0,3
1,-0.92861094418484,1,0,1,-0.9386678718423742,0.39388040353047016,0.4452805617176007,0.09678355734804626,1,4
3,1.3838400461402778,0,1,1,-1.632377103762032,-0.8157480938042511,-0.5917227274922988,1.5806435308119844,0,1
0,-0.2348756470873047,5,1,1,1.2415611427622655,-0.5393286435022993,-0.8231252418797897,1.1630344370770285,0,1
0,0.6901047490427424,4,3,1,-0.6413639153053777,0.9129262669408659,-1.057335665766996,-0.1556021564683018,1,0
9,-0.92861094418484,1,2,1,0.6469532296882728,-1.6712573178313144,-1.6682290722666853,-0.0075312037022612546,1,0
1,1.1525949471077659,5,2,0,1.5388650992992616,-0.47493547610241277,-1.6606515630688234,-0.5133527799361349,1,5
9,-0.4661207461198165,2,2,1,0.25054795430561116,-1.6695831990326575,-1.6233409847849363,0.08733221993744794,1,5
6,0.22761455097771885,0,1,0,-0.3440599587683815,0.9555904078715867,0.8103472611942757,0.605055480318001,1,2
10,-1.6223462412823755,2,2,1,-0.8395665529967087,0.16033220163948542,-0.7406188600045955,-0.5294550584875247,1,4
4,1.1525949471077659,0,1,1,1.5388650992992616,0.9374685033500426,0.474359734070816,-0.36108123276538406,1,1
6,-0.6973658451523282,2,3,0,0.6469532296882728,0.3267603209740084,-0.8830144897024831,-0.3166249419821993,1,1
3,0.6901047490427424,5,3,1,0.5478519108426073,0.697758853921733,0.7028004809038128,0.8567410950668973,0,3
4,-0.2348756470873047,4,3,0,-0.24495863992271602,0.8629443283747786,1.3425038081608542,0.0680794955825254,1,3
9,-1.6223462412823755,4,1,0,1.2415611427622655,-1.5280942721111166,-0.2255405571184767,1.6443525459500918,0,0
1,1.3838400461402778,5,0,1,0.7460545485339384,-0.45767651941522797,-0.9085164622820886,-0.9313119232048168,1,5
3,-0.92861094418484,5,2,0,-0.7404652341510432,0.19388361343937266,-0.0785676502909164,1.313905786112876,0,3
8,-0.4661207461198165,2,2,0,0.3496492731512767,0.6374733182133964,1.653335543327961,-0.41078826655445677,1,3
6,-1.3911011422498636,1,2,1,-0.24495863992271602,-1.05466383122495,0.7555737936929813,1.0135632861760846,0,3
0,0.45885965001023066,4,2,0,-1.7314784226076976,-0.15509249077550402,1.4043162816682841,1.6779573011877746,0,4
0,-0.6973658451523282,4,2,0,1.0433585050709344,-1.2970141010263991,-1.6979621413527108,0.8969967914453717,0,1
8,0.6901047490427424,0,3,0,-1.335073147225036,0.44474254888760373,0.7453422330501833,-1.572252619456874,1,1
6,0.45885965001023066,2,0,0,0.05234531661428013,0.09172784880792582,0.8031928616470561,-0.5651601109275629,1,3
4,-1.6223462412823755,4,1,1,-0.5422625964597122,-1.5576933828296384,0.11852451788087608,0.14369019486731208,1,5
2,-0.4661207461198165,1,0,1,-0.5422625964597122,-0.5670637868986053,-0.2856990565370332,1.6061971467739726,0,4
1,-0.4661207461198165,0,0,1,-0.04675600223138495,0.4326440202498872,-0.3190477899103634,-0.2924715241551147,1,2
5,1.1525949471077659,3,1,0,1.7370677369905927,-0.7334056114496923,0.43062558199990886,-0.7790403760340658,1,5
1,1.6150851451727894,4,1,1,-0.3440599587683815,-0.46483898644040966,-0.276352179709214,0.15524182948026558,1,1
3,1.6150851451727894,4,3,1,-1.1368705095337048,-0.8649016024493533,-1.4548664148020223,1.4616266893451906,0,4
10,-0.92861094418484,5,0,0,0.3496492731512767,-0.3934386826255261,0.8531198004228145,-0.46154544894470706,1,3
3,1.1525949471077659,2,1,1,-0.9386678718423742,-1.059496339097362,0.4140858411111753,1.3254574207258294,0,4
0,-0.0036305480547929366,3,3,1,-1.335073147225036,-1.479389496339881,1.4376265505279195,-0.6180175905201684,1,2
3,-0.92861094418484,4,0,1,-1.5332757849163667,-1.1248042312016693,-1.5337955969036066,0.4741369547045278,1,3
6,-0.0036305480547929366,4,2,0,-1.632377103762032,1.6302257658169534,1.7250333968549363,-0.8823049884831958,1,3
9,1.6150851451727894,2,3,1,-0.24495863992271602,0.7717134833263198,-0.010639319106024614,-1.1451921883113199,1,5
8,1.1525949471077659,2,1,0,-0.24495863992271602,-1.1679516229196312,1.0032467973733425,1.344360095547026,0,1
2,-0.0036305480547929366,2,1,1,-1.1368705095337048,0.9173618188094723,1.3749293932055109,0.850090153926106,0,2
1,-0.6973658451523282,3,3,0,0.9442571862252694,0.6930989356161931,1.3760063995889633,1.205390430657858,0,4
3,1.1525949471077659,4,1,0,-1.2359718283793704,-1.1215422883877912,-0.34039559501093813,1.5977959579645518,0,3
3,1.6150851451727894,4,0,0,1.4397637804535965,-0.940979083526464,0.6891840430558787,0.3981762058860153,1,1
10,-0.92861094418484,5,3,0,0.3496492731512767,-1.4263009455701006,0.1753366046079911,-0.09539363666745317,1,3
2,0.9213498480752542,1,0,1,-1.632377103762032,-1.6295079016050145,-0.997369488916913,-1.361172750620178,1,0
3,1.1525949471077659,2,3,0,1.6379664181449276,0.38911693148480714,0.8897380174601968,-0.6302693242005736,1,4
1,-1.3911011422498636,4,1,0,-0.6413639153053777,-1.1668470496916514,0.7590740644392016,0.6967684581541774,0,4
3,0.6901047490427424,1,3,1,-0.1458573210770505,-0.8566863390662534,1.4709752839012498,1.045417793745138,0,2
3,1.6150851451727894,1,0,0,-0.7404652341510432,-1.6062428279906893,-0.49963868170711706,0.8521904511284611,0,1
2,-1.159856043217352,3,0,0,0.7460545485339384,-1.6769872914514599,1.004593055352658,0.8378384202457007,0,4
9,-1.159856043217352,1,1,1,-0.04675600223138495,1.4699763529764425,1.2734215415651207,-1.278211011127148,1,4
3,-0.92861094418484,4,3,1,-1.2359718283793704,0.06999882233876016,-0.1658820963779517,0.6782158328667066,0,0
9,-0.92861094418484,1,1,0,-1.335073147225036,-1.573916802115592,0.20818529930328986,-0.5245543650153627,1,0
10,0.45885965001023066,2,2,1,0.7460545485339384,-0.8268456029541108,-1.4095552176696313,0.19059683238657787,1,4
5,0.6901047490427424,4,0,0,-0.9386678718423742,-1.2349163748659082,1.6397191054800269,-0.8812548398820182,1,0
0,0.6901047490427424,0,0,1,-1.2359718283793704,-1.7263479075768082,1.4204713774200703,-0.366331975771272,1,2
5,-0.6973658451523282,2,2,1,-0.04675600223138495,0.9969083501807071,1.6826070382496499,0.7401746003361847,0,4
6,-0.92861094418484,0,0,1,1.0433585050709344,-0.8478324942857276,-0.7391572084841959,-0.4692465386866761,1,4
9,0.6901047490427424,0,2,1,-0.7404652341510432,0.15582761394413017,1.6914923409131324,1.2789008327402895,0,1
10,1.3838400461402778,5,3,0,-0.7404652341510432,-0.8163694162449897,0.8631205739834441,-1.572252619456874,1,0
0,0.45885965001023066,1,0,1,1.1424598239166004,0.9508787126959852,-1.5948387801371418,1.6954597778740679,0,5
2,-0.0036305480547929366,4,2,1,-1.2359718283793704,1.4765002386041983,-1.3004698568313793,-0.05303764308662359,1,3
5,-0.4661207461198165,4,2,1,0.4487505919969422,-0.7146106076173481,-0.04571895559561765,0.8143851014860678,0,1
2,-0.4661207461198165,1,2,1,1.5388650992992616,-0.7310756522969224,-0.9614820976397307,-1.188248280959601,1,2
9,-0.0036305480547929366,5,1,1,1.1424598239166004,1.6356450782167293,-0.938711105532451,1.092324431264404,0,2
6,-0.2348756470873047,5,0,0,-1.5332757849163667,-0.09758564709380427,1.5162095520062513,1.0986253228714695,0,3
1,1.6150851451727894,3,0,0,-0.6413639153053777,1.4151273886245692,0.6448729232795506,1.5694419457327569,0,3
8,0.45885965001023066,5,2,1,-1.2359718283793704,-0.27179755589424764,-1.4218638620519446,0.2518555007886041,1,2
9,1.3838400461402778,3,3,0,1.5388650992992616,0.7414412732969976,0.8738137087905788,-1.6457630215393055,1,5
7,0.6901047490427424,0,2,1,1.7370677369905927,0.12890364151212189,-0.5583739941189686,-0.0890927450603876,1,4
4,0.9213498480752542,1,3,1,-0.9386678718423742,1.0328069800900515,0.9305104019766097,0.512642403414373,1,1
9,0.45885965001023066,2,2,1,0.5478519108426073,-1.3804266386955633,-1.2251178745034046,-0.9600159849703377,1,1
0,1.1525949471077659,1,2,1,1.1424598239166004,-0.9613619113740292,-0.09272259133057675,1.2946530617579535,0,5
3,-0.0036305480547929366,2,0,1,-0.9386678718423742,1.583885467111862,-1.5909923287676688,-1.2474066521592722,1,1
8,1.3838400461402778,5,1,0,-1.0377691906880393,-0.9140551110944557,0.6757983922901128,-0.6603735841009979,1,2
5,-1.3911011422498636,0,1,0,-1.7314784226076976,-0.1310335051535684,-0.5980309077382344,-1.5845043531372793,1,5
3,0.22761455097771885,4,0,1,-0.3440599587683815,1.2733795773527203,0.65560452260038,-1.6779675786420851,1,1
1,-1.6223462412823755,3,3,0,1.3406624616079306,-1.0315886061341841,-0.43605684056972965,-0.6621238317696272,1,3
9,1.6150851451727894,3,2,0,1.4397637804535965,0.4874239487750118,-0.6117627391272527,-0.4587450526749002,1,4
8,-0.0036305480547929366,3,1,1,-1.335073147225036,-1.554103519838704,-0.7998542110944785,0.7832306929844659,0,2
2,0.9213498480752542,4,0,1,-1.0377691906880393,1.53240199931399,-1.7289645393906625,1.3538114329576245,0,0
6,0.6901047490427424,2,2,1,-0.3440599587683815,-0.03013764436028606,0.4052390029613876,1.5375874381637031,0,3
7,0.9213498480752542,2,2,1,0.9442571862252694,0.46248475636202974,1.4127784746811245,0.4440326948041035,1,1
1,0.9213498480752542,4,1,0,0.3496492731512767,-1.006442306240956,-0.6588048393759065,1.475978720227951,0,0
0,-0.92861094418484,1,2,0,0.05234531661428013,-0.2539863125930729,0.7559969033436232,-1.3149662121683638,1,4
4,-0.92861094418484,1,0,1,0.3496492731512767,-0.17290373407667872,0.12602509805134826,0.37577303572756,1,5
5,-0.6973658451523282,3,1,1,-1.4341744660707012,-1.1674683721323902,-1.039565060440031,0.36282120297970305,1,5
1,-0.0036305480547929366,5,3,0,-0.04675600223138495,-0.8699929946720728,1.6836840446331023,0.8595414913367043,0,5
2,-0.6973658451523282,5,1,1,1.7370677369905927,0.012595532397183508,-1.5351033903692275,-0.222111567876216,1,0
0,-0.0036305480547929366,0,0,1,-1.4341744660707012,1.221965145381597,-0.6739213932579351,-1.4990922669081685,1,2
2,1.6150851451727894,1,1,1,0.05234531661428013,1.430418824249415,0.9607050452269721,1.0940746789330333,0,5
5,0.45885965001023066,4,2,1,-0.7404652341510432,1.2487165282467334,1.5748679353907133,-0.3036731092343423,1,1
5,-1.6223462412823755,2,2,0,0.15144663545994566,-0.23431110196968225,-1.5209869138432617,-1.2208028875961066,1,1
5,0.9213498480752542,3,2,1,0.25054795430561116,-0.3141165176912248,0.36519744420517447,0.5514979016579438,1,1
9,1.6150851451727894,3,2,1,0.25054795430561116,-1.0327276972755384,1.523940919258892,-1.1427418415752388,1,1
1,0.45885965001023066,2,2,1,1.2415611427622655,-0.7632118296484605,0.6978770231508874,0.4023768002907257,1,1
3,0.22761455097771885,2,2,1,-0.3440599587683815,0.6647597287358356,-0.44825009141095884,-1.3730744347668573,1,5
7,-0.4661207461198165,2,1,0,0.05234531661428013,-1.1513485065865594,-1.547258176696762,0.32641605147221314,1,2
3,-1.159856043217352,3,3,1,-1.7314784226076976,-0.5094879073901567,1.2840377473448659,-1.0307259907829622,1,0
7,1.1525949471077659,5,2,0,1.0433585050709344,0.8440457708023112,-0.7428113372851951,0.008921124382854362,1,5
6,1.3838400461402778,2,3,1,-0.8395665529967087,0.26852860111144694,-0.08118323722215798,-1.0909345105838109,1,3
5,-0.0036305480547929366,0,0,1,1.1424598239166004,-0.8481604144627841,-0.9611359170164782,-0.32047548685318383,1,2
1,0.22761455097771885,1,3,0,-0.8395665529967087,0.9253181978422645,-0.729618009087903,1.5004821875887615,0,4
5,-0.4661207461198165,0,2,0,-1.7314784226076976,0.8048506801657146,0.5361722075782458,0.5875530036317078,1,2
1,0.6901047490427424,2,1,0,-1.2359718283793704,1.585939282957637,-0.4031696813607362,-0.10764537034785841,1,5
4,-0.2348756470873047,5,3,0,1.6379664181449276,-0.8244811258879665,-0.9512505369969327,-1.1612944668627097,1,0
8,-1.6223462412823755,3,0,0,-0.6413639153053777,0.248922426314805,-0.8008158239368468,0.275308819548237,1,5
0,1.3838400461402778,4,1,1,-1.335073147225036,1.2364971869122066,-0.1761136570207497,0.955455063577591,0,2
5,-0.6973658451523282,1,3,1,-1.335073147225036,-1.4587650430986951,1.721225409999158,-1.5470490530286118,1,0
1,-0.6973658451523282,5,1,0,-0.6413639153053777,-0.9185424398331237,0.9133936933824552,0.9404029336273789,0,3
5,0.45885965001023066,3,3,1,-1.632377103762032,-0.6227411811714634,0.821386576624663,-1.3191668065730744,1,2
10,1.3838400461402778,5,3,0,0.05234531661428013,1.0868102555642527,0.6764522890229233,0.667014247787479,1,0
1,-0.92861094418484,5,3,0,-1.0377691906880393,0.6520916545274419,1.288153450310202,0.047776622626425284,1,0
8,-0.4661207461198165,4,0,1,0.05234531661428013,1.5484355700763845,-0.4125165581885554,0.9302514971493289,0,2
9,-0.2348756470873047,2,2,0,-1.2359718283793704,-1.4787681738991423,-0.7223866805132939,-0.48744911444042105,1,5
10,0.22761455097771885,0,0,1,-0.24495863992271602,1.0861371562534525,0.8631975030108335,0.9046978811873407,0,1
1,-1.6223462412823755,5,0,1,0.3496492731512767,1.3056020494876945,-0.06564357368948738,-1.6744670833048265,1,0
5,1.6150851451727894,3,3,1,-1.5332757849163667,-0.7365467415667599,0.5255560017985006,0.07858098159430132,1,0
3,-0.4661207461198165,2,3,1,-0.3440599587683815,0.3225318765856482,-0.915709326343003,0.25290564938978166,1,4
9,-0.2348756470873047,2,3,1,-0.6413639153053777,1.0148404061786922,-0.3727827155419001,0.4244299209154551,1,1
2,-1.159856043217352,2,3,1,-0.9386678718423742,1.2317509738232306,0.33196410437292845,-0.12129730216316711,1,4
2,-0.0036305480547929366,3,0,1,0.3496492731512767,1.4537356747338015,0.9048545713422254,1.3401595011423157,0,1
5,1.6150851451727894,2,1,0,0.3496492731512767,0.25415189019102197,-0.28681452743418034,-0.8423993416384473,1,4
0,-0.6973658451523282,3,0,0,0.4487505919969422,1.2557409236184176,1.6258718805499244,0.5021409174025969,1,1
2,1.6150851451727894,1,3,0,-1.1368705095337048,-1.207716259126905,1.5813684382051227,0.47378690517080196,1,0
0,0.22761455097771885,5,3,0,-0.7404652341510432,-0.5187387081744878,0.761305006233496,-0.9232607839291219,1,2
3,-0.6973658451523282,0,3,0,-1.0377691906880393,-0.6594337230884183,0.7992310167364989,-1.188598330493327,1,5
10,0.22761455097771885,0,3,0,0.15144663545994566,-0.7054288426597658,-0.8064316429362772,1.0265151189239414,0,3
9,0.45885965001023066,2,0,1,-0.1458573210770505,0.9757661282389057,-1.1016083210296292,-0.9841694027974223,1,4
4,-0.92861094418484,2,0,1,-0.5422625964597122,-0.41706619433028214,0.22695598198631772,1.257197761649286,0,5
0,0.22761455097771885,3,0,1,1.0433585050709344,0.9871742986091349,0.48209110132345656,0.09818375548294972,1,4
0,-0.6973658451523282,5,0,0,-1.4341744660707012,-1.6749162166489977,-0.8315874348926301,1.6811077469913074,0,2
6,0.45885965001023066,4,3,0,1.6379664181449276,-1.6838736151696465,-1.205462508005398,-0.026783928057183784,1,4
10,0.22761455097771885,4,0,1,-1.335073147225036,-0.3599735656090748,0.2445727292585037,0.9754078869999653,0,3
2,-1.159856043217352,4,0,1,0.9442571862252694,-0.5398291532462276,-0.37416743803491037,0.8227862902954886,0,4
1,1.6150851451727894,1,2,0,-0.44316127761404706,-0.07069619257517035,0.06148164407159266,1.6093475925775054,0,4
10,-0.92861094418484,5,3,1,1.2415611427622655,-1.0602212152782238,-1.141265234648895,-0.7818407723038728,1,5
9,0.22761455097771885,5,2,1,-1.4341744660707012,1.6300359172933943,1.7153403394038644,1.0135632861760846,0,2
2,0.45885965001023066,4,2,1,-0.44316127761404706,0.15596568559762766,1.6647979684089904,-0.770989236758371,1,4
10,0.6901047490427424,1,1,1,-0.5422625964597122,0.6504347946854722,1.506747281637348,0.94285328036346,0,5
6,-0.4661207461198165,4,0,0,1.7370677369905927,-0.24818730314617884,-0.7076547717682127,1.6124980383810381,0,3
7,-1.3911011422498636,0,3,0,1.6379664181449276,-1.4159973484278512,-0.33201033102548716,0.5679502297430594,1,4
5,-0.2348756470873047,4,1,1,-1.0377691906880393,-0.8092932440032439,0.07482883032366369,1.5540397662488188,0,2
9,-1.3911011422498636,0,1,0,0.4487505919969422,1.6775843429665884,1.2128014679822274,0.7233722227173431,0,4
1,0.6901047490427424,5,1,0,0.15144663545994566,1.3947963376470656,0.7009926487601605,-0.2973722176272768,1,0
10,-1.3911011422498636,4,1,0,-1.2359718283793704,-0.26056197509089035,1.053904561909301,1.074471905044385,0,1
10,0.6901047490427424,0,1,0,-1.1368705095337048,0.10199692803680077,-0.45475059422536807,1.3790149993858867,0,5
6,-1.6223462412823755,3,0,1,1.7370677369905927,0.08808620894692983,-1.4628670336505258,0.8301373305037317,0,0
8,0.6901047490427424,0,1,0,-0.1458573210770505,1.4232563572242332,1.2096089133455648,-1.5838042540698276,1,1
9,0.6901047490427424,2,1,0,-1.335073147225036,1.3264681281225008,-1.245234815165748,-0.25116567917546273,1,3
0,0.9213498480752542,4,3,0,-0.9386678718423742,1.1364470149965962,-1.2850071223260982,-0.8434494902396249,1,4
7,0.6901047490427424,2,2,0,-0.8395665529967087,-1.4581782385713309,-0.9644054006805302,-0.14930126486123624,1,0
4,-1.159856043217352,4,1,0,0.05234531661428013,0.9553487824779661,-0.40932400355189286,0.6799660805353359,0,1
3,-0.4661207461198165,5,1,1,-0.5422625964597122,1.626359759519024,-0.49609994644720196,0.40762754329661366,1,0
4,-0.0036305480547929366,0,2,0,-0.1458573210770505,-1.1436855298174495,-0.8891688118936397,-0.9166098427883305,1,2
1,0.22761455097771885,0,1,1,-1.1368705095337048,-0.3101124397397979,0.9085471646569193,0.7510261358816864,0,3
1,-0.2348756470873047,1,3,1,-0.6413639153053777,1.1917101943089619,1.4325492347202153,-0.07684101137998237,1,3
0,-0.92861094418484,5,2,0,-1.5332757849163667,-1.0725268513961865,-0.33212572456657136,-1.0149737617652983,1,3
8,-0.4661207461198165,1,1,0,1.3406624616079306,-1.3080080564361358,0.024517246410957885,-0.8465999360431576,1,4
9,-0.6973658451523282,1,2,0,-1.0377691906880393,-1.106561513983315,0.5355567753591302,-1.334919035590738,1,1
8,-0.0036305480547929366,2,2,0,0.8451558673796035,-1.6763314510973468,0.01693973721309623,-0.09854408247098594,1,0
2,-1.6223462412823755,4,3,0,-0.5422625964597122,-0.6321645715226663,-0.27169797355215175,-1.5586006876415655,1,0
7,-1.6223462412823755,2,1,0,-0.04675600223138495,0.01716915591928748,-0.3049313133843978,0.6183573625995838,1,2
3,1.1525949471077659,3,3,0,-0.7404652341510432,-1.6061047563371917,-0.9503273886682592,-0.5042514920592625,1,5
6,1.6150851451727894,4,3,1,0.6469532296882728,-1.504311429796176,-1.519256010726999,1.6716564095807092,0,3
2,0.6901047490427424,1,2,1,1.2415611427622655,1.0512222868752776,0.033248691019661415,-1.4364334003712387,1,4
10,-0.4661207461198165,4,2,1,-0.7404652341510432,-0.6633169883430349,-0.4912534177216661,0.6411105822917651,1,4
10,0.45885965001023066,3,1,0,-0.9386678718423742,-0.7381173066252937,-0.5886455663967205,-0.791642159248197,1,5
3,0.9213498480752542,2,0,0,0.6469532296882728,1.0615776608875884,1.5232870225260815,-1.2621087325757585,1,4
6,-1.3911011422498636,3,3,1,-1.0377691906880393,1.1455252262140554,-1.686999754949713,1.5932453140261156,0,2
3,-0.6973658451523282,1,2,0,0.4487505919969422,1.6291039336322863,1.0721752059142973,-0.3939858889356153,1,3
3,-1.6223462412823755,1,1,0,-1.4341744660707012,0.5134677144159736,1.6366419443844484,-1.286612199936569,1,4
7,-0.2348756470873047,1,2,0,0.4487505919969422,0.5414099652925258,-0.2176168672973625,0.5602491400010904,1,1
3,-1.6223462412823755,1,3,1,0.05234531661428013,-1.708295038882013,-0.14584208474299779,0.41042793956642054,1,3
4,-0.92861094418484,5,1,0,-1.335073147225036,-1.1309656787389941,0.2738442241801926,0.23400297456858501,1,2
0,0.22761455097771885,3,3,1,0.5478519108426073,0.907903910544895,1.555327962433791,0.9067981783896959,0,3
0,-1.6223462412823755,4,3,0,-0.1458573210770505,0.3006130015929235,0.39804613890047325,1.6807576974575815,0,4
1,-0.92861094418484,2,0,1,-0.9386678718423742,-0.32835515695815226,-0.9239022677599803,-0.5466074856400921,1,2
10,-0.4661207461198165,1,2,1,-0.5422625964597122,-1.5207764744757502,-0.3333950535184974,1.0933745798655816,0,4
9,-0.4661207461198165,2,3,1,-0.04675600223138495,-1.646007464197963,-1.0065625076899534,-0.031334571995620016,1,0
7,0.9213498480752542,1,0,0,-1.4341744660707012,-1.2805317973901378,0.32077093088776226,-1.4721384528112769,1,3
7,1.6150851451727894,3,0,1,1.6379664181449276,1.6720787357833764,0.5598278835005043,-0.3274764775277011,1,4
9,1.1525949471077659,1,2,0,0.5478519108426073,0.6585637632851362,-1.3122015335082715,0.5077417099422108,1,2
6,-0.0036305480547929366,2,3,1,-1.335073147225036,-0.0057852564746683054,1.3786989155475944,0.3999264535546446,1,0
0,-1.6223462412823755,0,2,0,1.1424598239166004,-1.4395558243058584,0.9538583617893103,0.9393527850262013,0,2
1,-0.2348756470873047,5,1,0,-0.6413639153053777,-0.7311274291669839,-1.1233407712671513,-1.52604608100506,1,4
9,-1.6223462412823755,3,2,1,0.3496492731512767,1.0563136790979972,1.3585435103715564,0.2928112962345302,1,5
0,1.1525949471077659,2,0,0,-0.7404652341510432,-1.1401647026532638,-0.478906308825658,-0.8161456266090075,1,1
7,1.3838400461402778,3,2,0,0.8451558673796035,-1.0992091984345742,0.9500119104198375,0.1247875200461154,1,3
7,-0.2348756470873047,5,2,1,0.7460545485339384,-1.133450968501949,-1.1666133491737216,0.09188286387588417,1,2
5,-1.159856043217352,4,1,1,0.15144663545994566,-0.7440889056390597,-0.5173323580066925,1.3328084609340727,0,2
6,0.6901047490427424,1,2,1,-0.9386678718423742,1.684815845818519,0.17329798538217048,-0.09364338899882384,1,4
7,-0.0036305480547929366,3,3,1,-0.8395665529967087,0.5850751257111033,0.19595358394836598,1.3919668321337437,0,0
4,-1.159856043217352,2,2,0,-0.44316127761404706,0.013251372751296531,-0.6761523350522294,0.44123229853429663,1,0
6,1.3838400461402778,5,3,1,-1.2359718283793704,1.1400196190308434,1.4547432591220741,1.5760928868735482,0,1
1,1.3838400461402778,2,2,1,-0.5422625964597122,0.14605904445918358,-1.5067935082899067,1.5799434317445327,0,1
7,1.1525949471077659,5,0,1,0.6469532296882728,-1.5500649239739028,-0.9905997345066407,-0.18570641636872612,1,4
5,-1.6223462412823755,4,1,0,1.1424598239166004,-1.5150465008556049,1.187299495402622,-1.5918553933455224,1,1
5,1.1525949471077659,2,2,0,-0.5422625964597122,-0.5209823725438218,-1.0020236950739754,1.32965801513054,0,4
7,1.1525949471077659,1,2,0,-0.9386678718423742,-0.5533083984189189,0.08063697189156781,-0.7356342338520587,1,1
9,1.3838400461402778,5,1,0,1.1424598239166004,-1.6379130135116733,-0.5637590260362306,0.9025975839849856,0,5
5,-0.0036305480547929366,4,0,1,1.3406624616079306,-0.7121080588977063,-0.16072785154285799,-0.631669522335477,1,3
6,-1.159856043217352,3,2,1,-0.3440599587683815,-1.2977907540773226,-0.8923613665303023,1.3821654451894194,0,1
5,-1.3911011422498636,2,2,0,-1.632377103762032,-0.16967630917617518,-0.16938236712417207,0.17414450430146225,1,3
3,-1.6223462412823755,3,0,0,0.6469532296882728,1.7022646510292627,-0.6506118979589293,-0.8210463200811696,1,4
6,1.3838400461402778,4,0,0,0.9442571862252694,1.0654954440555795,-1.6068397084098973,-1.1945491725666666,1,1
4,-1.159856043217352,4,2,1,-1.632377103762032,-0.9016114033229954,0.5274022984558476,0.36142100484479955,1,5
7,1.6150851451727894,5,1,0,0.3496492731512767,-1.0950497898729628,1.6890306120366698,0.27810921581804393,1,3
9,-1.3911011422498636,0,1,1,0.3496492731512767,0.9119942832797578,-1.3721292458446597,-1.3678236917609694,1,1
0,-1.3911011422498636,5,2,0,-0.44316127761404706,-0.7644372155732506,-1.1398035831284954,-1.038777130058657,1,4
0,-0.4661207461198165,5,3,1,0.8451558673796035,1.6691619721032422,0.26611285692755204,-1.7126224824809455,1,2
5,0.9213498480752542,1,0,0,-0.24495863992271602,-0.3112342719244649,0.405469790043556,-1.0055224243547,1,5
10,-1.6223462412823755,0,0,0,0.6469532296882728,1.69995195083318,-1.6082628954166023,0.5290947314994885,1,0
10,-1.3911011422498636,4,2,1,0.05234531661428013,0.10971168167597238,-0.5025235202342218,-0.4342415853140897,1,5
0,1.3838400461402778,0,0,1,-0.8395665529967087,1.2096940271770085,0.30496201575922854,-0.6929281907375033,1,4
9,-0.4661207461198165,0,3,1,0.3496492731512767,1.4524930298523242,0.8690441090924325,-0.8840552361518251,1,5
10,-1.159856043217352,0,3,1,0.8451558673796035,-0.6657505012359279,0.8126551320159594,-0.08559224972312897,1,5
8,1.6150851451727894,5,2,0,1.6379664181449276,-0.5134229495148348,0.8254638150763042,-0.030284423394442424,1,1
0,-0.92861094418484,5,2,0,-0.44316127761404706,-1.077238546571788,-1.6213408300728103,-1.1080869377363782,1,3
2,-1.6223462412823755,1,0,1,-1.5332757849163667,1.3452631319548451,-1.2375419124268021,0.9799585309384016,0,3
4,-0.0036305480547929366,5,2,1,1.7370677369905927,1.5224435813054842,-0.5515273106813068,0.9894098683489999,0,1
10,1.1525949471077659,3,0,0,0.4487505919969422,0.15241034052006758,0.6362568722119313,-1.0275755449794295,1,4
7,-0.2348756470873047,1,3,1,1.5388650992992616,-0.2988595999797534,0.06778982431752825,-1.5277963286736893,1,3
7,-0.2348756470873047,1,3,0,-1.335073147225036,1.6338674056779494,0.2327256590405271,1.2148417680684565,0,0
8,-1.159856043217352,3,0,0,-0.5422625964597122,-1.609763655154875,-0.3838989599996769,-1.6604651019557919,1,0
7,0.45885965001023066,3,2,1,-1.2359718283793704,0.14669762585660942,-1.3995544441090018,0.2889607513635457,1,4
5,0.45885965001023066,0,3,0,1.1424598239166004,1.072278214033643,1.4417807180069504,-1.719273423621737,1,3
0,-1.159856043217352,2,2,1,1.3406624616079306,-0.9413070037035205,1.722225487355221,-1.0044722757535225,1,1
5,1.3838400461402778,3,1,0,0.05234531661428013,-1.6221210681428992,-0.4464422592673066,1.4367731724506543,0,0
0,-1.3911011422498636,2,3,1,-1.0377691906880393,-0.35812685724354604,0.6936843911581619,0.6019050345144683,1,2
5,0.9213498480752542,3,0,1,-1.335073147225036,-0.41285500889860904,-0.7539660462566666,0.14018969953005342,1,1
8,-1.6223462412823755,3,0,1,0.3496492731512767,1.0311328612913946,0.6491040197859708,-1.41263003207788,1,5
5,-0.2348756470873047,3,1,0,0.05234531661428013,-0.40795346519944853,-0.8495888273017634,0.9565052121787687,0,1
6,-0.2348756470873047,2,3,0,0.6469532296882728,1.6343679154218778,1.1928768498883577,-0.4709967863553054,1,5
8,0.9213498480752542,2,0,1,-0.6413639153053777,0.04379972608761363,-0.24915776852704044,0.9379525868912979,0,5
2,-1.3911011422498636,4,2,1,-0.3440599587683815,1.1220875630328584,0.4023926289479776,0.6183573625995838,1,4
6,-0.2348756470873047,2,3,1,-1.632377103762032,-1.6713436126147503,-0.6659207744094314,1.1374808211150405,0,0
2,1.1525949471077659,3,3,0,0.3496492731512767,0.7401468515454588,0.8977771008223951,0.15104123507555522,1,4
10,-0.0036305480547929366,0,3,1,-0.24495863992271602,-0.8050820585715708,0.15618127678801597,-1.2470566026255463,1,3
9,-1.6223462412823755,2,1,0,1.4397637804535965,1.370271360194576,-0.6099549069836004,0.39887630495346704,1,1
10,0.22761455097771885,5,1,1,0.4487505919969422,0.6243392521744487,-0.7047699332411079,-1.1682954575372269,1,3
5,-0.2348756470873047,2,0,0,-0.3440599587683815,-0.4395200969803095,1.5069396042058216,-1.0783327273696797,1,5
3,-1.159856043217352,0,3,0,-0.8395665529967087,-1.4911773637572283,0.3639281152532484,-1.2715600699863567,1,5
10,-0.0036305480547929366,1,1,0,1.4397637804535965,0.6939964013639266,0.32973316257863416,1.4525254014683182,0,0
5,-0.2348756470873047,1,0,1,-1.632377103762032,1.2618160763723065,0.5254021437437216,-0.029584324326990697,1,2
4,0.6901047490427424,4,0,1,-0.6413639153053777,1.5478660245057074,0.7091086611497484,1.4367731724506543,0,5
2,1.6150851451727894,3,2,0,1.5388650992992616,0.36718079753539523,1.4116630037839775,0.6992188048902584,0,1
1,1.1525949471077659,0,1,1,0.5478519108426073,0.18266529159270253,-0.922786796862833,0.01627216459109751,1,3
8,-0.0036305480547929366,1,2,1,0.15144663545994566,0.7276686258606242,1.579599070575165,1.3076048945058105,0,3
2,-0.4661207461198165,4,2,0,-1.0377691906880393,-0.7470574461892555,-1.0167171393053618,-0.879154542679663,1,5
5,0.22761455097771885,5,3,0,1.1424598239166004,0.5639501627259892,0.9683210189385285,1.5382875372311549,0,4
9,1.6150851451727894,5,0,1,-1.0377691906880393,0.27665756971111094,-1.7296569006371678,-1.5554502418380325,1,5
6,-0.6973658451523282,3,0,1,-0.8395665529967087,-1.531684135102051,-0.34962707829767314,-1.6198593560435917,1,3
4,-1.159856043217352,1,2,0,-1.0377691906880393,0.6277910435118857,-0.15657368406382724,0.8003831201370333,0,2
10,-1.159856043217352,4,2,1,-1.1368705095337048,-0.32697444042317747,-1.3951310250341078,0.29106104856590087,1,0
9,-1.6223462412823755,3,0,1,1.5388650992992616,0.053395706005688374,0.8203864992686,-0.5217539687455557,1,4
5,0.9213498480752542,3,2,0,0.3496492731512767,-1.6167017557431234,-0.3939766625876959,1.2561476130481084,0,4
8,1.6150851451727894,5,2,0,0.4487505919969422,-0.7408614807385562,-0.5040236362683161,-0.30577340643669754,1,3
10,-0.0036305480547929366,1,1,1,1.5388650992992616,-0.34979078116363577,-0.3605125356732815,1.0111129394400036,0,1
5,-1.3911011422498636,0,3,0,-0.9386678718423742,0.12500311730081812,-0.9319413511221787,0.654062415039622,1,2
1,-1.159856043217352,0,0,1,-1.7314784226076976,0.184391187261421,1.4181635065983866,-0.8458998369757059,1,0
1,-0.0036305480547929366,0,3,0,0.3496492731512767,1.1604714827051574,-1.1729984584470465,-0.32502613079162007,1,5
4,1.3838400461402778,3,0,0,0.05234531661428013,1.6775498250532141,1.408316591092536,1.4497250051985113,0,0
5,-0.0036305480547929366,5,2,1,-0.04675600223138495,1.7164342544694415,-0.4725596640660277,0.0827815759990117,1,5
9,1.3838400461402778,0,1,0,-1.5332757849163667,-0.3176028269420361,0.5679438958900922,0.6551125636407996,1,4
7,0.6901047490427424,5,2,0,-0.1458573210770505,0.9664290326711388,-0.5996079527997182,-0.027834076658361375,1,5
5,-0.92861094418484,2,0,1,-0.7404652341510432,-0.7845266411571337,-0.6992695077827616,-0.9904702944044879,1,5
5,-0.92861094418484,5,1,1,-0.7404652341510432,-0.4222093634230632,0.2596123541131428,0.728622965723231,0,3
5,-0.6973658451523282,2,0,1,-0.9386678718423742,1.4354239216886986,0.9603204000900248,-0.31732504104965104,1,1
9,-0.4661207461198165,5,3,1,-0.5422625964597122,-0.43727643261097554,-1.43671116433811,0.015922115057371646,1,4
7,-0.6973658451523282,1,2,0,-0.5422625964597122,1.5707514010729144,-0.019716944337980706,0.7853309901868211,0,4
7,1.3838400461402778,3,0,1,-0.6413639153053777,1.2647155810957535,0.4382030911977705,-1.054529359076321,1,0
0,1.6150851451727894,0,1,0,1.6379664181449276,0.930133446757989,-1.2092320303474815,0.5192933445551643,1,3
5,-0.2348756470873047,0,1,0,1.5388650992992616,-1.7209458541337195,1.148219549488777,-1.5288464772748669,1,1
2,-1.3911011422498636,0,1,0,0.25054795430561116,-1.231896057445651,-1.4739832781083027,1.3205567272536674,0,4
2,-0.2348756470873047,0,0,1,1.6379664181449276,0.17320738332812527,0.24191867781356738,-1.100735897528135,1,4
5,0.45885965001023066,2,1,0,1.7370677369905927,0.9323598521706359,-1.164267013838343,-0.60856625310957,1,1
3,-0.2348756470873047,3,3,1,-0.5422625964597122,0.11923862576729839,-1.3284720228011422,-0.014882243910504403,1,3
0,-1.6223462412823755,5,3,0,-0.1458573210770505,-0.9480552557682097,0.18337568797018952,-1.67586728143973,1,4
1,-0.2348756470873047,1,0,0,1.6379664181449276,-1.7170453299224158,-1.2938539604758859,0.4219795741793741,1,4
10,-0.6973658451523282,4,1,0,0.3496492731512767,0.9862595739047141,1.0897150241590938,1.2074907278602132,0,0
5,-1.159856043217352,4,1,1,-1.0377691906880393,1.0113195790145064,0.09948458360198512,-1.3776250787052935,1,4
2,1.1525949471077659,4,1,1,0.6469532296882728,-0.03438334770533352,-1.1659594524409111,-0.0852422001894031,1,0
9,-1.159856043217352,1,1,1,-1.0377691906880393,0.45528777142347365,0.21607052461070936,-1.471788403277551,1,5
3,-0.92861094418484,3,0,1,-0.5422625964597122,-0.7753448761995514,-1.1640362267561748,-1.1098371854050075,1,0
4,1.1525949471077659,1,1,0,-0.9386678718423742,0.9214521915443351,-1.5009853667220026,-1.533747170747029,1,5
2,0.9213498480752542,5,2,1,-0.8395665529967087,-1.724173279034223,-0.8964770694956383,-0.008581352303438847,1,2
5,-1.3911011422498636,4,1,1,-1.7314784226076976,1.4838180362395648,-0.6329951506867433,-0.6414709092798012,1,2
7,-1.3911011422498636,2,1,0,1.3406624616079306,1.2623338450729222,0.9959000752576493,1.561040756923336,0,3
6,-1.6223462412823755,5,3,1,-0.7404652341510432,0.913961804342097,1.3152324679512912,1.4346728752482991,0,5
10,1.6150851451727894,0,3,1,-1.4341744660707012,-0.245494905902978,-0.6258792156532184,0.2693579774748973,1,2
7,-0.6973658451523282,0,1,0,-1.4341744660707012,1.5192679332750423,-0.09349188160447133,-1.4836900874242305,1,4
2,-0.92861094418484,2,0,1,0.15144663545994566,0.5954477586801015,-0.8997080886459956,0.10063410221903077,1,5
9,0.6901047490427424,5,3,1,1.7370677369905927,0.17479520734334628,0.24449580023111422,1.658704576832852,0,5
6,0.45885965001023066,1,1,0,-1.2359718283793704,-1.399446008964841,-1.0925691603113679,-1.227103779203172,1,1
0,1.6150851451727894,4,1,1,-1.4341744660707012,-0.9297262437664194,1.523940919258892,-0.3470792514163495,1,4
4,-1.3911011422498636,2,1,0,-0.24495863992271602,0.44394863687999325,-1.2936231733937174,-0.6463716027519634,1,3
4,-1.159856043217352,3,0,0,0.25054795430561116,-0.7355629810355905,-1.1638054396740063,0.7268727180546017,0,2
7,-0.2348756470873047,3,1,1,-0.7404652341510432,0.6137422527685173,-0.562143516461052,0.08558197226881861,1,4
7,-0.2348756470873047,4,0,0,-0.6413639153053777,-1.340334082311233,-1.7059627602012146,1.6349012085394934,0,1
10,0.9213498480752542,5,3,1,-0.24495863992271602,-0.2669132711517743,1.361428348898661,-0.7982931003889884,1,3
6,-0.92861094418484,0,1,1,-0.6413639153053777,1.6312785621748715,-1.5133709401317055,-1.1588441201266284,1,2
2,-0.6973658451523282,3,0,0,1.4397637804535965,-0.9710959629456014,1.158028000480933,0.7450752938083467,0,3
1,-0.6973658451523282,2,1,1,-1.632377103762032,-0.8021652948914366,-0.9113628362954985,-0.9876698981346809,1,0
0,-0.4661207461198165,2,1,0,-0.9386678718423742,-0.4191890460028058,0.6892225075695734,-0.23996409409623506,1,4
0,1.3838400461402778,4,0,0,1.0433585050709344,-1.6727415881064123,0.0874836553292296,1.432572578045944,0,4
2,0.22761455097771885,5,2,1,1.1424598239166004,0.45066237103130813,1.7078012947196977,0.6698146440572859,1,4
5,-1.3911011422498636,5,0,1,-1.335073147225036,-0.5327357220477946,-0.8192403259966221,1.4854300576385495,0,0
0,-0.6973658451523282,2,1,1,1.6379664181449276,-0.2915763202577614,-1.3185097137542072,1.4206708938992645,0,5
0,0.9213498480752542,1,3,0,0.6469532296882728,-1.5225714059712174,1.6016777014359396,-0.1545520078671242,1,3
1,-1.159856043217352,5,0,0,-0.7404652341510432,-1.5967504018127376,-0.11422425448593038,-0.07684101137998237,1,0
9,-0.92861094418484,3,0,1,-0.1458573210770505,1.6702147684611606,-1.337857364142656,-1.4364334003712387,1,1
4,0.45885965001023066,5,3,1,-0.7404652341510432,1.211609771369286,-0.45736618115660965,0.5879030531654337,1,3
8,-0.4661207461198165,0,1,1,-1.2359718283793704,-1.3285289559371987,-1.0934538441263466,-0.7951426545854556,1,4
6,0.9213498480752542,0,0,1,-0.7404652341510432,-1.03756020514795,0.3516194708709351,1.1892881521064684,0,3
9,-0.0036305480547929366,2,0,1,0.25054795430561116,0.5010930424712621,-1.0968387213314827,-0.9820691055950671,1,5
0,-1.6223462412823755,2,3,0,1.1424598239166004,0.8282883433469116,-0.16092017411133164,1.5452885279056723,0,4
1,0.45885965001023066,1,3,0,-0.44316127761404706,1.4413782617457773,1.5230562354439132,1.3713139096439178,0,4
4,1.3838400461402778,3,3,1,-0.5422625964597122,1.464056530832738,-1.3737447554198383,-0.1944576547118727,1,4
3,-0.0036305480547929366,3,0,0,-0.1458573210770505,1.1994939837748824,-1.0484118985898188,-0.41078826655445677,1,0
9,0.6901047490427424,2,2,1,0.5478519108426073,1.3773130145229473,-1.6637671886780967,-0.526304612683992,1,1
7,1.3838400461402778,1,2,0,0.8451558673796035,0.6713699091470273,1.4645901746279248,-1.3195168561068003,1,2
9,-0.2348756470873047,0,0,0,-0.6413639153053777,1.1878269290543453,-0.7971232306221527,-0.7331838871159777,1,1
10,-1.6223462412823755,5,2,0,0.3496492731512767,1.5204070244163965,1.5720600258909982,-1.4266320134269146,1,3
4,-1.3911011422498636,0,2,0,-0.3440599587683815,-1.0803796766888556,-0.605185307285454,0.001920133708337078,1,1
4,-1.159856043217352,4,1,0,0.7460545485339384,-0.6774175559564648,-0.7294641510331241,0.1814955445097054,1,2
8,-1.6223462412823755,3,0,0,-1.1368705095337048,-0.09881103301859438,-1.4292875131950273,-1.1794970426164544,1,0
10,1.3838400461402778,4,3,1,-0.8395665529967087,-0.3977879397106967,0.8784294504339464,0.06632924791389609,1,2
4,0.22761455097771885,5,1,0,-0.24495863992271602,0.8236456839980588,-1.7279644620345997,-0.7968929022540849,1,1
4,-0.0036305480547929366,4,0,0,1.3406624616079306,0.9599396649567572,-1.2491197310489157,0.27390862141333355,1,5
6,-1.3911011422498636,0,0,1,0.25054795430561116,0.26143516991301397,-1.5210253783569565,1.5505392709115602,0,2
1,1.1525949471077659,2,0,0,1.6379664181449276,0.8756124025831723,-0.6758830834563663,-1.100735897528135,1,3
9,0.22761455097771885,1,1,1,-1.335073147225036,1.460207783491496,-0.25150410386241895,-1.0475283684018037,1,2
4,-0.2348756470873047,1,1,1,-0.1458573210770505,-1.0441013497323932,0.28099862372741224,0.23995381664192472,1,5
2,0.22761455097771885,0,3,1,-0.24495863992271602,-1.2966344039792812,-1.6532279119257407,1.6965099264752455,0,5
9,-0.4661207461198165,0,0,0,0.3496492731512767,0.29610841389756826,-0.17395964425384483,1.130829879974249,0,4
4,-0.4661207461198165,1,1,0,1.0433585050709344,1.3678205883449956,0.42450972432244694,-1.1955993211678442,1,4
10,0.6901047490427424,0,3,1,1.1424598239166004,0.07876637233585003,1.5649056263437786,1.148682406194268,0,0
2,1.3838400461402778,1,1,1,0.5478519108426073,-0.008408617891120395,0.765843818849474,0.6561627122419772,1,4
10,-0.92861094418484,2,3,0,0.4487505919969422,-0.6974724636269736,1.3536585171323257,1.089173985460871,0,1
0,0.45885965001023066,3,3,0,1.5388650992992616,-0.9279830891410138,1.3862379602317614,-1.3695739394295987,1,0
0,0.45885965001023066,5,0,0,-0.44316127761404706,-0.7493011105585895,1.1904920500392844,0.39957640402091876,1,2
4,1.1525949471077659,1,1,0,1.1424598239166004,-1.5117500401283526,-1.1003389920777031,1.4367731724506543,0,0
3,1.1525949471077659,4,1,1,1.4397637804535965,0.9814615839456767,-0.5101779584594729,0.6512620187698152,1,3
2,-1.3911011422498636,4,1,0,-0.04675600223138495,0.35610054734222263,0.4502040194705261,-0.07089016930664267,1,4
7,-0.2348756470873047,0,0,1,0.8451558673796035,0.1325280224164307,-1.1409190540256424,1.2869519720159843,0,2
0,-0.6973658451523282,2,3,0,-0.44316127761404706,-0.5039650412502575,-1.6966928124007847,-1.0254752477770743,1,1
10,0.6901047490427424,0,1,1,-1.1368705095337048,0.7806191049769071,0.19145323584608265,0.04987691982878047,1,5
2,-0.4661207461198165,5,2,0,0.3496492731512767,-0.7687174368316725,1.5312107123471959,0.2665575812050904,1,2
10,-1.3911011422498636,1,0,1,-1.0377691906880393,0.39034231740959724,0.22684058844523353,1.4336227266471215,0,5
5,-0.6973658451523282,0,1,0,-0.1458573210770505,-0.8230658914396174,-1.2933154572841596,-0.8315478060929455,1,2
9,0.45885965001023066,3,2,0,1.3406624616079306,-1.0691613548421854,-0.33743382745644396,-0.9708675205158395,1,3
7,-0.92861094418484,2,0,1,-1.4341744660707012,-0.5074340915443817,-0.6330720797141327,0.288260652296094,1,2
6,0.22761455097771885,5,2,1,-1.632377103762032,-0.7430533682378286,-0.31366275799310134,-1.2075010053145236,1,3
0,-0.4661207461198165,1,2,1,0.3496492731512767,-0.13716043477751902,0.9204711639022853,-0.879504592213389,1,4
5,-1.3911011422498636,0,3,0,-0.5422625964597122,0.8688641505184831,-0.2550043746086393,-0.9708675205158395,1,0
8,-1.6223462412823755,5,1,1,-0.24495863992271602,-0.4321160045615073,0.063135618160466,1.6552040814955935,0,0
3,-0.6973658451523282,0,2,1,-0.3440599587683815,-0.1468427094790297,0.49643836493159055,0.7310733124593122,0,5
2,0.22761455097771885,1,3,0,-1.4341744660707012,1.4201842629339143,1.6277181772072713,1.4721281753569666,0,5
9,-0.4661207461198165,0,1,1,-1.7314784226076976,0.07588412656909017,1.0640591935247095,-1.095835204055973,1,2
7,0.45885965001023066,3,1,0,1.3406624616079306,0.572717712723079,-0.4529042975680211,1.1164778490914886,0,4
2,0.9213498480752542,1,0,0,-0.9386678718423742,-0.4336520517066667,0.6209864602751237,0.18744638658304508,1,4
2,-0.2348756470873047,0,3,0,-0.24495863992271602,1.6848676226885804,-0.006562080654383317,-0.19025706030716236,1,2
10,-0.6973658451523282,5,2,0,1.6379664181449276,-1.5035002588318782,-0.6143398615447996,0.948104023369348,0,1
6,0.45885965001023066,5,0,1,1.1424598239166004,-1.1201270539394421,-0.09533817826181834,-1.0044722757535225,1,1
7,-0.4661207461198165,1,0,1,-1.335073147225036,1.707511373862167,1.4294336091109423,0.7856810397205469,0,4
6,-0.6973658451523282,2,3,1,0.05234531661428013,0.8309807405901124,0.8350799434999865,0.8311874791049093,0,3
1,0.6901047490427424,2,2,0,0.8451558673796035,-0.602341094367211,1.4060856492982416,1.4511252033334148,0,2
5,0.22761455097771885,5,2,1,0.6469532296882728,1.3599505040956394,0.3075391381767754,-0.917659991389508,1,2
2,1.6150851451727894,5,1,1,0.9442571862252694,0.9274410495147882,-0.8129321457506865,-1.0538292600088692,1,1
9,-0.4661207461198165,3,3,1,-0.1458573210770505,0.9192085271750011,1.6755680322435145,0.1471906902045707,1,1
4,0.6901047490427424,4,2,1,-1.1368705095337048,-1.3417493167595822,-1.484445625833269,-1.6583648047534367,1,2
3,-0.0036305480547929366,5,3,0,-0.1458573210770505,-0.71245323803145,-1.359859065976041,1.0993254219389212,0,3
8,-1.3911011422498636,1,1,1,0.5478519108426073,-0.8396862667293763,1.2785373218865197,0.21755064648346942,1,4
9,0.9213498480752542,3,0,1,0.3496492731512767,-0.975911211861326,0.21960925987062443,-0.2875708306829526,1,5
6,1.1525949471077659,2,2,0,-1.5332757849163667,1.1636816486489738,-1.5949926381919208,-0.8837051866180993,1,3
4,0.22761455097771885,5,1,0,-1.5332757849163667,0.947219813878302,-1.36497484629744,-1.4724885023450027,1,0
9,-0.6973658451523282,0,2,1,1.6379664181449276,1.2187894973511548,-1.3609745368731883,-1.3293182430511243,1,0
9,-0.2348756470873047,1,1,1,-1.2359718283793704,0.08201105619304078,-0.7044622171315501,1.4329226275796698,0,3
2,0.45885965001023066,3,2,0,-0.7404652341510432,1.2091935174330801,-0.05806606449162573,-0.479748024698452,1,3
2,1.1525949471077659,5,1,1,0.9442571862252694,0.11535536051268182,0.19576126137989233,-1.4479850349841923,1,4
7,-1.6223462412823755,5,1,1,-0.3440599587683815,-0.025960976841987338,1.1456039625575354,1.0566193788243659,0,2
4,0.45885965001023066,0,2,0,-1.1368705095337048,0.2233619114610843,-1.6684598593488535,-0.47274703402393475,1,2
3,-0.6973658451523282,0,0,1,-0.1458573210770505,-0.37787110369368543,1.5070549977469059,1.2330443438222014,0,3
1,0.9213498480752542,3,0,1,0.25054795430561116,1.4756718086832135,1.5966388501419302,0.7636279190958175,0,3
8,1.3838400461402778,4,3,0,-0.1458573210770505,0.7741297372625257,-0.03560278849390387,0.1688937612955743,1,3
7,0.45885965001023066,5,2,0,1.4397637804535965,0.7124980029325887,-1.5813762003439866,0.04392607775544078,1,0
3,1.3838400461402778,0,3,0,-0.7404652341510432,-0.08685057603437532,-1.222348429517384,-0.39643623567169634,1,2
1,-1.3911011422498636,5,0,1,0.5478519108426073,-1.3911617097549922,0.7127627899507476,0.5760013690187543,1,4
5,0.9213498480752542,0,2,1,-1.335073147225036,-0.3553136473035349,0.7836528886901336,-0.5385563463643972,1,5
3,-0.4661207461198165,1,3,1,-0.3440599587683815,-0.8399624100363713,-0.9857147412674101,-0.015232293444230266,1,0
4,0.6901047490427424,4,2,0,0.8451558673796035,0.4386328782203403,-1.197808069780147,-0.21686082487032804,1,2
8,-1.6223462412823755,5,2,1,-0.9386678718423742,0.48096909897400464,-0.9154400747471398,-1.5305967249434962,1,0
4,-1.159856043217352,5,1,1,0.3496492731512767,0.7966871936526762,-0.48121417964734176,1.1066764621471643,0,3
8,-0.6973658451523282,5,2,0,-1.2359718283793704,-0.5824760352202613,-0.15207333596154393,-0.7377345310544139,1,1
5,-0.92861094418484,2,2,0,-1.335073147225036,-1.3678103413572313,-0.13880307873686235,0.02467335340051825,1,0
8,-1.159856043217352,2,0,0,0.05234531661428013,1.7026098301630064,1.2284565250559822,0.34741902349576503,1,0
4,0.45885965001023066,3,2,0,0.6469532296882728,-0.2381253313975501,-0.11518586732829861,-0.6505721971566737,1,3
5,1.1525949471077659,3,3,1,-1.335073147225036,1.5736681647530488,-1.3471273119430858,0.7692287116354314,0,3
5,-0.6973658451523282,0,2,0,1.4397637804535965,1.534749217423447,-1.0509890210073656,1.38636603959413,0,2
4,0.6901047490427424,0,3,1,-0.9386678718423742,-1.2042989857028426,1.2093781262633965,-1.0720318357626142,1,0
7,-0.0036305480547929366,3,3,1,-1.335073147225036,-1.1560602017621608,-1.6969235994829532,-1.5834542045361018,1,5
10,0.6901047490427424,0,3,1,-1.0377691906880393,-1.376750480921193,-1.0305258997217697,0.5448469605171524,1,5
1,-0.92861094418484,4,3,1,-1.1368705095337048,0.47535993805066956,-0.7346568603819126,0.7356239563977484,0,5
3,-1.6223462412823755,1,2,0,-1.4341744660707012,-0.08648813794394443,-0.06622054139490832,0.21930089415209872,1,3
5,0.6901047490427424,3,0,0,1.0433585050709344,-1.2544362548791144,-1.1099166559876907,-0.7905920106470194,1,1
2,-0.2348756470873047,5,1,1,-0.04675600223138495,-0.06434489651428633,-0.3774753862126571,1.4140199527584731,0,5
2,-0.0036305480547929366,0,3,1,-0.3440599587683815,0.11756450696864147,0.6765292180503127,0.7856810397205469,0,1
5,-1.159856043217352,0,1,1,1.5388650992992616,-1.6383790053422274,-1.5869535548297224,-1.7378260489092079,1,5
7,-0.4661207461198165,2,1,1,-0.44316127761404706,-0.5367225410425344,-1.3409729897519291,1.445524410793801,0,3
7,-1.3911011422498636,0,3,0,-1.1368705095337048,-0.8257065118127567,-0.022794105433559045,-0.017682640180311314,1,3
1,-0.2348756470873047,1,3,1,-0.7404652341510432,1.5793118435897582,-0.2732750186136357,0.17799504917244677,1,2
6,1.6150851451727894,2,2,1,-0.9386678718423742,-1.1686074632737442,-0.9684441746184766,0.4181290293083896,1,3
10,-0.0036305480547929366,1,2,0,-0.04675600223138495,0.11138580047462932,-0.5790679024867329,-0.9460140036213031,1,1
5,-0.4661207461198165,4,2,0,-0.7404652341510432,0.35881020354211063,-0.4740213155864274,-1.5635013811137275,1,2
1,-0.4661207461198165,4,1,1,0.05234531661428013,0.15606923933775077,-1.0741831227652874,1.576442936407274,0,0
7,-0.6973658451523282,1,0,0,0.5478519108426073,-0.47005119135993945,-1.1930384700820005,-0.5392564454318489,1,4
7,-0.0036305480547929366,0,3,0,0.9442571862252694,0.8544874395980581,-0.22730992474843426,1.2064405792590356,0,5
10,-1.6223462412823755,1,0,0,0.7460545485339384,0.6588744245055056,0.06490498579042356,1.0828730938538056,0,1
6,0.45885965001023066,2,0,1,-1.0377691906880393,1.2252616061088493,-0.6083009328947271,-0.05408779168780119,1,3
9,-0.92861094418484,3,2,1,-1.335073147225036,0.03389308494916955,-1.505062605173644,0.4923395304582728,1,0
2,1.6150851451727894,2,2,0,0.15144663545994566,1.5617077077688297,0.7539198196041079,0.9880096702140965,0,4
8,-0.92861094418484,4,0,0,-1.0377691906880393,-0.6024273891506469,-0.007562158010446277,-0.734934134784607,1,5
0,-1.159856043217352,0,0,0,-1.4341744660707012,-1.0086514526969155,1.5040932301924117,-1.0051723748209742,1,5
2,-1.159856043217352,2,1,0,0.05234531661428013,-0.8285369807094549,0.9763985668144216,-0.33412741866849255,1,5
8,-0.92861094418484,5,0,1,-0.6413639153053777,-0.06486266521490187,-0.9494427048532804,-0.8966570193659562,1,3
1,0.6901047490427424,5,3,0,0.8451558673796035,-1.6164083534794411,0.39619984224312627,0.16924381082930015,1,5
7,-1.6223462412823755,0,2,1,-0.6413639153053777,-0.8244120900612177,1.3526969042899575,-1.1791469930827285,1,4
9,1.3838400461402778,3,3,0,1.6379664181449276,-0.6984044472880816,-0.7543122268799192,1.0667708153024158,0,0
10,0.6901047490427424,5,3,1,0.9442571862252694,1.5047531507011198,1.526056467512102,-1.4854403350928598,1,1
10,1.1525949471077659,0,0,0,-1.5332757849163667,-1.3322914084950048,-1.5048702826051703,-0.4219898516336844,1,0
2,0.6901047490427424,0,1,1,0.05234531661428013,0.7954963256412605,0.01786288554176973,-1.0692314394928073,1,4
3,-1.3911011422498636,5,3,1,0.25054795430561116,-0.9303820841205325,-1.4612130595616526,1.1563834959362371,0,1
0,0.22761455097771885,3,0,0,0.6469532296882728,0.13075034987765066,-1.052796853151018,0.28300990929020603,1,4
7,0.45885965001023066,5,1,0,-0.04675600223138495,1.224502212014613,0.8696210767978534,1.3713139096439178,0,2
2,-1.3911011422498636,1,2,0,-0.04675600223138495,-0.34832376984522506,-0.1985384685047768,-0.14160017511926723,1,1
5,-0.6973658451523282,4,0,0,-0.44316127761404706,0.6852806282368983,-0.3223172735744154,-1.133990603232092,1,3
4,0.22761455097771885,3,2,1,-0.7404652341510432,-1.4900037547024996,0.978475650553937,0.37017224318794617,1,4
6,0.22761455097771885,5,2,1,1.5388650992992616,1.2496312529511542,1.1230252930187294,0.07578058532449441,1,4
0,-0.0036305480547929366,1,3,1,-0.6413639153053777,1.4680088319141034,0.2803062624809071,-1.5551001923043066,1,2
7,-1.6223462412823755,1,2,1,-1.5332757849163667,0.010351868027849483,0.5130934993614084,-0.7552370077407071,1,3
5,-1.6223462412823755,2,3,0,-1.1368705095337048,-0.9061677678884122,-0.3370876468331914,0.6603633066466875,1,3
3,0.22761455097771885,5,0,1,1.2415611427622655,-0.5798008969337476,-0.11618594468436157,-0.307173604571601,1,2
10,1.1525949471077659,5,0,0,0.3496492731512767,0.4848005873585597,-1.119802036007236,-0.9904702944044879,1,5
1,0.6901047490427424,2,0,1,0.9442571862252694,-0.9688522985762674,0.4027003450575355,0.8815946119614337,0,1
5,-0.0036305480547929366,5,3,1,1.0433585050709344,-0.9885965450264068,-1.2917768767363704,0.6323593439486185,1,0
0,0.45885965001023066,5,0,1,1.1424598239166004,-0.25602286948216074,0.4663591152223123,1.1521829015315268,0,5
7,0.22761455097771885,2,1,1,0.15144663545994566,0.354081249409822,1.460436007148894,-0.8963069698322303,1,3
1,-0.2348756470873047,0,3,1,-1.1368705095337048,0.11181727439180893,1.703070159535246,0.050577018896232194,1,2
10,-1.159856043217352,5,0,1,-1.2359718283793704,-0.11665679423314347,-1.4929078188461093,-1.3961777039927643,1,1
7,-1.159856043217352,1,1,1,0.25054795430561116,-1.444750770268701,-1.0893381411610106,-0.510552383666328,1,2
6,-1.3911011422498636,5,0,1,-0.44316127761404706,0.7882993407027044,0.5347105560578461,-0.6880274972653412,1,1
0,-0.6973658451523282,4,3,1,0.25054795430561116,0.3802803456609685,-1.3295490291845944,1.197689340915889,0,0
0,0.9213498480752542,0,3,0,-0.04675600223138495,-0.16463669382351723,-0.886707083017177,-0.9971212355452792,1,0
0,0.9213498480752542,3,0,0,0.3496492731512767,0.3083104962754079,0.049480715798837144,0.8630419866739629,0,2
6,-1.159856043217352,1,2,1,-1.632377103762032,0.5632598044585018,-0.8500888659797949,-1.5288464772748669,1,3
5,1.3838400461402778,0,3,0,-1.632377103762032,0.22317206293752526,0.1618740248148359,-0.07999145718351514,1,5
3,-0.4661207461198165,2,2,0,0.7460545485339384,1.312747257556189,-1.619379139874379,-0.28372028581196806,1,3
3,-1.3911011422498636,0,1,0,-1.0377691906880393,-0.6978176427607172,0.767536257452042,-0.5714610025346284,1,0
1,0.9213498480752542,1,3,0,0.5478519108426073,-0.7897215871199763,-0.646380801452509,-1.430832607831625,1,4
10,-1.159856043217352,3,0,0,0.15144663545994566,0.26086562434233684,1.3201559257042166,-0.37753356085049966,1,5
0,-0.6973658451523282,1,3,1,1.6379664181449276,-0.9157810067631741,1.3320029959221933,-1.4843901864916822,1,1
7,0.9213498480752542,0,0,1,1.1424598239166004,-0.4253850114535052,-0.5341028859775945,0.2966618411055147,1,3
7,0.6901047490427424,2,2,1,-0.3440599587683815,-0.8141775287457172,-1.189153554198833,-1.672716835636197,1,1
4,0.6901047490427424,2,0,1,0.4487505919969422,1.113440825732579,0.2005693255917335,0.7937321789962418,0,3
0,-1.6223462412823755,1,2,1,-1.335073147225036,-0.9733223683582483,0.3179245568743523,-0.8126451312717489,1,0
2,1.1525949471077659,3,2,0,-0.3440599587683815,-0.8749290562846077,-1.1735369616387727,0.39082516567777215,1,0
10,-1.6223462412823755,4,0,1,0.8451558673796035,0.03812152933752983,-1.6337264034825132,-0.9134593969847977,1,4
2,0.45885965001023066,5,0,1,0.4487505919969422,-0.28962605815210957,-0.48959944363279273,0.9960608094897914,0,0
3,0.22761455097771885,3,2,1,-0.04675600223138495,1.588079393586848,-0.20219259730577607,-0.6554728906288358,1,3
1,-0.2348756470873047,2,2,0,-1.1368705095337048,0.16595862151950766,1.3586589039126404,-0.8602518678584664,1,1
1,-1.6223462412823755,2,0,0,1.0433585050709344,1.0085236280311825,-0.1284945890666749,1.043317496542783,0,4
5,1.6150851451727894,3,2,0,-0.7404652341510432,0.01471838406970724,0.14441113559742882,-1.2421559091533843,1,2
9,0.9213498480752542,0,3,1,1.1424598239166004,0.19500544562403968,-0.2888916111736957,0.5781016662211095,1,3
9,1.3838400461402778,4,3,1,0.3496492731512767,-0.5500291966483538,0.4646282121060495,-1.129439959293656,1,5
8,-0.0036305480547929366,1,1,0,-0.44316127761404706,0.5918924136025413,0.8865454628235342,-0.05303764308662359,1,5
9,-1.159856043217352,3,2,0,-1.632377103762032,-0.8867687005720165,-0.28973783047497975,-0.08699244785803242,1,3
2,-0.0036305480547929366,1,1,0,-0.9386678718423742,-0.09000896510813014,1.0896765596453992,1.5130839708028927,0,5
1,1.6150851451727894,5,2,0,1.3406624616079306,-0.21682777884556406,-1.5125631853441162,-0.20600928932482623,1,4
10,-0.6973658451523282,4,2,1,1.1424598239166004,0.4872341002514527,0.4903225072541286,0.24730485685016787,1,1
8,-1.6223462412823755,3,1,1,0.25054795430561116,-1.0599795898846032,-1.0121783266893838,0.9803085804721274,0,1
0,-0.2348756470873047,0,1,1,-0.1458573210770505,-0.5652170785330765,0.9637437418088557,1.1997896381182442,0,1
5,-0.6973658451523282,3,0,1,0.5478519108426073,1.5862672031346936,-0.9342876864575571,-0.7139311627610552,1,0
1,-0.4661207461198165,4,1,1,-0.1458573210770505,1.69406664660285,0.03317176199227195,1.6044468991053433,0,4
5,-0.4661207461198165,0,2,0,0.5478519108426073,0.26576716804149736,0.2702285598928881,0.3453187262934098,1,4
3,-0.0036305480547929366,3,3,1,-0.6413639153053777,0.7531255869742217,1.054635387669501,0.2480049559176196,1,1
7,0.22761455097771885,0,0,0,1.1424598239166004,0.1327178709399897,-0.4074777068945459,0.9848592244105636,0,5
4,-1.3911011422498636,1,1,0,0.7460545485339384,-0.3471329018338093,-1.5040240633038862,0.24450446058036093,1,0
1,0.22761455097771885,0,3,0,-0.5422625964597122,-0.390625472685515,1.3131553842117758,-0.3932857898681636,1,0
10,0.9213498480752542,4,0,1,1.1424598239166004,0.1327351298966769,0.5915226427849611,-1.0429777244633676,1,3
8,1.6150851451727894,1,2,0,-0.04675600223138495,-1.3481178717771534,0.1784522302172642,-0.7163815094971362,1,3
1,0.6901047490427424,3,1,1,-1.1368705095337048,0.8757504742366697,0.03997998091623903,1.6916092330030834,0,3
0,0.45885965001023066,4,1,1,-1.4341744660707012,1.185738595295196,1.7101091655413814,1.5925452149586639,0,2
4,0.22761455097771885,0,1,1,0.6469532296882728,1.3378417805793557,-0.7624667037832018,-1.4161305274151386,1,2
5,1.1525949471077659,2,1,1,1.2415611427622655,1.1528430238494218,0.346657548604315,-1.0951351049885212,1,0
5,0.45885965001023066,0,1,0,1.0433585050709344,1.709668743448065,-0.32566368626585684,-0.3568806383606737,1,4
2,1.6150851451727894,3,0,1,0.5478519108426073,-0.5983542753724712,0.6353721883969524,1.2155418671359082,0,4
1,0.45885965001023066,4,3,0,-1.2359718283793704,-1.1367819471425755,-1.2225792165995526,0.7566269284213002,0,3
7,-0.2348756470873047,2,3,1,-1.4341744660707012,0.2806271297491635,0.14710365155605987,0.07438038718959096,1,0
10,-1.6223462412823755,1,0,1,-0.5422625964597122,0.4113119497845268,-1.6088398631220233,0.24905510451879717,1,3
8,-0.2348756470873047,0,0,0,1.2415611427622655,0.1126457043127938,-1.249619769726947,0.14404024440103794,1,3
5,0.45885965001023066,0,1,1,1.6379664181449276,-0.4024478580162366,-1.2970849796262431,-1.031426089850414,1,3
10,-0.6973658451523282,4,3,1,-0.9386678718423742,-0.4037077618544011,-0.828625667338136,-0.786391416242309,1,4
3,-0.4661207461198165,5,0,0,0.9442571862252694,1.148562802591,0.23768758130714718,-0.32607627939279765,1,0
10,0.45885965001023066,1,3,1,0.25054795430561116,1.0399867060719203,-0.41543986122935483,0.7601274237585589,0,1
4,-0.2348756470873047,3,0,1,-1.632377103762032,-1.3606306153753625,1.3345031893123507,1.1623343380095768,0,1
4,1.3838400461402778,1,2,1,0.15144663545994566,-1.3122537597811834,-0.15599671635840628,-1.2201027885286548,1,3
9,1.6150851451727894,2,2,1,1.0433585050709344,0.14060521414603316,0.9733214057188433,-0.34392880561281675,1,3
9,-0.6973658451523282,1,0,1,-0.7404652341510432,-1.629093686644522,-1.3047009533377993,0.09468326014569108,1,1
9,-0.2348756470873047,0,0,1,1.3406624616079306,-0.1889545637957606,-1.693961831928459,0.6715648917259153,1,0
8,0.22761455097771885,0,3,0,-0.9386678718423742,1.1534988642035349,-0.8671671100602547,-1.1644449126662424,1,4
5,-1.159856043217352,5,1,0,-1.4341744660707012,0.5648476284737227,0.4164321764465538,-0.9978213346127309,1,2
8,-0.0036305480547929366,1,3,0,-1.1368705095337048,-1.6704116289536424,-0.04856532960902762,0.8091343584801799,0,1
9,-1.3911011422498636,0,3,1,1.1424598239166004,1.5505584217489083,0.7790371470467661,-0.9764683130554532,1,3
2,0.6901047490427424,3,3,0,-0.24495863992271602,0.4504207456376875,0.2972691130202827,1.1010756696075505,0,2
6,-0.2348756470873047,2,0,1,1.0433585050709344,-0.21544706231058927,-0.08756834649548303,1.193138696977453,0,3
8,1.1525949471077659,5,0,1,0.15144663545994566,-0.8881321581503041,-0.6275716542557864,-0.7685388900222899,1,5
1,-1.3911011422498636,1,0,0,-0.04675600223138495,-1.1661566914241641,0.6315642015411743,-0.11044576661766532,1,5
8,1.6150851451727894,1,0,1,1.0433585050709344,1.4771905968716856,-0.4712134060867122,-0.28021979047470946,1,5
10,1.3838400461402778,3,3,0,-0.24495863992271602,-0.043582371619603016,1.1696058191030465,-1.2250034820008169,1,4
1,-0.92861094418484,2,1,0,1.0433585050709344,-0.9838330729807439,1.470782961332776,-0.5924639745581802,1,0
8,-0.2348756470873047,4,2,0,-1.335073147225036,-1.0777563152724035,0.44274190381374856,-0.7835910199725021,1,0
8,-1.159856043217352,1,2,1,0.4487505919969422,-0.19504697550633684,-0.09868459095325978,0.45068363594489497,1,5
1,-1.3911011422498636,2,3,1,0.7460545485339384,0.45402786758530916,0.9230098218061376,-1.546699003494886,1,5
3,0.6901047490427424,0,1,0,1.3406624616079306,1.06218172437164,0.6237174407474495,1.0496183881498484,0,5
4,0.45885965001023066,4,3,0,-0.9386678718423742,0.0716556821807299,0.07394414650868492,1.5540397662488188,0,3
2,-0.2348756470873047,5,2,0,0.3496492731512767,-0.5191184052216058,-0.8015081851833519,1.0055121469003896,0,3
10,-1.6223462412823755,0,0,0,-0.24495863992271602,0.44199837477434134,0.6369492334584363,-1.0335263870527691,1,2
6,1.3838400461402778,0,0,1,-0.44316127761404706,0.8422508393068441,-1.4328262484549423,-1.080082975038309,1,5
6,1.6150851451727894,2,1,1,-1.335073147225036,-1.2530382793874524,-0.9812143931651268,-1.1504429313172078,1,3
3,-0.0036305480547929366,3,2,0,-1.2359718283793704,-0.9753071483772745,-0.2861221661876752,1.4210209434329903,0,4
6,-1.159856043217352,4,2,1,1.1424598239166004,-0.32819982634796757,1.0537891683682168,-0.9327121213397203,1,2
3,0.9213498480752542,1,1,0,0.8451558673796035,1.7035245548674272,0.8838529468649031,-0.7153313608959586,1,3
1,0.9213498480752542,2,3,1,-0.44316127761404706,-0.23845325157460662,0.8690441090924325,0.6537123655058962,1,0
0,1.1525949471077659,3,1,1,1.1424598239166004,1.6237709160159461,1.2513429107043461,-0.3974863842728739,1,0
8,-1.3911011422498636,4,1,1,-1.4341744660707012,-0.40973113773822856,0.09033002934263956,0.8098344575476316,0,5
9,-1.159856043217352,2,1,0,0.4487505919969422,0.9544858346436068,-0.0016770874151527078,-0.04253615707484767,1,5
0,-0.6973658451523282,2,2,1,1.2415611427622655,1.2470596684047637,-1.6564973955897928,-1.2764607634585188,1,4
8,0.6901047490427424,5,0,0,1.1424598239166004,-0.676226687945049,-0.09564589437137616,-0.5480076837749955,1,0
4,-0.0036305480547929366,0,3,0,-0.44316127761404706,0.8375218851745554,1.4342416733227834,1.4934811969142443,0,1
0,0.45885965001023066,0,2,0,0.8451558673796035,-1.2534352353912577,0.9551276907412364,-1.5547501427705808,1,0
2,-0.2348756470873047,2,3,0,-0.24495863992271602,-1.4113546890789985,1.366851845329618,1.2743501888018534,0,5
3,-0.2348756470873047,5,1,1,1.1424598239166004,0.9634950100343173,1.2331107312130445,0.9257008532108926,0,0
8,0.9213498480752542,4,3,0,0.15144663545994566,0.23316499885940525,0.33050245285252877,-0.783941069506228,1,3
6,-0.2348756470873047,4,3,1,0.9442571862252694,0.8674489160701339,1.5721754194320823,-0.45104396293293114,1,0
1,1.6150851451727894,5,3,1,-1.4341744660707012,1.4412919669623414,-1.3369726803276771,-0.42058965349878097,1,0
0,-0.0036305480547929366,4,3,0,0.3496492731512767,-1.5613522816473215,-0.9919459924859562,0.8598915408704302,0,0
3,-1.6223462412823755,4,1,1,0.15144663545994566,-0.664076382437271,-0.8658208520809392,0.18499603984696403,1,2
7,-0.92861094418484,5,1,0,0.3496492731512767,-0.8468314747978708,-0.24419584626042037,1.3797150984533384,0,2
0,1.1525949471077659,1,2,0,0.6469532296882728,1.6877326094986531,1.0043622682704898,-1.0835834703755678,1,5
2,-0.4661207461198165,4,1,1,1.4397637804535965,-1.3777687593657368,0.3147704667513845,-0.7219823020367501,1,0
6,0.22761455097771885,2,2,0,0.9442571862252694,1.1595740169574238,0.5476346326592751,-1.1770466958803734,1,4
5,1.1525949471077659,2,2,0,-0.9386678718423742,0.7626007541954862,1.6322569898232493,-0.16855398921615877,1,2
9,-1.3911011422498636,4,2,0,1.1424598239166004,-0.28900473571137086,1.0222867316522335,-0.7783402769666141,1,1
0,-1.6223462412823755,2,0,0,-1.335073147225036,-0.9876990792786732,-0.6044544815252542,-0.7251327478402828,1,5
5,1.1525949471077659,4,3,1,0.4487505919969422,-1.1352804179107905,0.24322647127918817,-0.8928064744949717,1,1
8,0.45885965001023066,4,0,0,1.3406624616079306,-0.41225094541455753,-0.12395577645069687,1.70036047134623,0,1
9,0.9213498480752542,2,0,0,-1.335073147225036,-1.1648795286293123,1.2725753222638365,-0.21826102300523148,1,4
5,1.3838400461402778,2,1,1,1.2415611427622655,0.27256719697624815,-1.0193327262366034,0.7646780676969951,0,3
10,-1.3911011422498636,1,3,0,1.0433585050709344,0.1346853920023288,0.2686515148314042,0.31556451592671136,1,0
8,-0.2348756470873047,3,1,1,0.05234531661428013,-0.6722571279069965,1.4872457731941202,1.187537904437839,0,1
9,-1.159856043217352,0,2,1,-0.6413639153053777,1.6286206828450451,0.7606126449869908,1.1714356258864493,0,5
2,0.45885965001023066,4,2,0,-0.3440599587683815,1.154171963514335,0.19660748068117637,0.028523898271502753,1,3
9,-1.3911011422498636,0,0,1,1.6379664181449276,0.10738172252320244,-0.645803833747088,-0.20285884352129346,1,3
10,1.3838400461402778,3,2,0,-1.0377691906880393,-1.3966673169382042,0.61867858945344,0.06247870304291158,1,2
3,0.6901047490427424,5,1,0,0.25054795430561116,-1.2088553502682593,0.12675592381154813,0.8154352500872454,0,2
0,-0.2348756470873047,4,3,0,-1.4341744660707012,1.587785991323166,1.0755985476331282,-1.6016567802898467,1,5
6,1.1525949471077659,1,2,0,-0.9386678718423742,-1.5550009855864375,-1.1899228444727274,-0.5165032257396678,1,3
7,1.1525949471077659,5,3,1,0.9442571862252694,0.9235060073901101,1.4826300315507528,-1.608307721430638,1,2
7,-1.3911011422498636,1,1,1,-0.6413639153053777,1.0717949632464019,-1.1708444456801417,0.899097088647727,0,1
3,-1.159856043217352,4,1,0,1.7370677369905927,-1.1325535027542153,-0.38639915338983427,0.16644341455949324,1,0
4,0.6901047490427424,5,1,1,0.05234531661428013,1.5983139549023486,-1.5767219941869244,-1.1010859470618608,1,1
2,-0.2348756470873047,4,3,1,0.05234531661428013,-1.1610307812880702,1.632333918850639,-0.7685388900222899,1,5
8,1.3838400461402778,4,3,1,-1.632377103762032,-0.7728250685232224,0.9266254860934421,0.3414681814224253,1,1
1,-0.92861094418484,1,1,0,1.5388650992992616,1.5201308811094014,0.9454730978038594,1.4696778286208856,0,1
0,1.1525949471077659,3,2,1,-1.1368705095337048,-0.18334540287242554,1.0046699843800475,-1.4651374621367597,1,1
7,1.3838400461402778,0,1,1,0.15144663545994566,1.7122403279944556,-0.019947731420149082,0.4849884902500296,1,5
6,-1.6223462412823755,5,2,0,-0.3440599587683815,0.5218900852793198,-0.21127022253773217,1.4490249061310596,0,0
1,1.1525949471077659,4,1,1,-0.24495863992271602,0.08208009201978951,0.29703832593811436,1.3972175751396316,0,5
7,1.3838400461402778,4,0,0,0.5478519108426073,0.4641070982906251,-0.22604059579650818,-0.9155596941871529,1,3
9,-0.6973658451523282,2,1,0,0.5478519108426073,-0.016140630486979186,-1.1134169267339111,-0.38663484872737214,1,3
5,0.9213498480752542,4,0,0,-1.2359718283793704,-1.4229354490160995,0.3302716657703604,-1.6198593560435917,1,4
5,0.22761455097771885,0,0,0,-0.04675600223138495,-0.6413981133503102,0.5890224493948037,0.2819597606890284,1,2
0,-0.0036305480547929366,3,2,1,1.0433585050709344,1.4897551173399564,0.839003323896849,0.09293301247706176,1,3
5,0.9213498480752542,3,1,0,-0.1458573210770505,-0.0896983038877608,0.43112562067794036,-0.10309472640942217,1,5
5,1.6150851451727894,5,1,1,-1.1368705095337048,0.3389624033518481,-1.3551279307915893,1.6545039824281418,0,5
8,0.22761455097771885,2,1,1,-0.6413639153053777,1.5615178592452708,-0.5919919790881619,-1.0212746533723638,1,1
4,0.45885965001023066,4,0,1,-1.0377691906880393,-0.7936566292446545,0.25118862561399713,-1.1273396620913008,1,1
5,1.3838400461402778,3,0,0,-1.335073147225036,-0.08127593302441463,-1.2240024036062576,-0.3911854926658084,1,3
0,0.22761455097771885,2,3,0,-0.44316127761404706,0.10272180421766254,-0.07195175393542297,-1.4406339947759492,1,4
4,1.6150851451727894,3,1,0,0.15144663545994566,-0.3988752539819893,1.3732369546029428,0.27670901768314043,1,4
10,-0.2348756470873047,4,0,1,-1.4341744660707012,-0.5485104084598815,0.20987773790585795,0.7758796527762227,0,1
5,-0.92861094418484,1,1,0,0.3496492731512767,-0.9720106876500222,-1.022102171222624,-0.9299117250699134,1,5
3,-0.6973658451523282,4,2,1,1.7370677369905927,-1.3384528560323299,-0.8990541919131851,-1.268409624182824,1,2
7,-1.6223462412823755,3,0,0,1.6379664181449276,1.616090680290149,-0.9612128460438676,-1.6895192132550385,1,0
6,1.3838400461402778,3,0,0,1.1424598239166004,0.12835135489813196,1.4836301089068158,-1.5169447931281876,1,0
1,-1.6223462412823755,1,2,0,-0.8395665529967087,1.1034996666807604,0.964705354651224,-1.4241816666908336,1,0
3,-1.159856043217352,0,2,1,-1.632377103762032,-0.9658319811560101,-0.3745905476855524,0.9652564505219152,0,0
8,1.1525949471077659,5,1,1,1.1424598239166004,0.19866434444172285,1.5576742977691695,-1.5589507371752913,1,2
10,1.3838400461402778,2,3,1,-1.5332757849163667,0.22855685742392692,-0.5804526249797431,1.1427315641209284,0,2
9,-0.0036305480547929366,3,3,1,-1.0377691906880393,1.4264320052546753,-0.6971154950158568,-1.4843901864916822,1,0
10,1.3838400461402778,0,3,1,0.15144663545994566,-1.0720781185223196,0.9452038462079962,0.8304873800374576,0,0
4,-1.3911011422498636,1,0,1,-1.1368705095337048,0.8063004325274381,-0.019216905659949227,-0.5035513929918107,1,1
6,-0.92861094418484,2,1,0,1.1424598239166004,-0.6526164351969803,0.6188324475082189,-1.013223514096669,1,0
5,-1.3911011422498636,3,1,0,0.9442571862252694,-0.9384247579367606,-1.076914103237613,-1.4070292395382662,1,1
5,1.3838400461402778,4,2,0,0.8451558673796035,0.9258704844562544,1.613409378112832,-0.39958668147522913,1,3
1,-0.6973658451523282,2,3,1,1.1424598239166004,-0.009789334426095178,0.2054927833446588,-0.9068084558440063,1,3
3,0.22761455097771885,5,3,0,-0.9386678718423742,-0.5110584724486905,-1.347935066730675,-0.3232758831229907,1,5
2,-1.6223462412823755,3,2,1,0.8451558673796035,-1.5155297516428459,-1.350204473038664,-0.4594451517423519,1,4
6,-0.6973658451523282,3,3,1,-0.5422625964597122,0.2529092453095447,-1.4494429183710655,0.6967684581541774,0,3
10,1.3838400461402778,2,3,1,0.5478519108426073,-0.9534227912979242,-1.4300952679826167,0.3764731347950117,1,5
9,1.6150851451727894,1,3,0,-1.335073147225036,1.4633661725652507,0.749227148933351,-1.1584940705929025,1,1
7,0.22761455097771885,4,2,0,0.7460545485339384,0.10548323728761211,-0.292545739974695,-1.3734244843005832,1,1
10,1.6150851451727894,3,2,0,1.6379664181449276,-1.2122726236923218,1.3093858618696923,-0.9883699972021327,1,1
0,-1.6223462412823755,1,0,1,-1.5332757849163667,1.4106400598859012,1.5390190086272257,-0.466796191950595,1,0
5,0.22761455097771885,1,0,0,-1.4341744660707012,0.8710387790610683,1.3735831352261956,0.7464754919432501,0,0
1,-0.0036305480547929366,0,2,0,-1.335073147225036,0.20546437337647366,-0.3125472870959542,-1.4721384528112769,1,1
0,-0.92861094418484,5,0,0,-0.24495863992271602,1.326744271429496,0.49643836493159055,1.5193848624099582,0,4
8,0.9213498480752542,3,3,0,-0.7404652341510432,-0.6174599404251848,0.6616049867367578,-0.28617063254804914,1,5
3,0.6901047490427424,2,0,1,1.0433585050709344,1.5616731898554552,-1.3140478301656187,-1.717173126419382,1,2
6,0.45885965001023066,0,0,0,-0.04675600223138495,0.5740984292580539,-1.3379727576837401,0.9078483269908736,0,3
8,-0.6973658451523282,4,0,1,-0.04675600223138495,1.6468288821500252,-0.9184787713290234,0.20319861560070898,1,5
6,1.1525949471077659,4,1,0,0.7460545485339384,1.1349454857648111,-1.3276642680135529,-1.4416841433771268,1,1
4,-0.6973658451523282,2,1,1,-0.44316127761404706,1.3476276090209893,1.1764140380270136,-0.7107807169575223,1,2
4,0.6901047490427424,2,2,0,-0.5422625964597122,-0.21832930807734913,-0.6708442321623568,-1.4637372640018562,1,4
8,0.9213498480752542,5,2,1,0.8451558673796035,-0.5938842055904904,0.9180478995395174,-1.6926696590585713,1,4
3,-0.4661207461198165,5,1,0,0.9442571862252694,1.4204086293708478,-1.0938000247495991,-0.7968929022540849,1,3
10,-0.2348756470873047,4,0,0,-1.632377103762032,-0.06771039306828737,-1.1824222643022553,1.5284861502868308,0,3
8,-0.0036305480547929366,3,3,0,-1.2359718283793704,-1.3177766259210826,1.519402106642914,-1.435383251770061,1,1
4,1.6150851451727894,3,0,1,-1.0377691906880393,0.3966418366004197,0.9589356775970146,1.1917384988425495,0,2
7,1.3838400461402778,4,0,0,-0.5422625964597122,-1.3546417574049092,-0.8177017454488329,-1.2680595746490981,1,1
3,-0.0036305480547929366,2,3,0,-0.7404652341510432,0.570094351306627,1.2164171322695319,-0.12304754983179643,1,1
3,0.6901047490427424,1,3,0,0.5478519108426073,-0.7949510509961933,0.5233250600042063,-1.2208028875961066,1,4
9,1.3838400461402778,4,1,0,1.1424598239166004,1.6706117244649659,-1.5208330557884828,0.7842808415856435,0,1
1,1.1525949471077659,5,0,1,-1.0377691906880393,1.076575694248752,-0.07525970211316968,-0.1328489367761206,1,5
10,-1.3911011422498636,0,3,0,0.25054795430561116,-0.7736189805308329,1.5658672391861468,-1.5067933566501375,1,4
8,0.22761455097771885,0,2,1,-0.44316127761404706,0.15379105705504237,-1.5021777666465392,0.5266443847634075,1,1
0,-0.2348756470873047,4,3,0,0.05234531661428013,-0.4347911428480209,1.4132400488454613,0.6663141487200273,1,4
10,-0.92861094418484,2,2,1,0.4487505919969422,-0.6281604935712394,-1.2634669946570498,0.7163712320428258,0,5
1,-0.92861094418484,3,1,1,1.3406624616079306,1.0239531353095257,-0.5012926557959904,1.6751569049179678,0,0
0,0.6901047490427424,2,3,0,-1.0377691906880393,1.3292640791058248,0.19168402292825104,1.682857994659937,0,0
2,-0.0036305480547929366,2,3,0,-1.4341744660707012,1.0408496539062795,-1.7265028105142,0.4790376481766899,1,2
9,-0.92861094418484,1,2,1,0.4487505919969422,0.75650834248491,1.1684903482058993,1.1063264126134384,0,5
7,1.1525949471077659,3,2,1,-0.3440599587683815,-1.124976820768541,0.2111086023440893,0.20319861560070898,1,0
7,1.6150851451727894,3,0,0,-1.1368705095337048,0.7060086352182072,-1.2268103131059729,-0.9687672233134843,1,3
10,-0.4661207461198165,4,2,1,-1.335073147225036,-1.367413385353426,1.5937155471011308,-0.33762791400575115,1,5
10,-0.6973658451523282,5,0,1,0.25054795430561116,0.6574419311004692,-1.518679043021578,1.584494075682969,0,5
3,-1.159856043217352,2,3,1,-0.6413639153053777,-0.5615754386720805,-1.1068010303784177,-0.6768259121861135,1,3
3,1.1525949471077659,4,3,0,1.7370677369905927,-1.475281864648331,-0.03356416926808322,0.17134410803165534,1,2
5,1.3838400461402778,5,0,0,-0.3440599587683815,1.5389776618118074,-0.8850915734419985,-0.8143953789403782,1,1
10,0.45885965001023066,2,0,1,-1.0377691906880393,-1.011309332026742,0.26295876680458424,1.1896382016401943,0,1
2,0.6901047490427424,5,3,1,0.4487505919969422,-0.6214640183766117,0.7488040392827089,-0.9897701953370361,1,3
2,-1.3911011422498636,5,3,1,-0.8395665529967087,-1.5016362915096622,-1.2539662597744516,1.068871112504771,0,1
6,0.22761455097771885,3,1,0,-0.04675600223138495,0.5100331820352239,1.2106089907016278,0.9953607104223395,0,4
2,0.45885965001023066,2,1,1,-0.04675600223138495,0.13385696208134393,1.3230022997176265,0.46013497335549325,1,4
6,0.22761455097771885,2,0,1,-0.1458573210770505,-0.10744051136218678,-0.20242338438794447,-0.8854554342867286,1,2
8,-1.6223462412823755,0,3,0,1.0433585050709344,-0.9762046141250081,1.1829530053551176,0.5928037466375958,1,5
10,0.45885965001023066,0,3,0,-0.9386678718423742,-0.6424854276216028,0.7891917786621746,1.3555616806262538,0,2
3,-1.159856043217352,4,0,1,1.4397637804535965,1.5039937566068837,-0.6008388172379496,0.19304717912265892,1,3
7,-0.0036305480547929366,4,0,1,1.0433585050709344,0.8293929165748914,1.6998391403848887,0.10448464709001527,1,4
4,-0.4661207461198165,4,0,0,-0.5422625964597122,-1.402535362211847,0.9630513805623506,0.5598990904673645,1,0
5,-0.6973658451523282,2,0,0,-1.1368705095337048,0.7283589841281116,0.14706518704236515,-0.21826102300523148,1,2
1,-0.6973658451523282,1,2,1,-0.7404652341510432,-0.9199058974114113,0.6362568722119313,1.4444742621926232,0,0
5,-0.4661207461198165,2,3,1,-0.5422625964597122,0.387891545560017,0.7879609142239432,0.47483705377197954,1,5
0,1.6150851451727894,2,2,0,0.15144663545994566,-0.5181691626038106,0.13629512320784096,1.7007105208799558,0,5
1,-0.2348756470873047,3,3,1,-1.5332757849163667,1.0133906538169686,-0.39493827543006416,1.551239369979012,0,1
10,-1.6223462412823755,5,2,0,1.4397637804535965,-0.8836275704549489,1.2361878923086227,-0.7289832927112673,1,2
9,0.22761455097771885,4,2,0,-1.4341744660707012,-0.1699869703965445,1.1689134578565414,1.555790013917448,0,2
1,-1.159856043217352,2,0,1,-0.7404652341510432,-0.7637641162624504,-0.4852914180989831,-1.3317685897872054,1,5
1,-0.92861094418484,0,3,0,-1.335073147225036,-1.6416582071127925,-1.0128706879358889,0.7947823275974194,0,0
4,0.45885965001023066,0,2,1,-0.8395665529967087,0.11525180677255871,-1.3271257648218266,0.5756513194850285,1,2
4,-1.6223462412823755,1,1,0,1.1424598239166004,-1.7050848729381967,-1.5248718297264294,0.30576312898238717,1,5
3,1.1525949471077659,1,2,1,0.4487505919969422,-0.7315761620408507,-1.6614977823701076,-0.21581067626915043,1,0
8,0.6901047490427424,0,2,0,-0.9386678718423742,1.258208954424685,1.4829377476603105,-1.3380694813942708,1,0
1,0.45885965001023066,0,1,1,1.3406624616079306,0.9499122111215028,0.9156246351767495,-0.7933924069168263,1,0
2,-1.159856043217352,3,2,1,1.0433585050709344,-0.025926458928612967,1.458743568546326,1.3538114329576245,0,2
1,-1.3911011422498636,1,3,1,0.8451558673796035,1.2360657129950268,1.327079538169268,-0.6775260112535653,1,1
7,-1.3911011422498636,2,1,0,1.2415611427622655,0.6057168379089763,-1.5699907042903467,-0.8686530566678871,1,1
7,1.3838400461402778,5,3,1,0.4487505919969422,-1.4976667314716097,0.6757983922901128,-0.889656028691439,1,1
10,-1.6223462412823755,0,2,0,0.05234531661428013,-1.6218276658792172,1.6928770634061427,1.4472746584624303,0,3
0,-0.0036305480547929366,2,0,0,-0.44316127761404706,-0.5603155348339159,-0.42986405386487825,1.7217134929035078,0,5
5,-1.159856043217352,1,2,1,-0.9386678718423742,-1.2278229436674752,0.6551044839223485,-0.12689809470278093,1,3
0,-1.159856043217352,4,1,1,0.25054795430561116,0.795168405464204,-1.1626899687768593,-1.670266488900116,1,1
9,-0.4661207461198165,0,2,0,1.3406624616079306,0.9046592266877043,0.08136779765176766,1.007262394569019,0,3
0,1.1525949471077659,5,3,0,0.3496492731512767,-1.1582520892614334,-1.4644825432257045,0.9018974849175339,0,4
7,-0.0036305480547929366,4,0,1,1.4397637804535965,-1.2123934363891322,1.5404806601476255,0.3456687758271357,1,0
1,1.1525949471077659,2,0,1,-0.5422625964597122,-0.5795765304968142,0.9312796922505043,-0.09049294319529107,1,5
3,1.6150851451727894,2,0,1,0.6469532296882728,-1.716613856005236,1.3379265310311814,-1.2036504604435392,1,0
0,0.22761455097771885,3,2,0,0.5478519108426073,-0.6613322083240086,-1.6465735510565527,-0.24591493616957474,1,0
0,0.22761455097771885,3,1,0,0.5478519108426073,0.7155010613961589,1.1516044266939132,1.2298938980186687,0,3
1,-0.92861094418484,4,0,1,0.5478519108426073,-0.21839834390409787,-1.20946281742965,-1.5519497465007739,1,1
10,1.3838400461402778,4,3,1,-0.9386678718423742,0.9285456227427681,-1.1361109898138013,-1.361172750620178,1,4
4,-0.6973658451523282,0,3,1,-1.2359718283793704,-0.268466577253621,-1.016563281250583,-0.007881253235987118,1,2
4,-1.3911011422498636,0,2,1,1.6379664181449276,-0.7386178163692222,0.5404417685983608,0.02467335340051825,1,5
3,0.6901047490427424,0,3,0,-1.5332757849163667,0.11078173699057785,-1.459020582281053,1.5809935803457102,0,2
4,0.22761455097771885,5,2,1,-0.1458573210770505,-1.614440832417102,-1.2425422992071171,1.569091896199031,0,0
9,-0.0036305480547929366,1,1,1,-0.24495863992271602,-0.7232400859609405,1.382737689485541,-0.7961928031866332,1,3
2,-1.159856043217352,0,3,0,-0.44316127761404706,0.6053198819051712,-0.05668134199861548,-0.8101947845356677,1,1
1,0.6901047490427424,4,0,1,0.9442571862252694,-1.050815083883708,1.1674902708498363,-0.8991073661020372,1,0
9,0.9213498480752542,2,3,1,0.8451558673796035,0.1468184385534197,-0.32635604751236197,-0.07159026837409439,1,0
3,1.1525949471077659,0,3,1,1.4397637804535965,-1.627678452196173,-0.6951922693311203,1.081822945252628,0,0
4,0.22761455097771885,2,2,1,-0.3440599587683815,0.7738363349988435,-1.177344948494551,-0.1282982928376844,1,0
7,-1.159856043217352,4,0,1,0.25054795430561116,0.4716320034062377,-0.8485887499457004,1.697910124610149,0,0
6,0.22761455097771885,3,1,1,1.3406624616079306,-1.1272377440945622,-0.17645983764400225,0.1317885107206327,1,0
7,-1.3911011422498636,2,0,1,1.7370677369905927,-0.36794720359855415,-1.31031677233723,-0.6491719990217703,1,3
1,0.9213498480752542,0,0,1,1.6379664181449276,-0.05060676699128723,-1.4707522589579454,0.17099405849792948,1,5
4,0.45885965001023066,2,0,1,0.7460545485339384,-0.9475374870675941,-0.16526666415883604,1.0667708153024158,0,3
9,0.22761455097771885,3,1,0,-1.2359718283793704,-0.994222964906429,-1.354897143709421,-0.5095022350651505,1,3
10,1.6150851451727894,5,3,0,-1.632377103762032,-0.29925655598355866,-1.653612557062688,-1.543898607225079,1,5
6,-0.0036305480547929366,2,2,0,1.1424598239166004,-0.3041063228126576,-1.666113524013475,-0.7230324506379276,1,2
1,0.22761455097771885,2,1,1,1.1424598239166004,1.321048815722725,-0.577913967075891,1.4497250051985113,0,2
10,-0.6973658451523282,0,1,0,0.8451558673796035,0.5689034832952112,-0.7498118787776359,-0.17730522755930536,1,3
10,0.6901047490427424,3,3,0,-0.7404652341510432,-0.6583464088171256,-0.15757376141989018,-1.353121611344483,1,2
6,0.6901047490427424,5,2,1,0.4487505919969422,-0.72244617395333,-1.4550972018841906,-0.8753039978086785,1,3
7,-1.3911011422498636,2,2,1,-0.6413639153053777,1.4642291203996098,1.7083782624251185,1.6426022982814625,0,4
3,-0.0036305480547929366,1,0,0,-0.1458573210770505,-1.362011331910337,1.599523688669035,0.6208077093356649,1,3
2,0.9213498480752542,2,0,1,-0.44316127761404706,0.810960350832978,1.7044548820282561,0.9526546673077841,0,1
7,1.6150851451727894,0,1,0,1.4397637804535965,0.9810473689851843,-0.8545122850546888,1.1889381025727426,0,2
4,-0.4661207461198165,5,1,1,-0.9386678718423742,0.2192715387262215,1.1692211739660991,1.2246431550127805,0,3
7,-0.0036305480547929366,3,2,0,0.25054795430561116,1.7080981783895313,1.421779170885691,0.8259367360990213,0,3
0,0.6901047490427424,1,1,1,-0.44316127761404706,1.528225331795691,0.37989088843656105,0.5854527064293527,1,1
0,-0.6973658451523282,3,2,1,0.5478519108426073,-1.1238032117138126,-1.0573741302806905,-1.6076076223631863,1,2
0,0.45885965001023066,0,2,1,0.25054795430561116,-0.8301420636813631,0.7339182724828487,-0.5294550584875247,1,2
5,-1.3911011422498636,5,1,0,1.4397637804535965,0.335407058274288,1.0017082168255536,1.5680417475978534,0,0
2,-0.4661207461198165,5,1,0,-1.335073147225036,0.4212703677930324,-1.1403036218065268,0.7163712320428258,0,2
9,-0.6973658451523282,2,3,0,-0.9386678718423742,0.6712663554069043,-0.982022147952716,0.4156786825723085,1,2
2,0.9213498480752542,2,0,1,0.9442571862252694,1.2427276702762802,0.12571738194179044,1.4042185658141488,0,2
8,1.1525949471077659,2,2,0,-0.44316127761404706,1.637094830578453,-0.856320117198341,-1.5638514306474534,1,2
8,0.9213498480752542,2,3,0,-1.1368705095337048,-1.0585298375228795,0.5467499488442964,-0.3274764775277011,1,4
6,-0.6973658451523282,1,0,1,0.05234531661428013,-0.9064439111954071,0.8895456948917231,-0.9750681149205498,1,2
4,1.1525949471077659,2,0,0,0.5478519108426073,-0.3589207692511565,0.8887764046178285,-0.45909510220862604,1,2
5,-1.6223462412823755,0,3,1,-1.5332757849163667,0.2965398878147479,-0.8830914187298725,-1.5631513315800016,1,2
7,-1.3911011422498636,2,1,0,-0.7404652341510432,1.155017652392007,-1.6883460129290286,1.3825154947231453,0,4
2,-0.0036305480547929366,5,0,0,1.0433585050709344,0.8958744177339273,-1.5319108357325648,-0.10974566755021359,1,3
0,1.1525949471077659,1,0,1,0.05234531661428013,1.0045368090364428,0.5376723236123403,-1.4091295367406214,1,5
1,1.3838400461402778,0,3,0,-1.632377103762032,-1.2448575339177268,-0.04656517489690169,1.5256857540170239,0,1
0,1.1525949471077659,0,0,1,-0.7404652341510432,1.5300375222478455,0.42320193085682617,-0.6754257140512101,1,1
0,-1.159856043217352,3,3,1,0.4487505919969422,0.3481786862228048,-1.3981312571022966,-0.12304754983179643,1,3
8,0.45885965001023066,2,1,1,-1.0377691906880393,0.8838104070095851,-1.3924000445617821,-0.5914138259570026,1,0
2,-1.159856043217352,3,1,0,1.1424598239166004,-1.620774869521299,1.2199174030157522,-1.7049213927389766,1,2
7,-0.0036305480547929366,0,2,0,0.6469532296882728,-1.0589785703967465,-0.06368188349105619,-1.265609227913017,1,5
2,-0.0036305480547929366,0,1,0,-0.1458573210770505,-1.3112354813366394,-0.01763986059846533,-0.3169749915159252,1,2
8,-1.3911011422498636,0,0,1,1.4397637804535965,-0.6858744447331854,-1.50275473435196,-1.4115798834767024,1,0
8,-0.0036305480547929366,2,1,0,-0.3440599587683815,1.281560322822446,-0.014908880126139556,-0.6411208597460754,1,3
2,0.6901047490427424,2,3,0,-0.9386678718423742,-1.0797065773780554,1.4035085268806948,0.7765797518436744,0,4
7,1.1525949471077659,0,0,1,0.5478519108426073,-0.6892744592005609,0.646526897368424,1.4465745593949786,0,4
1,1.1525949471077659,4,3,0,0.25054795430561116,-1.6924167987298029,0.11706286636047636,-0.9939707897417465,1,1
3,-1.6223462412823755,5,3,0,-0.5422625964597122,0.8182781484683443,0.8939691139666169,-0.2140604286005211,1,4
1,-0.4661207461198165,1,3,0,-0.5422625964597122,-0.8982631657256815,0.6090624610297577,-0.9348124185420754,1,0
8,-0.0036305480547929366,5,3,0,-0.3440599587683815,-1.7183397516739545,1.5440193954075405,0.1160362817029688,1,1
10,-1.159856043217352,0,0,1,-0.7404652341510432,-0.6732926653082276,0.6882224302135104,1.0440175956102347,0,5
6,-0.0036305480547929366,5,2,1,0.7460545485339384,-1.6222246218830223,-0.8859377927432825,-0.5014510957894556,1,2
9,0.9213498480752542,3,1,0,0.5478519108426073,1.3878754960155044,-0.5013695848233799,-0.4748473312262899,1,4
4,-1.6223462412823755,3,1,0,-0.24495863992271602,-1.0277571177496292,-0.6420343114050046,-1.06223044881829,1,2
3,0.6901047490427424,0,3,0,-0.3440599587683815,1.4217030511223865,-0.5295640733616164,-0.6827767542594533,1,5
5,0.6901047490427424,2,0,1,-0.44316127761404706,1.3752591986771723,-1.2962002958112642,1.270499643930869,0,4
0,0.22761455097771885,0,1,0,-0.7404652341510432,-1.380581969305748,-0.5535274653934327,-0.9932706906742947,1,4
5,1.1525949471077659,3,1,0,-1.4341744660707012,-1.6505293108500054,-0.06995159922329705,-0.4828984705019848,1,3
4,0.6901047490427424,1,1,1,-0.8395665529967087,0.15991798667899296,-0.4654821935461975,0.010671372051483682,1,2
8,1.1525949471077659,5,3,0,-0.6413639153053777,1.3610550773236192,1.0580587293883317,1.042967447009057,0,2
10,0.22761455097771885,4,3,0,0.15144663545994566,0.8338802453135594,-0.3909379660058123,1.2873020215497104,0,1
7,-0.6973658451523282,3,2,0,0.9442571862252694,-1.052023210851811,0.39504590683228435,-1.5151945454595581,1,0
5,0.45885965001023066,2,0,1,-0.3440599587683815,0.8501381825128875,1.5909076376014155,0.038675334749552814,1,1
7,-0.92861094418484,3,3,1,1.5388650992992616,-1.2016583653297033,-0.3545890005642932,-0.3537301925571409,1,4
9,1.6150851451727894,0,2,1,1.1424598239166004,0.9149455648732665,-0.9300565899511369,-0.44439302179213974,1,0
0,0.6901047490427424,0,2,1,1.6379664181449276,-1.5773168165829676,0.40923931238563943,-1.108436987270104,1,0
4,-0.4661207461198165,1,0,1,1.3406624616079306,-1.2109436840274086,-0.47894477333935276,0.08103132833038237,1,4
8,0.9213498480752542,1,2,0,0.4487505919969422,-0.579938968587245,0.9356646468117034,-1.3853261684472626,1,3
0,-0.2348756470873047,0,2,1,0.3496492731512767,-0.12100605131831403,-0.5102164229731676,-1.610758068166719,1,5
0,-0.6973658451523282,2,2,0,-1.2359718283793704,-0.41318292907566556,1.3878919343206346,0.13563905559161718,1,2
5,0.6901047490427424,2,2,0,0.7460545485339384,-1.0836243605460463,-0.7423497631208583,-1.3748246824354866,1,3
0,1.1525949471077659,3,2,1,0.3496492731512767,1.180681720985851,1.6771450773049983,-1.1787969435490027,1,1
2,0.45885965001023066,1,3,1,0.05234531661428013,1.4231873213974844,0.904046816554636,0.8360881725770714,0,3
0,0.22761455097771885,3,3,0,0.6469532296882728,0.5070991593984024,-1.4549433438294117,-0.866202709931806,1,3
4,-1.159856043217352,0,2,1,-0.1458573210770505,-0.5017213768809236,0.18752985544922027,-1.2596583858396775,1,4
0,1.6150851451727894,1,0,0,0.05234531661428013,-0.9401506536054791,0.44374198116981156,-1.1875481818921494,1,3
0,-0.2348756470873047,5,0,1,-0.3440599587683815,-0.26430716869200943,0.8679286381952853,1.533036794225267,0,3
9,0.45885965001023066,3,1,1,0.7460545485339384,-0.6659748676728613,1.6442579180960049,0.2438043615129092,1,1
2,0.45885965001023066,2,1,0,1.3406624616079306,-1.3822733470610922,0.3811602173884871,0.22385153809053496,1,3
2,0.6901047490427424,0,0,1,1.1424598239166004,-1.4264562761802853,-0.6138013583530734,-0.8101947845356677,1,0
2,-0.6973658451523282,4,3,1,1.0433585050709344,-0.009237047812105265,-0.517409287034082,-0.49339995651376073,1,5
2,1.3838400461402778,0,3,1,-1.7314784226076976,-0.5707226857162884,0.7711903862530413,1.053468933020833,0,4
1,-0.2348756470873047,0,0,0,1.4397637804535965,-0.4604379524851775,-0.4194017061399119,1.0167137319796173,0,1
2,1.6150851451727894,2,2,0,-0.7404652341510432,0.8315502861607895,0.23595667819088434,-0.26411751192331967,1,0
6,-1.3911011422498636,1,1,0,1.3406624616079306,-0.928932331758809,0.8760831150985678,-0.15315180973222076,1,1
8,-0.92861094418484,1,0,0,-1.0377691906880393,-0.01985130617472392,-0.03710290452799831,-0.2620172147209645,1,5
4,-1.3911011422498636,4,1,1,-0.24495863992271602,-0.7539955467775038,-1.1845378125554653,-0.9141594960522494,1,4
3,1.3838400461402778,4,1,1,0.8451558673796035,-1.3681900384043493,1.4085473781747042,1.1168278986252145,0,4
9,1.1525949471077659,5,0,0,0.4487505919969422,1.1693253274856832,0.4869760945626872,1.6026966514367138,0,4
5,1.1525949471077659,3,0,0,-0.24495863992271602,-0.18208549903426105,1.6561434528276762,0.6999189039577103,0,1
1,0.9213498480752542,5,3,0,0.6469532296882728,-0.011705078618372692,-1.2431577314262328,0.8441393118527662,0,1
10,-0.2348756470873047,4,0,0,0.15144663545994566,1.20852041812228,0.6330643175752687,-0.6019153119687786,1,1
6,-1.3911011422498636,2,0,1,-0.7404652341510432,-1.626021592354203,-1.4989852120098766,0.5052913632061298,1,2
7,1.1525949471077659,2,1,0,0.5478519108426073,0.691045119770418,0.5708287344171968,-0.0383355626701373,1,1
10,1.3838400461402778,3,2,1,-1.0377691906880393,0.8720915754189866,0.9671670835276867,-1.0475283684018037,1,3
9,0.6901047490427424,1,0,1,0.6469532296882728,-0.7608818704956906,1.0324413632676421,-0.054437841221527054,1,5
6,-1.6223462412823755,1,0,0,-1.7314784226076976,1.411554784590322,0.003400228392551548,-1.2358550175463185,1,3
2,0.22761455097771885,0,2,0,0.15144663545994566,-0.27761382429782894,0.6957614748976774,-1.4374835489724165,1,0
1,-1.6223462412823755,4,0,1,-0.3440599587683815,-0.6167868411143846,1.4738601224283545,-1.3282680944499468,1,2
7,-0.0036305480547929366,5,1,0,-0.6413639153053777,-1.474332622030536,1.3442731757908117,1.4161202499608283,0,2
10,1.6150851451727894,5,1,1,0.05234531661428013,-1.6595212272840287,1.477629644770438,0.5889532017666113,1,2
9,-1.3911011422498636,0,1,1,0.5478519108426073,1.2167701994187543,1.2525353106288826,0.07648068439194615,1,4
10,0.9213498480752542,1,0,1,1.6379664181449276,-0.8017683388876313,-1.3712830265433757,0.5686503288105111,1,0
6,-0.0036305480547929366,1,2,0,1.1424598239166004,-0.6110568674942393,-1.4339801838657844,0.4793876977104158,1,3
2,1.1525949471077659,5,1,0,0.7460545485339384,0.6460682786436145,-0.2484269427668406,-1.5547501427705808,1,5
10,-1.159856043217352,5,2,0,-0.04675600223138495,-0.057613903406284264,1.02209440908376,-0.8823049884831958,1,2
4,-0.4661207461198165,5,2,0,-0.3440599587683815,1.2272463861278755,0.951781278049795,0.7853309901868211,0,1
0,-1.159856043217352,3,1,0,-1.632377103762032,-1.432324321453928,1.0295949892542322,0.7275728171220535,0,3
4,1.3838400461402778,4,0,0,-0.44316127761404706,-0.7193913386196983,1.2527276331973562,0.17204420709910706,1,1
2,-0.2348756470873047,0,0,1,1.2415611427622655,-0.3227632549915044,-1.6786914199916516,-0.06003863376114088,1,5
0,0.45885965001023066,3,1,1,-0.44316127761404706,-0.12088523862150374,-1.539296022361953,-0.9516147961609169,1,4
10,0.22761455097771885,1,0,1,-0.1458573210770505,-1.2652748796786664,0.9988618428121435,1.3076048945058105,0,2
7,-1.3911011422498636,1,3,0,-0.7404652341510432,-0.5244169049245716,-0.9790988449119167,-0.3729829169120634,1,1
8,1.6150851451727894,2,0,1,-0.7404652341510432,0.2608138474722753,1.0162093384884663,-0.11359621242119809,1,2
9,0.9213498480752542,2,1,0,-1.5332757849163667,1.4440188821189166,0.7046852420748545,0.960705806583479,0,0
6,0.9213498480752542,1,2,0,0.3496492731512767,-0.3938183796726442,-1.0729522583270559,-0.7587375030779657,1,4
1,1.6150851451727894,3,3,0,-0.1458573210770505,0.003413767439601194,-0.3335489115732763,1.1805369137633217,0,2
7,1.3838400461402778,1,1,1,0.3496492731512767,0.14821641404508168,-1.1130322815969638,-1.3594225029515488,1,0
9,-0.6973658451523282,2,0,1,0.15144663545994566,0.9260258150664391,-1.5981467283148885,-0.31907528871828034,1,0
5,1.1525949471077659,3,1,0,1.0433585050709344,-0.8836275704549489,1.527787370628365,1.551239369979012,0,3
6,-0.4661207461198165,3,2,1,0.8451558673796035,1.21507882166341,0.12494809166789585,0.6236081056054719,1,5
10,-0.92861094418484,4,0,1,0.9442571862252694,1.0812010946409176,1.5829070187529117,-0.11114586568511704,1,5
7,-0.92861094418484,2,2,1,-0.04675600223138495,-0.6891709054604377,1.364390116453155,-1.3450704720687883,1,3
3,-0.92861094418484,0,1,1,-0.5422625964597122,0.03149408996965086,0.16868224373880297,1.0888239359271452,0,4
4,-1.3911011422498636,4,2,1,1.5388650992992616,-1.1038863756968014,0.20041546753695455,-0.6068160054409407,1,5
2,-0.92861094418484,4,2,0,-1.5332757849163667,1.0837036433605594,-0.17295956689778189,0.4979403229978866,1,5
1,0.6901047490427424,2,0,1,-1.2359718283793704,-1.4796311217335016,-1.109724333419217,0.09538335921314281,1,4
6,-1.6223462412823755,5,2,1,-0.24495863992271602,-0.8051338354416324,-1.2942770701265278,0.06842954511625127,1,1
6,0.9213498480752542,5,1,1,0.3496492731512767,-1.1755973407320541,-0.18619135960876873,-0.40028678054268085,1,1
6,-0.4661207461198165,1,3,1,-1.7314784226076976,-1.2551093541899145,0.3481961291521042,-1.5558002913717586,1,3
7,-1.6223462412823755,4,2,1,0.7460545485339384,-0.5863247825615034,0.07359796588543235,0.11638633123669466,1,2
7,0.45885965001023066,4,1,0,0.25054795430561116,-0.07482108322340751,-1.0604897558899637,-1.085683767577923,1,1
5,-0.4661207461198165,3,1,0,-0.04675600223138495,-1.6721375246223609,-0.23958010461705287,0.3159145654604372,1,0
7,-1.6223462412823755,3,1,0,-0.24495863992271602,-1.6145098682438508,-0.32935627958055086,0.6719149412596411,1,5
10,-0.4661207461198165,3,1,1,0.05234531661428013,-0.459644040477567,-1.5469119960735092,-0.017682640180311314,1,2
7,0.45885965001023066,4,2,0,-1.1368705095337048,-1.4739356660267307,-0.6534198074586445,-1.6786676777095368,1,0
2,-0.0036305480547929366,5,1,1,-1.335073147225036,1.1903639956873615,0.7211480539361986,-0.2553662735801731,1,1
0,0.6901047490427424,1,0,1,-0.7404652341510432,1.4648159249269743,-1.1366879575192221,0.32291555613495454,1,4
10,-1.3911011422498636,5,2,0,0.7460545485339384,-0.310681985310475,-0.23077173098095988,-0.4538443592027381,1,2
4,-1.3911011422498636,2,3,0,0.3496492731512767,-0.531372264469507,0.931318156764199,-0.7195319553006689,1,5
9,1.3838400461402778,4,0,0,-0.04675600223138495,-1.3996703754017743,1.23657253744557,-1.371324187098228,1,5
2,1.6150851451727894,4,2,0,0.25054795430561116,1.18510001389777,-0.6497656786576451,0.6785658824004325,0,1
8,1.1525949471077659,0,2,0,0.25054795430561116,-0.10989128321176703,-1.5102168500087376,0.30401288131375787,1,5
8,0.9213498480752542,4,0,1,-0.6413639153053777,-0.006337543088658219,0.016785879158317314,0.4342313078597793,1,2
10,-0.92861094418484,5,1,1,-1.4341744660707012,1.2923299117952494,-1.6001853475407093,0.4286305153201655,1,1
10,0.6901047490427424,0,3,1,1.3406624616079306,0.9217110758946429,0.1706823984509289,0.14193994719868275,1,2
7,-1.159856043217352,5,2,0,0.3496492731512767,1.4339051335002262,-1.2155786751071118,-1.5992064335537657,1,5
0,-0.92861094418484,3,0,1,0.6469532296882728,0.5571673927479255,-0.31366275799310134,0.3932755124138532,1,3
1,1.1525949471077659,1,3,1,-0.1458573210770505,1.5349735838603804,-0.5873762374447944,-0.8592017192572887,1,1
2,0.9213498480752542,2,3,0,0.8451558673796035,0.13095745735789688,1.3717368385688484,1.6510034870908832,0,2
7,-0.2348756470873047,1,2,0,0.25054795430561116,1.345642829001963,-0.3778600313496044,-0.9257111306652029,1,2
4,1.1525949471077659,2,3,0,-1.5332757849163667,0.24348585495834177,-1.2383881317280863,-0.9120591988498943,1,2
3,0.6901047490427424,2,3,0,1.3406624616079306,1.4200979681504784,-0.5184478289038397,1.2445959784351548,0,2
8,-1.6223462412823755,0,0,0,-0.6413639153053777,-0.6945729589035265,-0.1043773389800797,0.2998122869090475,1,0
8,-0.4661207461198165,1,3,0,-1.2359718283793704,-0.6250711403242334,0.9675517286646339,-1.1560437238568215,1,4
6,1.6150851451727894,2,3,0,-1.4341744660707012,1.5343004845495802,-0.33870315640837007,0.8458895595213956,0,2
9,1.6150851451727894,1,0,1,0.7460545485339384,-0.3976671270138864,0.999361881490175,0.8612917390053336,0,1
10,-1.159856043217352,1,2,1,0.7460545485339384,1.4770525252181883,-0.21357809335941594,-1.5375977156180136,1,0
9,0.6901047490427424,4,1,0,0.7460545485339384,-1.1852278385635033,-1.4911384512161519,-0.09469353760000143,1,0
4,0.45885965001023066,1,3,1,1.4397637804535965,1.5431370703734189,-0.8531660270753733,1.138530969716218,0,5
7,-0.2348756470873047,5,1,0,-0.5422625964597122,-0.7506645681368771,-1.7086168116461509,-0.4391422787862518,1,0
9,0.45885965001023066,0,0,1,0.25054795430561116,-1.7060341155559917,-0.13037935023771666,1.6436524468826401,0,2
4,-1.3911011422498636,3,3,0,0.4487505919969422,-1.4289415659432398,-0.22192489283117217,-1.5529998951019515,1,4
9,1.3838400461402778,5,2,1,1.6379664181449276,1.294073066420655,0.6417188331565827,0.9733075897976101,0,3
2,-1.3911011422498636,0,0,0,-0.6413639153053777,-1.4752128288215822,-0.33789540162078074,0.059328257239378804,1,2
8,1.1525949471077659,5,1,1,1.5388650992992616,0.3341816723494979,1.5074781073975478,0.5725008736814957,1,0
6,-0.92861094418484,3,3,1,-1.2359718283793704,-0.4376216117447192,-0.9097088622066252,-1.0692314394928073,1,5
6,-1.6223462412823755,0,0,1,0.9442571862252694,1.191641158482213,-1.4280951132704907,-0.41498886095916715,1,1
5,-1.159856043217352,5,1,1,0.4487505919969422,0.2837682598662311,1.5012853206926964,1.5984960570320035,0,3
8,1.1525949471077659,0,3,1,1.1424598239166004,0.031390536229527755,0.9896303595254085,-0.7083303702214413,1,3
2,0.22761455097771885,1,2,0,-1.632377103762032,0.9857590641607857,-0.9087472493642569,0.19269712958893304,1,4
1,-0.2348756470873047,0,0,1,-1.4341744660707012,0.6158996223544154,0.8144244996459169,0.6313091953474409,1,4
6,1.6150851451727894,3,2,1,-1.5332757849163667,0.5793796700043323,1.711840068657644,-0.16645369201380358,1,2
8,-0.2348756470873047,0,1,0,0.3496492731512767,0.17857491885783974,1.4543586139851268,1.061170022762802,0,1
9,1.1525949471077659,1,1,1,0.3496492731512767,-0.11895223547253904,1.5966003856282354,-1.2012001137074582,1,2
5,1.1525949471077659,2,2,0,1.4397637804535965,-0.5299397710644708,0.2170706019667723,-0.6330697204703806,1,3
6,0.6901047490427424,0,3,0,-0.1458573210770505,1.6167637796009493,0.7419958203587418,1.4899807015769857,0,0
4,-0.92861094418484,2,2,1,-1.5332757849163667,-0.5005822857395694,-1.6733063880743895,-0.021183135517569958,1,4
5,-1.3911011422498636,2,0,1,-1.0377691906880393,-1.0327276972755384,-1.2782758324295205,0.6288588486113598,1,4
5,1.6150851451727894,5,0,0,-1.7314784226076976,0.3967453903405428,0.833310575870029,0.4790376481766899,1,2
0,1.3838400461402778,1,0,0,0.9442571862252694,-0.5332017138783487,-1.5464888864228672,0.3953758096162084,1,4
7,-0.92861094418484,2,2,1,1.1424598239166004,0.3582751758848079,-1.5267181263837764,0.5140426015492764,1,0
10,-0.4661207461198165,5,0,0,1.7370677369905927,1.3743444739727515,-0.5244482930402175,-0.47939797516472615,1,4
0,0.6901047490427424,2,1,0,-0.3440599587683815,0.7875917234785298,-1.687999832305776,0.883344859630063,0,0
3,0.6901047490427424,4,0,1,-1.632377103762032,-0.24841166958311223,1.1866840631835063,-1.3772750291715676,1,1
8,-1.159856043217352,2,1,1,-0.9386678718423742,1.607858157950362,-0.687576295619564,1.3223069749222967,0,1
1,-1.6223462412823755,0,0,1,0.3496492731512767,-0.46447654834997876,1.6637594265392326,0.3407680823549736,1,4
3,1.3838400461402778,1,3,0,1.6379664181449276,0.622026551978366,0.9009311909453629,1.6783073507215005,0,2
6,0.9213498480752542,5,0,0,-1.335073147225036,-0.8411187601344127,1.459743645902389,1.5351370914276221,0,1
1,-0.0036305480547929366,3,2,0,-1.335073147225036,0.6409423685075205,0.2319563687666325,0.4562844284845088,1,3
1,0.9213498480752542,1,3,0,0.7460545485339384,0.6796024314868145,-0.8033544818406989,-0.13879977884946032,1,3
2,1.1525949471077659,5,2,0,0.5478519108426073,-0.6237076827459458,-0.5353337504158258,-0.48744911444042105,1,1
8,-0.6973658451523282,2,1,0,-0.8395665529967087,-0.3873290119582627,-0.9154785392608346,0.865492333410044,0,0
6,1.6150851451727894,4,3,0,1.0433585050709344,-1.570361457038032,-0.3838989599996769,1.2659489999924325,0,5
1,-0.6973658451523282,3,1,1,-1.2359718283793704,0.6000213822022054,1.6581051430261073,-0.7811406732364211,1,2
6,0.6901047490427424,3,2,1,1.4397637804535965,-0.7917408850523769,0.4562044836069038,0.8966467419116458,0,4
6,-0.92861094418484,4,0,1,-1.0377691906880393,-1.406642993903397,0.7078777967115171,-1.003072077618619,1,1
0,-0.4661207461198165,3,0,1,-1.4341744660707012,1.0476669417977176,1.1354108664284321,1.2662990495261583,0,5
10,-1.159856043217352,1,1,1,-0.5422625964597122,-0.9876645613652988,0.2794985076933178,1.1343303753115077,0,2
3,0.22761455097771885,4,1,0,-1.0377691906880393,-0.9190947264471137,-0.567836264487872,0.15174133414300695,1,4
10,-0.6973658451523282,2,3,1,0.05234531661428013,0.8605798513086343,-0.4349029051588878,0.21440020067993662,1,2
4,-1.159856043217352,0,2,1,0.6469532296882728,-0.033209738650604954,-1.2688135620606171,1.6930094311379869,0,2
4,0.6901047490427424,3,3,1,-0.04675600223138495,0.5018524365654983,0.6767215406187864,-0.8367985490988334,1,3
8,-1.6223462412823755,5,1,0,0.5478519108426073,-0.712073540984332,1.5300183124226592,-0.9169598923220563,1,4
4,0.45885965001023066,1,2,0,-0.44316127761404706,-0.3036575899387908,0.4017002677014725,1.1164778490914886,0,1
8,0.9213498480752542,4,3,0,-1.632377103762032,1.2785400054021887,-0.6791141026067236,1.3356088572038796,0,2
2,-0.4661207461198165,4,0,1,1.6379664181449276,0.24272646086410565,1.168259561123731,0.8682927296798509,0,4
8,1.6150851451727894,3,2,0,1.1424598239166004,1.0629583774225633,-0.7590818265780656,-1.0324762384515915,1,3
9,-1.3911011422498636,1,3,1,-1.4341744660707012,0.3267948388873828,0.7284563115381971,-0.39538608707051875,1,2
3,1.1525949471077659,3,0,0,-0.1458573210770505,1.2732760236125973,0.07202092082394845,-0.16610364248007772,1,4
10,-1.159856043217352,0,1,0,0.4487505919969422,1.1048976421724224,-0.41578604185260737,-1.1798470921501802,1,5
7,-1.6223462412823755,5,1,0,-1.0377691906880393,0.5777745870324242,1.6047163980178232,1.022314524519231,0,5
1,0.22761455097771885,3,0,0,0.25054795430561116,-0.18217179381769696,0.9640514579184135,-0.15980275087301216,1,4
8,-0.0036305480547929366,4,1,0,0.15144663545994566,0.8110639045731012,-1.7228871462268953,0.2728584728121559,1,3
9,0.9213498480752542,0,2,1,-1.0377691906880393,-1.6483546823074202,-0.9341338284027783,0.9295513980818771,0,4
8,-1.3911011422498636,3,0,0,-1.2359718283793704,-1.479372237383194,-1.5704522784546835,-0.8977071679671338,1,2
9,1.6150851451727894,1,3,0,0.9442571862252694,0.5109651656963318,1.3441577822497277,0.5504477530567662,1,1
3,0.9213498480752542,4,3,0,-0.6413639153053777,0.0353083193975187,-0.45498138130753646,-1.2019002127749099,1,4
3,0.6901047490427424,4,1,0,-0.8395665529967087,0.9778372030413679,-1.6668058852599803,1.6653555179736437,0,2
4,-0.0036305480547929366,5,2,1,0.8451558673796035,-0.0810860845008556,0.5223249826481433,-1.2677095251153723,1,5
0,0.9213498480752542,0,1,0,0.8451558673796035,-0.18900634066582214,1.4332800604804152,1.0142633852435363,0,4
3,1.3838400461402778,4,0,1,-0.7404652341510432,0.6295687160506658,0.22676365941784407,0.5826523101595458,1,4
3,0.22761455097771885,4,3,1,1.3406624616079306,-1.472485913665007,-1.3646286656741875,-0.7615378993477727,1,0
7,-1.6223462412823755,2,3,0,0.6469532296882728,0.4979173944408201,0.9240868281895899,0.6848667740074981,0,5
2,1.1525949471077659,1,1,1,-0.5422625964597122,-0.612713727336209,0.012170137514949808,1.2911525664206949,0,2
3,-0.6973658451523282,2,0,1,-0.24495863992271602,0.7189528527335959,-0.888707237729303,1.5130839708028927,0,1
2,-0.0036305480547929366,4,1,0,0.7460545485339384,-1.5620081220014346,0.9111242870744661,0.924650704609715,0,5
2,1.6150851451727894,5,0,1,-1.0377691906880393,1.0765066584220033,-0.038795343130566394,-1.0272254954457036,1,2
8,0.6901047490427424,5,3,0,-0.1458573210770505,-0.2984108671058866,-1.3836301354393838,-1.549149350230967,1,0
1,1.3838400461402778,1,3,1,0.5478519108426073,0.7810333199373996,0.5835604884501522,-0.9638665298413222,1,2
1,-1.3911011422498636,3,1,0,0.15144663545994566,1.2096249913502597,1.7112631009522232,0.10098415175275664,1,0
0,-0.92861094418484,0,0,0,0.3496492731512767,-0.09477243715379315,0.7441113686119519,-0.39818648334032564,1,0
5,-0.2348756470873047,4,3,1,0.15144663545994566,0.13515138383288278,-0.09033779148150353,1.5865943728853242,0,2
1,-1.159856043217352,1,0,0,-1.0377691906880393,-1.234985410692657,-1.1502659308534617,0.49654012486298316,1,3
0,1.1525949471077659,5,1,1,-0.3440599587683815,1.2677186395593238,1.5427885309693092,-1.5978062354188622,1,0
9,0.9213498480752542,5,3,1,0.15144663545994566,1.706959087248177,0.21637824072026718,-1.4518355798551767,1,1
7,-0.6973658451523282,3,0,1,0.9442571862252694,1.5600163300134855,-0.8290103124750833,1.195589043713534,0,3
0,-0.0036305480547929366,5,2,1,0.5478519108426073,-1.479682898603563,-0.8653208134029077,0.7926820303950642,0,3
0,0.9213498480752542,0,1,1,-0.24495863992271602,1.6278095118807474,0.6385262785199203,-0.3617813318328358,1,2
5,0.45885965001023066,5,3,1,1.6379664181449276,1.2513226307064982,0.4451267036628218,-1.451485530321451,1,2
8,-1.159856043217352,4,2,0,-1.335073147225036,-0.7658524500215997,1.4533585366290638,0.4674860135637364,1,2
3,-0.92861094418484,1,1,0,-1.0377691906880393,0.7382138483964941,0.0982921836774485,-0.9141594960522494,1,1
2,1.3838400461402778,1,1,1,-0.5422625964597122,-1.3983586946935485,1.1221021446900559,1.0982752733377437,0,4
4,1.6150851451727894,2,2,0,-0.9386678718423742,1.2218098147714123,-1.2591974336369347,1.252297068177124,0,0
7,0.22761455097771885,1,2,1,0.4487505919969422,-1.6776086138921984,0.5596740254457254,0.9148493176653908,0,2
9,1.3838400461402778,1,2,0,-1.632377103762032,1.6970006692396713,-0.6358415247001532,-0.570060804399725,1,2
0,1.3838400461402778,1,2,0,-1.1368705095337048,0.5586171451096491,0.9300103632985782,1.4962815931840512,0,1
7,-0.2348756470873047,1,0,1,-0.7404652341510432,0.07529732204172589,1.6220254291804515,-1.133990603232092,1,1
8,-1.6223462412823755,2,2,1,0.6469532296882728,1.4490757564282617,0.529325524140584,0.9074982774571477,0,2
4,1.3838400461402778,1,2,1,1.3406624616079306,-0.7979541094597635,1.523363951553471,0.5290947314994885,1,3
10,0.9213498480752542,2,1,0,1.0433585050709344,-1.3996531164450872,0.6765676825640075,-0.3785837094516773,1,5
9,-0.92861094418484,5,3,0,-1.1368705095337048,1.6010408700589238,0.1796830946554955,0.37507293666010827,1,5
0,-0.92861094418484,4,0,0,0.25054795430561116,0.859803198257711,1.3721214837057958,-0.06388917863212538,1,5
4,0.22761455097771885,1,1,0,-1.632377103762032,-1.6101778701153675,1.4526277108688639,1.4973317417852288,0,3
3,-0.4661207461198165,2,3,1,-0.6413639153053777,-1.2329143358901948,-0.5178708611984187,-0.47939797516472615,1,0
3,0.22761455097771885,4,2,0,1.0433585050709344,-1.0976386333760404,-1.728502965226326,0.5490475549218627,1,3
3,0.9213498480752542,5,1,1,-0.1458573210770505,-0.7158532524988254,-0.9125552362200351,-0.6288691260656701,1,5
10,1.6150851451727894,1,3,0,-1.2359718283793704,1.0877940160954223,1.258420381224176,-1.7206736217566405,1,5
2,-0.4661207461198165,5,0,1,-0.24495863992271602,-1.458385346051577,1.3572357169059355,1.522535308213491,0,3
0,-0.4661207461198165,1,2,0,-1.0377691906880393,0.24207062050999262,1.5563665043035486,1.2354946905582824,0,0
0,-0.6973658451523282,2,1,0,-0.3440599587683815,-1.180516143387902,1.537403499052047,-1.5011925641105237,1,5
5,-0.6973658451523282,2,2,0,-0.04675600223138495,1.4504737319199237,-0.09072243661845082,-1.4136801806790575,1,1
3,-1.3911011422498636,2,0,1,-0.5422625964597122,-1.5203795184719449,1.663720962025538,0.5732009727489474,1,2
10,-0.0036305480547929366,0,2,0,1.5388650992992616,-1.3778032772791113,0.9897457530664927,-0.546957535173818,1,1
2,-0.0036305480547929366,5,1,1,0.25054795430561116,0.0350839529605853,-0.10299261648706945,-1.6562645075510816,1,5
5,0.6901047490427424,3,3,0,1.2415611427622655,-0.31040584200348004,0.5331719755100569,0.9572053112462204,0,2
5,1.1525949471077659,2,1,0,0.9442571862252694,1.548004096159205,0.534441304461983,0.3218654075337769,1,2
2,-1.6223462412823755,5,0,0,0.5478519108426073,-0.9434298553760442,1.280614405626035,1.4052687144153264,0,0
9,-0.0036305480547929366,2,0,1,-0.04675600223138495,-0.4897781788533917,-0.26508207719665833,1.599546205633181,0,0
7,-0.6973658451523282,1,0,1,-1.7314784226076976,1.448816872077954,1.4793605478867007,1.558590410187255,0,2
6,-1.3911011422498636,0,2,1,0.3496492731512767,1.1925386242299467,-0.5549506524001376,-1.4297824592304473,1,5
0,1.3838400461402778,5,0,0,-0.5422625964597122,1.1751588548459517,-0.13541820153172618,0.566550031608156,1,4
8,-1.3911011422498636,3,0,0,-1.335073147225036,-0.6021512458436519,1.4529354269784218,0.11463608356806534,1,4
4,1.3838400461402778,2,3,1,-0.1458573210770505,-0.810984621758588,0.16141245065049914,-0.2396140445625092,1,0
8,1.6150851451727894,0,0,1,0.8451558673796035,-0.8609147834546137,1.1302181570796437,-1.3898768123856988,1,3
10,1.6150851451727894,3,3,0,1.6379664181449276,-1.4257486589561106,-0.34135720785330637,0.9113488223281322,0,1
3,-0.4661207461198165,5,1,0,-0.44316127761404706,0.44111816798329495,0.3880838298535384,-1.701420897401718,1,4
9,0.6901047490427424,4,3,1,0.15144663545994566,-0.8922743077552284,1.1994927462438512,-1.4504353817202733,1,5
8,1.1525949471077659,0,1,0,1.2415611427622655,0.46776599710830824,-0.9435960987716816,0.8721432745508354,0,1
1,0.22761455097771885,2,1,0,-0.5422625964597122,1.4772596326984344,-1.065836323293531,-0.912759297917346,1,5
0,-1.6223462412823755,1,3,1,-1.2359718283793704,0.7109619557874293,0.9846299727450937,0.9663065991230928,0,2
0,0.9213498480752542,4,3,0,-0.7404652341510432,-1.4415233453681975,-1.7156173531385916,0.20074826886462793,1,1
6,-0.4661207461198165,0,1,0,1.3406624616079306,0.6003147844658875,-0.07745217939376925,-1.5022427127117013,1,4
3,0.22761455097771885,2,3,1,-1.1368705095337048,0.15367024435823207,0.8525812972310883,-0.31557479338102173,1,3
2,-0.0036305480547929366,4,2,0,-0.5422625964597122,1.2481815005894306,-1.3350879191566356,0.11638633123669466,1,4
4,0.6901047490427424,1,3,1,-0.1458573210770505,-0.056681919745176286,-0.521524989999418,1.5333868437589928,0,1
5,-0.4661207461198165,2,2,1,1.2415611427622655,0.1209300035226425,0.4213171696857844,-1.1945491725666666,1,2
8,-1.159856043217352,1,2,0,1.5388650992992616,0.77827188686745,1.5910230311424998,1.0937246293993075,0,4
4,-0.0036305480547929366,4,1,1,-0.24495863992271602,-0.08728204995155493,-1.0735676905461715,-0.31732504104965104,1,4
3,0.22761455097771885,2,3,0,1.5388650992992616,0.90818005385189,1.414432448769998,1.3555616806262538,0,0
7,-1.6223462412823755,5,2,0,-1.1368705095337048,-0.7913439290485718,1.5252487127245127,1.6033967505041657,0,1
9,0.9213498480752542,0,3,0,-1.2359718283793704,1.4587925490431468,1.2278795573505612,-1.0860338171116488,1,0
0,0.22761455097771885,3,1,1,1.5388650992992616,-0.4829263730485793,-0.6748830061003034,1.5599906083221584,0,3
10,1.3838400461402778,5,0,1,0.05234531661428013,-1.6184103924551545,-0.9043622948030579,-0.3736830159795152,1,1
8,1.6150851451727894,2,1,1,-1.0377691906880393,-0.1113928124435521,-1.331164538759773,-0.5529083772471576,1,4
3,-0.4661207461198165,1,1,1,-0.04675600223138495,0.23504622513830842,1.4603206136078097,-1.1322403555634628,1,3
1,-0.4661207461198165,2,2,1,0.9442571862252694,-1.4386065816880633,1.0845223148103054,0.4177789797746637,1,1
5,0.9213498480752542,5,3,1,1.1424598239166004,-0.4634410109487477,0.3042311899990287,-1.4451846387143854,1,3
4,-0.92861094418484,2,1,1,1.2415611427622655,0.8593889832972186,-0.73927260202528,-1.1248893153552197,1,4
4,-1.6223462412823755,2,3,1,0.25054795430561116,0.4697852950407089,1.2775372445304567,-1.010773167360588,1,2
1,0.45885965001023066,0,0,1,1.2415611427622655,-0.18961040414987362,0.4346258914241607,-0.042886206608573535,1,4
10,-0.0036305480547929366,5,2,0,0.05234531661428013,1.2793684353231736,-1.623225591243852,-0.8259470135533317,1,1
10,-1.3911011422498636,1,1,1,0.3496492731512767,-0.8456751246998294,-1.096646398763009,-1.4322328059665284,1,0
10,0.9213498480752542,3,3,0,0.9442571862252694,1.4856302266917192,1.0390957241368302,1.6450526450175436,0,1
6,-1.6223462412823755,5,0,0,-0.24495863992271602,-1.6583648771859874,-1.3782066390084269,-0.04183605800739594,1,1
3,-1.3911011422498636,1,2,0,-1.4341744660707012,-0.05069306177472316,0.1645280762597722,-1.564901579248631,1,0
4,-1.6223462412823755,4,3,1,-0.5422625964597122,0.5940152652750651,-0.13261029203201094,0.069129644183703,1,2
7,-1.6223462412823755,2,0,0,0.4487505919969422,-1.3685006996247187,-0.8128936812369918,-0.9820691055950671,1,5
7,0.22761455097771885,0,1,1,-1.0377691906880393,0.33209333859034856,-1.2741216649504896,-0.9792687093252602,1,5
3,1.1525949471077659,2,0,0,-1.2359718283793704,-0.7919134746192488,-1.5730294008722303,0.5343454745053765,1,4
1,1.3838400461402778,2,2,1,-0.7404652341510432,0.7457560124687939,1.074790792845539,-0.5102023341326022,1,2
4,-1.6223462412823755,2,1,0,-1.632377103762032,-0.747471661149748,-0.6910765663657843,0.3477690730294909,1,1
2,1.1525949471077659,3,1,1,0.8451558673796035,1.5324710351407387,1.2898843534264648,0.9488041224367997,0,5
10,-0.92861094418484,2,3,1,-0.8395665529967087,1.2484231259830512,0.40381581595468263,0.43773180319703797,1,5
0,0.45885965001023066,3,3,0,-1.335073147225036,-0.10989128321176703,0.05186551564791035,1.2445959784351548,0,4
9,-0.4661207461198165,5,0,1,0.6469532296882728,0.6941862498874857,-1.0307951513176328,-1.3321186393209312,1,1
2,-0.2348756470873047,0,2,1,1.2415611427622655,0.5514374191277802,-1.6699215108692533,1.339459402074864,0,0
5,-1.3911011422498636,5,3,1,-1.632377103762032,-0.8450020253890292,0.8848145597072714,-0.4765975788949192,1,5
0,-0.4661207461198165,1,1,0,-0.9386678718423742,-0.4360337877294982,1.1441807755508304,0.22385153809053496,1,1
0,-0.2348756470873047,4,0,1,1.5388650992992616,-0.5303539860249632,1.2445731562940736,-0.2840703353456939,1,2
6,0.45885965001023066,3,3,1,-0.44316127761404706,1.350302747307503,-1.4346725451122895,-0.6579232373649169,1,0
3,1.3838400461402778,5,0,0,1.5388650992992616,0.9314969043362766,1.6891460055777539,-1.4455346882481113,1,5
6,0.45885965001023066,3,0,0,-0.7404652341510432,-0.9517141545858929,1.7217254486771896,-0.9082086539789097,1,4
2,-1.3911011422498636,5,1,1,-0.9386678718423742,1.6679883630485137,-0.12314802166310755,0.8045837145417436,0,0
10,1.6150851451727894,4,1,1,-1.0377691906880393,-0.8588437086521514,-0.9240561258147592,-1.0097230187594104,1,5
10,-1.3911011422498636,2,3,1,-1.4341744660707012,1.0968722273128815,0.47335965671475305,0.3502194197655719,1,0
4,0.45885965001023066,2,0,1,1.3406624616079306,-1.5688254098928727,-1.1501505373123775,-0.8480001341780611,1,4
4,-0.2348756470873047,5,0,1,1.6379664181449276,-0.7593113054371567,0.8145398931870012,0.48603863885120724,1,5
1,0.9213498480752542,3,2,1,1.5388650992992616,0.279091082604004,-1.6111092694300122,0.401676701223274,1,2
8,-1.6223462412823755,3,3,1,1.2415611427622655,1.2376190190968734,-1.4472889056041607,-1.0114732664280397,1,4
4,-0.0036305480547929366,2,3,0,1.2415611427622655,-1.3649971314172202,0.3365413815026012,0.5087918585433884,1,5
10,0.6901047490427424,1,1,0,0.5478519108426073,0.023520451980171487,1.2282642024875086,1.5312865465566377,0,1
7,1.1525949471077659,1,3,0,1.1424598239166004,1.4161111491557388,-0.12360959582744431,0.8917460484394838,0,4
0,-1.159856043217352,1,1,1,-1.0377691906880393,1.0368283169981656,-0.6893456632495215,0.7968826247997746,0,3
8,0.6901047490427424,1,2,0,-0.3440599587683815,0.02144937717770931,-0.7299257251974608,0.8822947110288855,0,2
0,-0.4661207461198165,2,2,1,0.4487505919969422,-0.39834022632468663,-0.38178341174646674,-0.600865163367601,1,2
2,0.22761455097771885,4,1,1,1.3406624616079306,-1.5153226441625998,-0.5312949764778792,0.21790069601719528,1,2
8,-0.4661207461198165,4,3,1,0.5478519108426073,-0.7661803701986563,1.4560895171013897,0.7961825257323228,0,1
6,0.22761455097771885,2,1,0,1.1424598239166004,-0.9639162369637325,1.6965696567208366,1.2256933036139581,0,3
4,-0.2348756470873047,1,3,1,-0.04675600223138495,-1.473676781676423,1.519402106642914,1.5487890232429309,0,3
9,1.6150851451727894,2,0,0,0.7460545485339384,1.597865222028482,0.9586279614874568,-1.5134442977909288,1,0
10,0.22761455097771885,5,1,0,1.6379664181449276,1.300976649095529,0.2997693064104401,0.9974610076246948,0,2
0,-1.3911011422498636,3,0,0,-1.2359718283793704,-1.3516386989413391,-0.6239559899684819,0.25780634286194376,1,5
4,0.9213498480752542,2,2,0,1.4397637804535965,1.4849916452942933,0.13760291667346175,-0.3666820253049979,1,1
3,-0.0036305480547929366,2,2,1,0.05234531661428013,0.9621142934993425,-0.20253877792902863,-1.1122875321410886,1,1
8,-0.0036305480547929366,0,2,1,0.5478519108426073,1.046769476049984,-0.7505811690515304,0.9771581346685947,0,5
4,-1.3911011422498636,0,0,1,1.3406624616079306,1.3431575392390085,-0.0954151072892078,-0.1899070107734365,1,0
2,0.9213498480752542,3,2,1,-0.3440599587683815,-0.46880854647846215,-0.7160400357536636,0.43073081252252066,1,0
4,1.3838400461402778,5,3,1,-0.24495863992271602,-1.327735043929588,1.5083627912125266,1.375514504048628,0,1
2,-0.92861094418484,4,1,1,0.05234531661428013,1.594516984431168,-0.21546285453045766,1.2344445419571048,0,4
7,1.3838400461402778,0,3,0,-1.632377103762032,-1.034746995207939,1.4367418667129408,1.095124827534211,0,4
10,1.6150851451727894,5,0,1,-0.04675600223138495,-0.08712671934137027,0.6728366247356187,-0.6383204634762685,1,5
9,0.6901047490427424,0,3,0,-0.7404652341510432,-1.198103020252143,-1.343819363765339,1.7168127994313456,0,3
9,1.6150851451727894,1,3,1,1.4397637804535965,-1.1124813361270194,-0.9315182414715366,-0.09224319086392038,1,2
3,-0.2348756470873047,5,0,1,-1.4341744660707012,0.17933431295207586,-1.2788528001349413,-0.2893210783515819,1,5
10,0.6901047490427424,1,0,1,-0.1458573210770505,0.6070285186172024,-1.6878075097373024,-0.5931640736256321,1,4
2,-0.92861094418484,1,2,0,1.5388650992992616,1.5188364593578627,1.3582357942619985,-1.0986356003257798,1,5
6,-0.92861094418484,0,0,1,1.4397637804535965,-0.33967703254494547,1.1323721698465485,-0.3362277158708477,1,2
7,-0.4661207461198165,3,1,0,0.7460545485339384,-1.5290607736855988,1.0505581492178595,0.36387135158088063,1,1
10,0.45885965001023066,5,0,0,0.3496492731512767,-0.47591923663358227,-0.41482442901023914,-1.698970550665637,1,1
4,-0.4661207461198165,0,0,1,-0.7404652341510432,1.5810895161285383,0.07132855957744333,0.36282120297970305,1,4
1,0.45885965001023066,5,0,1,-0.44316127761404706,1.397644065500451,1.3988927852373272,1.094774778000485,0,5
8,1.6150851451727894,3,1,1,-1.4341744660707012,1.2854608470337499,-0.9057085527823733,0.5504477530567662,1,3
0,-1.159856043217352,4,1,1,1.0433585050709344,-0.21498107048003529,-0.9434807052305975,0.9719073916627067,0,2
5,1.6150851451727894,1,1,1,-0.6413639153053777,-1.6423485653802798,0.8733136701125473,-1.2974637354820706,1,1
3,0.22761455097771885,1,3,1,0.5478519108426073,-0.5208615598470115,-1.3335108740951516,-0.09539363666745317,1,3
8,0.9213498480752542,1,2,0,-0.44316127761404706,0.8965475170447275,-0.5896456437527834,-0.02398353178737687,1,4
1,0.45885965001023066,1,2,0,-0.1458573210770505,-0.5293011896670449,-1.179768212857319,0.9190499120701012,0,0
3,1.3838400461402778,4,1,0,0.15144663545994566,-0.2871062504757806,0.2214170920142767,0.7996830210695816,0,1
9,0.6901047490427424,0,2,1,1.0433585050709344,-1.1428225819830902,-0.8754754450183162,-0.8644524622631767,1,1
5,-1.3911011422498636,0,2,0,-1.0377691906880393,-1.6469912247291325,-0.13649520791517858,1.4854300576385495,0,4
6,-0.4661207461198165,4,0,0,-0.3440599587683815,0.4677487381516211,-1.1918845346711586,1.4210209434329903,0,0
3,0.9213498480752542,5,0,0,-1.2359718283793704,0.1441260413102189,-0.009485383695182738,0.3456687758271357,1,0
7,-0.2348756470873047,0,1,0,-1.4341744660707012,0.590546214980941,0.09044542288372374,-0.6610736831684496,1,2
0,0.9213498480752542,1,0,1,0.3496492731512767,-1.3311350583969634,1.5210560807317872,-0.5483577333087214,1,3
1,1.1525949471077659,5,2,0,-1.0377691906880393,0.755196661776684,-0.15341959394085944,1.3716639591776436,0,4
0,0.22761455097771885,3,0,0,-1.5332757849163667,1.1993559121213848,-0.177344521458981,-1.5274462791399634,1,3
0,1.1525949471077659,1,1,1,1.3406624616079306,-0.5581409062913307,0.18891457794223052,-0.33867806260692873,1,4
7,-1.159856043217352,2,2,1,0.15144663545994566,-1.333223392156113,-1.020102016510498,0.28476015695883533,1,5
4,0.45885965001023066,2,1,0,-1.2359718283793704,1.5712346518601557,0.003631015474719923,1.0142633852435363,0,3
10,-1.159856043217352,3,2,0,-1.5332757849163667,0.4010428705556518,-1.0006005080672702,-0.2200112706738608,1,4
9,-0.2348756470873047,2,1,0,-1.335073147225036,1.3134893926937379,-0.4972923463717386,1.2796009318077413,0,5
10,1.3838400461402778,1,3,1,-0.1458573210770505,-0.6762957237717978,0.9461269945366697,0.20984955674150038,1,0
1,-0.92861094418484,2,3,0,0.5478519108426073,-0.37940715083884485,0.8318489243496293,0.5952540933736769,1,2
7,1.1525949471077659,4,0,1,0.4487505919969422,-1.1662775041209743,-0.8441653308708066,1.332108361866621,0,1
3,-0.0036305480547929366,0,0,0,-1.2359718283793704,-0.06557028243907645,-0.9952924051773977,-0.5865131324848406,1,4
9,1.1525949471077659,2,1,0,0.4487505919969422,1.313299544170179,0.8804296051460723,0.3943256610150308,1,0
9,-0.2348756470873047,4,0,1,-0.3440599587683815,0.2722910536692532,-0.05456579374540537,-1.536547567016836,1,2
3,-0.6973658451523282,1,2,1,-0.1458573210770505,-1.263669796706758,1.2189942546870787,-1.46933805654147,1,0
7,-0.2348756470873047,3,0,1,1.0433585050709344,1.6873183945381607,0.10817756369699391,-1.716823076885656,1,5
6,-1.159856043217352,2,1,0,-0.5422625964597122,-0.9082043247775,1.1631822453160268,-0.5406566435667524,1,2
2,0.9213498480752542,2,1,0,-1.2359718283793704,-0.22740751929480835,1.5744832902537662,-1.0664310432230004,1,5
7,-1.3911011422498636,3,3,1,1.3406624616079306,-1.3324985159752512,1.5431347115925618,1.015313533844714,0,0
6,-0.4661207461198165,1,1,0,-1.0377691906880393,0.9471680370082405,-1.1404959443750005,-1.7199735226891888,1,3
7,-1.3911011422498636,3,0,1,-0.7404652341510432,1.6368704641415195,-1.5084859468924747,0.05897820770565294,1,3
7,-1.159856043217352,4,3,0,0.7460545485339384,-0.251190361609749,1.2951155272889479,-0.6225682344586045,1,5
9,-0.4661207461198165,0,1,1,0.6469532296882728,-1.0550262693153811,1.3225791900669845,-1.2260536306019945,1,0
8,-0.6973658451523282,5,1,0,1.0433585050709344,1.1705852313238478,-1.6339571905646815,0.5893032513003371,1,0
2,-0.0036305480547929366,4,2,0,-1.1368705095337048,-0.6680804603886978,1.3396189696337495,-0.7758899302305331,1,5
2,0.22761455097771885,1,3,0,-0.5422625964597122,1.1513932714876982,0.39831539049633635,0.6712148421921894,1,5
3,0.6901047490427424,5,2,1,-1.335073147225036,-1.381703801490415,1.0171709513308347,-1.485090285559134,1,2
6,-1.159856043217352,2,1,0,0.15144663545994566,1.0915392096965413,0.7944229525246578,0.6596632075792358,1,0
5,0.9213498480752542,1,1,0,-0.7404652341510432,-1.1010213888867286,-0.9029775723100476,-1.2250034820008169,1,5
1,0.45885965001023066,3,1,0,0.6469532296882728,0.8587676608564799,0.003054047769298985,1.5904449177563087,0,5
10,-1.159856043217352,1,3,0,-1.7314784226076976,1.6549233328363149,-0.5912226888142673,0.3985262554197412,1,3
10,-1.159856043217352,5,3,0,-1.5332757849163667,-1.6033951001373037,-1.1351109124577383,-1.448685134051644,1,3
0,1.1525949471077659,3,3,0,-0.24495863992271602,0.1492174335329384,0.8736983152494947,-0.006481055101083662,1,4
5,1.1525949471077659,0,0,1,1.6379664181449276,-0.08678154020762657,-1.2301567257974142,1.5858942738178725,0,2
8,-0.4661207461198165,3,1,1,1.3406624616079306,-0.46889484126189807,-1.2874303866888661,-0.8360984500313817,1,1
1,1.6150851451727894,4,2,0,1.7370677369905927,0.35199291565067264,-0.4956383722828652,-0.7405349273242208,1,3
9,1.6150851451727894,0,0,0,-0.24495863992271602,1.5972093816743689,-0.8976310049064802,1.0776223508479177,0,2
9,-1.6223462412823755,4,3,1,-1.5332757849163667,0.3034952473596833,0.2345719556978741,-1.6517138636126452,1,2
8,-0.2348756470873047,2,3,1,-0.6413639153053777,-1.4416096401516334,-1.4170173333264087,-0.5242043154816368,1,0
9,0.9213498480752542,4,1,1,0.6469532296882728,1.1055534825265354,-1.494100218770646,-1.549149350230967,1,2
1,-1.6223462412823755,5,2,1,-1.2359718283793704,-0.3308922235911684,-0.17122866378151907,-1.6079576718969122,1,3
2,1.3838400461402778,1,3,1,-0.7404652341510432,1.4559448211897612,1.552904698071023,-0.108695518949036,1,2
9,-0.6973658451523282,3,0,1,-1.5332757849163667,-0.11544866726504054,1.5705983743705985,0.9365523887563943,0,5
10,1.6150851451727894,3,3,0,-0.04675600223138495,0.2115567850870499,0.9912843336142818,-0.16855398921615877,1,1
6,0.45885965001023066,5,2,1,-1.0377691906880393,0.5453795253305783,-0.0806831985441265,1.321256826321119,0,1
10,1.1525949471077659,5,3,0,-1.4341744660707012,-1.4769387244903007,-0.6869993279141431,-0.17765527709303125,1,1
7,-0.0036305480547929366,0,3,0,-0.3440599587683815,1.7131550526988764,1.535326415312532,0.8980469400465494,0,0
6,-0.92861094418484,4,0,1,-0.5422625964597122,1.6042682949594274,0.2098392733921632,0.03307454220993899,1,0
7,-0.6973658451523282,3,1,0,0.15144663545994566,-0.04211536030119231,-1.7136171984264656,1.2659489999924325,0,1
2,-0.92861094418484,3,3,1,0.8451558673796035,-0.07623631767175666,-0.19042245611518893,-1.3835759207786333,1,1
1,0.9213498480752542,1,3,1,-1.335073147225036,-0.1480680954038198,-1.0770294967786973,-0.173104633154595,1,3
4,0.9213498480752542,3,0,1,1.0433585050709344,1.6495040204365388,1.2084165134210283,-0.6663244261743376,1,1
4,1.3838400461402778,0,1,1,-1.632377103762032,-1.0915462216654641,-0.795238469451111,-1.6566145570848074,1,4
10,-0.92861094418484,2,1,1,-0.1458573210770505,1.3243970533200387,-1.0228714614965184,0.36282120297970305,1,0
0,0.9213498480752542,3,2,0,0.3496492731512767,0.24774881726007641,-0.45494291679384175,-0.4317912385780086,1,0
4,-0.0036305480547929366,2,2,1,1.5388650992992616,-1.7022544040414984,-0.6706519095938831,-1.5866046503396345,1,1
5,-1.3911011422498636,1,3,1,0.25054795430561116,-1.2126178028260655,-0.4537120523556104,1.6191489795218295,0,5
7,-1.6223462412823755,2,0,0,-1.1368705095337048,-0.5027741732388419,1.1439499884686621,0.36457145064833235,1,0
6,-1.159856043217352,2,0,0,0.05234531661428013,-0.9313140677816405,-1.168113465207816,-1.412279982544154,1,1
7,0.22761455097771885,3,0,1,-0.3440599587683815,1.5453462168293786,-0.7951230759100268,0.3729726394577531,1,4
1,-0.92861094418484,0,0,1,-0.04675600223138495,-0.08900794562027342,-0.27154411549737284,1.1679351305491905,0,5
6,0.45885965001023066,4,0,1,-1.0377691906880393,1.1009971179611187,1.202762229907903,1.5627910045919653,0,1
6,-0.6973658451523282,1,3,0,0.05234531661428013,1.2151305985334717,0.4135088734057544,0.18324579217833473,1,0
4,-1.3911011422498636,4,1,0,-1.2359718283793704,0.5307439300598457,1.516286481033641,-1.5270962296062376,1,1
10,-0.92861094418484,2,2,1,0.8451558673796035,0.6827435616038822,0.21160864102212076,-0.5343557519596869,1,2
10,-1.3911011422498636,0,3,1,0.3496492731512767,-0.407435696498833,-0.013293370550960928,-0.7384346301218656,1,3
9,1.6150851451727894,4,3,1,-1.4341744660707012,0.6753222102283927,-0.3453575172775582,-0.7744897320956297,1,5
7,-1.3911011422498636,3,1,0,1.3406624616079306,0.2543589976712682,1.6669135166622004,-1.0380770309912053,1,5
8,-0.92861094418484,4,3,1,0.4487505919969422,-0.41031794226559287,-1.4956387993184352,0.6691145449898341,1,5
6,-0.4661207461198165,1,0,1,-0.6413639153053777,-1.3424914518971311,-0.7205019193422522,-0.3684322729736272,1,1
2,-0.2348756470873047,3,1,1,-1.5332757849163667,1.4434493365482395,-1.4058241598412424,1.5564901129848998,0,4
2,0.45885965001023066,0,1,1,0.4487505919969422,-0.659502758915167,-1.3569742274489365,1.3874161881953075,0,2
8,-1.159856043217352,3,0,1,-0.44316127761404706,0.5766700138044444,0.5845605658062152,-1.2666593765141947,1,4
5,-1.159856043217352,5,1,0,1.4397637804535965,-1.3607686870288598,-0.31897086088297394,1.6272001187975245,0,1
1,0.45885965001023066,2,1,0,-1.632377103762032,0.5427043870440647,0.29919233870501916,1.715762650830168,0,3
5,-0.4661207461198165,1,0,1,-1.632377103762032,0.9539508069863041,-1.4211330362917447,-1.4885907808963925,1,1
1,1.1525949471077659,0,0,1,1.5388650992992616,0.2424330586004235,-0.17996010839022258,1.6180988309206519,0,3
5,0.9213498480752542,3,2,0,1.6379664181449276,-0.8996266233039691,0.2888838490348317,1.1707355268189976,0,3
5,-1.159856043217352,2,3,0,-1.632377103762032,-0.27008891918221634,0.14921919980926998,-0.9064584063102804,1,3
2,1.1525949471077659,1,0,0,0.7460545485339384,0.3280720016822345,1.5255179643203758,-0.8987573165683114,1,2
5,-1.3911011422498636,3,2,0,-0.9386678718423742,0.055622111418335216,-0.6708826966760515,-0.2844203848794198,1,3
10,-0.0036305480547929366,0,2,1,0.7460545485339384,-0.2036937128066164,0.6279870017675645,0.34496867675968396,1,2
9,-0.6973658451523282,2,3,0,1.2415611427622655,-1.0582536942158847,1.2239561769536988,-1.036326783322576,1,3
2,1.6150851451727894,4,2,0,-1.335073147225036,0.9679650798162982,-0.6436882854938779,-1.3079652214938466,1,4
8,-1.6223462412823755,1,0,0,-0.9386678718423742,-0.725242124936654,-1.111878346186122,0.007870975781676769,1,2
3,-1.159856043217352,4,2,1,-1.632377103762032,0.20639635703758163,-1.234426286817529,-1.6114581672341708,1,2
2,0.45885965001023066,1,2,1,-1.5332757849163667,-0.33619072329413413,-0.8113166361755079,-1.6688662907652125,1,4
4,-0.0036305480547929366,2,3,0,-1.632377103762032,0.7011588683891083,-1.1021468242213555,-0.572511151135806,1,3
8,-0.92861094418484,0,1,1,1.0433585050709344,0.976732629813388,-0.23246416958352797,-1.0072726720233294,1,1
9,1.3838400461402778,3,0,1,-0.7404652341510432,0.19866434444172285,0.9069701195954354,-0.21546062673542457,1,3
1,-0.2348756470873047,0,2,1,-0.04675600223138495,-0.1821200169476354,-0.3997848041556,0.9099486241932288,0,4
7,0.45885965001023066,1,2,1,1.0433585050709344,-1.3483077203007123,-0.8190095389144537,1.607597344908876,0,4
2,0.9213498480752542,5,2,1,-0.04675600223138495,-1.3172070803504055,-0.35808927131051355,0.664563901051398,1,0
5,1.3838400461402778,5,2,1,-0.24495863992271602,0.2086055034935413,-0.42170957696159567,0.6120564709925184,1,0
5,1.3838400461402778,5,3,0,-1.7314784226076976,0.6492439266740565,-0.616263087229536,-0.17730522755930536,1,1
0,-1.3911011422498636,5,3,1,0.25054795430561116,0.10527612980736589,0.04855756747016364,-1.662565399158147,1,1
9,-0.2348756470873047,3,1,0,-1.335073147225036,1.5242039948875772,0.12033235002452834,1.7140124031615387,0,1
0,-0.6973658451523282,4,3,0,0.9442571862252694,-0.037679808432585817,-1.1731907810155202,1.3958173770047282,0,4
8,-0.6973658451523282,4,1,0,-0.8395665529967087,1.2660962976307284,-1.1983850374855678,-0.863752363195725,1,4
9,-0.4661207461198165,3,1,0,0.6469532296882728,1.3527017422870218,-0.605185307285454,-0.8332980537615748,1,3
8,1.1525949471077659,1,2,1,0.5478519108426073,-1.3644966216732917,0.38031399808720306,-0.7251327478402828,1,3
10,0.22761455097771885,2,2,0,0.4487505919969422,-0.4048813709091296,-0.8537814592944889,0.7433250461397174,0,4
5,1.3838400461402778,1,0,1,-0.8395665529967087,-0.7921378410561822,-0.6865377537498063,1.6734066572493385,0,4
7,-0.4661207461198165,4,0,1,-0.8395665529967087,0.5188179909890009,-0.14184177531874595,-0.8816048894157441,1,1
8,0.9213498480752542,4,3,0,1.2415611427622655,1.678015816883768,0.33207949791401264,-1.4294324096967215,1,3
1,1.1525949471077659,0,1,1,-1.7314784226076976,0.751744870439247,0.8651976577229595,-0.21651077533660215,1,5
3,1.6150851451727894,4,3,0,-1.1368705095337048,0.26001993546466484,-1.3246640359453639,-0.8185959733450885,1,3
6,1.3838400461402778,1,1,0,0.3496492731512767,-0.3058322184813761,-1.3501660085249694,-1.4350332022363352,1,0
10,-0.0036305480547929366,3,3,1,1.1424598239166004,-0.02299243629179155,-1.3267026551711845,-0.05093734588426841,1,4
5,-0.2348756470873047,4,2,1,-0.44316127761404706,1.6799143021193583,0.7890763851210904,0.5297948305669402,1,2
8,0.22761455097771885,4,1,0,0.5478519108426073,-1.055405966362499,1.3063856298015035,-0.17765527709303125,1,4
8,-0.92861094418484,4,2,1,0.25054795430561116,-0.17162657128182707,1.5381727893259418,0.31066382245454927,1,3
6,-1.3911011422498636,5,3,1,-1.5332757849163667,-1.1592013318792285,-1.05460468529467,-1.0933848573198919,1,3
3,-0.2348756470873047,4,3,0,0.4487505919969422,1.0694995220070063,1.1871071728341482,-0.6792762589221946,1,4
10,-0.4661207461198165,0,1,0,1.0433585050709344,-0.10552476716990927,0.8455422912249528,-0.7793904255677917,1,1
6,-1.6223462412823755,3,1,1,1.7370677369905927,-1.00513062553273,0.041095451813386176,-1.3006141812856036,1,5
6,0.6901047490427424,5,2,1,-1.632377103762032,-0.8539076470396166,-0.7549661236127295,-0.7965428527203591,1,1
0,0.22761455097771885,2,0,0,0.5478519108426073,-0.851991902847339,1.6301414415700393,-0.7860413667085832,1,2
2,0.22761455097771885,3,3,1,-0.24495863992271602,-1.3658083023815177,0.7190709701966832,1.3744643554474505,0,0
6,0.9213498480752542,1,1,1,-1.7314784226076976,0.03782812707384769,-0.44301891754847567,0.011021421585209546,1,4
8,-1.3911011422498636,5,3,1,0.4487505919969422,-0.4641141102595479,-0.948519556524607,-0.5032013434580849,1,0
7,-1.159856043217352,4,1,1,-1.335073147225036,-1.002541782029652,0.9134706224098447,-1.3132159644997345,1,1
1,-0.6973658451523282,5,2,0,-0.44316127761404706,-0.5499083839515435,1.4474350015200756,1.6548540319618676,0,1
7,-0.6973658451523282,5,3,1,-0.8395665529967087,1.2582434723380593,1.5512507239821496,-1.5039929603803306,1,5
5,1.6150851451727894,3,2,1,-0.44316127761404706,-0.27873565648249593,-0.8730137161418535,-0.3831343533901135,1,2
2,-1.6223462412823755,0,2,1,-0.04675600223138495,-1.5606101465097726,-1.6484583122275944,0.5056414127398556,1,3
8,-0.0036305480547929366,0,1,0,-0.44316127761404706,0.3674569408423902,1.5914461407931417,-1.3674736422272435,1,5
10,0.9213498480752542,1,2,1,0.15144663545994566,0.5169195057534106,-0.788430250527144,1.1966391923147115,0,4
1,-0.0036305480547929366,5,1,0,-0.9386678718423742,-0.4147362351775122,1.4226253901869752,-0.3152247438472959,1,0
10,-0.92861094418484,2,2,1,0.4487505919969422,-1.7246910477348385,-0.24623446548624103,-1.626510297184383,1,0
1,1.1525949471077659,2,1,0,1.2415611427622655,-0.9718898749532119,-1.0379110863511576,-1.3657233945586142,1,4
0,-0.2348756470873047,1,1,0,-0.9386678718423742,-0.10788924423605359,0.4802832691798043,-1.5810038578000207,1,5
3,1.6150851451727894,0,3,1,0.05234531661428013,-1.0150200077144866,-0.4792524894489106,-1.6898692627887644,1,4
8,1.6150851451727894,3,0,0,0.5478519108426073,-0.5213102927208784,0.8242714151517676,-0.5238542659479108,1,4
0,0.6901047490427424,4,2,1,0.25054795430561116,-0.405847872483612,-0.9037468625839421,0.6054055298517269,1,3
0,0.45885965001023066,2,1,0,-0.44316127761404706,1.1795081119311224,0.2589969218940271,-0.17625507895812778,1,5
10,-1.159856043217352,1,1,0,0.4487505919969422,1.1855660057283242,-1.673344852588084,-1.1119374826073627,1,0
2,-0.4661207461198165,1,2,0,-1.632377103762032,-0.07647794306537725,0.5042851257253154,-1.2946633392122637,1,3
3,1.3838400461402778,0,3,1,-0.44316127761404706,1.095353439124409,1.5760987998289449,1.4511252033334148,0,2
2,0.45885965001023066,3,2,0,0.15144663545994566,0.5771532645916856,-0.7639283553036015,0.3537199151028306,1,5
4,1.1525949471077659,5,3,1,-1.632377103762032,0.8220233420694635,1.1004466234799233,1.4861301567060012,0,1
7,0.45885965001023066,2,3,0,0.05234531661428013,1.560137142710296,-0.5531812847701801,-0.017682640180311314,1,5
0,0.9213498480752542,5,2,0,0.5478519108426073,-0.4036732439410267,-0.2348874339462959,0.2826598597564801,1,4
2,1.3838400461402778,2,3,0,0.9442571862252694,0.9484106818897178,0.11767829857959203,1.2151918176021823,0,3
0,0.22761455097771885,4,1,0,-1.335073147225036,-0.7127121223817577,-1.4035547535332535,-0.6754257140512101,1,3
8,-1.6223462412823755,5,3,0,1.7370677369905927,-0.8110363986286495,-1.0207943777570032,-0.49830064998592283,1,1
1,-0.6973658451523282,4,3,0,0.3496492731512767,0.9623731778496503,1.5795221415477756,-0.3771835113167738,1,5
6,-0.92861094418484,4,0,1,-0.44316127761404706,-0.2694330788281033,-0.5706057094738924,-1.2929130915436344,1,4
5,-0.0036305480547929366,2,2,1,-0.8395665529967087,0.7612545555738858,0.9044314616915833,-1.6573146561522591,1,4
0,0.6901047490427424,1,2,0,0.25054795430561116,0.8979109746230151,-0.20253877792902863,-1.6751671823722782,1,1
0,0.9213498480752542,0,2,1,1.3406624616079306,-1.086782749619801,0.06352026329741331,-0.07929135811606342,1,4
4,-1.6223462412823755,2,3,0,0.05234531661428013,0.5872670132103758,1.2751909091950782,-0.9638665298413222,1,2
9,0.22761455097771885,5,3,0,0.5478519108426073,1.6111546186776142,-1.3323954031980045,-1.6156587616388813,1,3
9,-0.4661207461198165,4,1,0,-0.44316127761404706,-0.13569342345910831,-1.6526509442203199,-0.48604891630551755,1,1
6,-0.92861094418484,1,3,0,-0.3440599587683815,-0.9147109514485686,-1.0919152635785574,-1.590105145676893,1,1
3,0.9213498480752542,1,3,1,-0.7404652341510432,-0.8746183950642383,0.9751292378624956,-0.6313194728017512,1,4
1,0.22761455097771885,0,0,1,0.7460545485339384,-1.3028303694299805,1.5879843345606162,-0.2767192951374508,1,3
5,0.6901047490427424,2,1,0,-0.44316127761404706,-0.23488064754035937,1.2985388690077788,-1.6559144580173557,1,3
1,-0.6973658451523282,1,3,0,-1.0377691906880393,-0.8956570632659167,-0.9104012234531302,-1.6895192132550385,1,3
1,1.6150851451727894,3,2,0,-0.44316127761404706,1.5111044467620038,0.9165862480191177,0.8854451568324182,0,1
10,-0.6973658451523282,2,2,0,1.2415611427622655,-0.34614914130263974,-0.13272568557309514,-0.6040156091711338,1,2
3,0.9213498480752542,3,0,1,0.8451558673796035,-0.4662369619320716,-0.5134859066372196,0.07823093206057546,1,1
8,-0.6973658451523282,4,1,1,-0.5422625964597122,-0.7203578401941806,-0.571951967453208,-1.198749766971377,1,2
8,-1.6223462412823755,0,0,0,1.4397637804535965,-0.6718083950331297,-0.5435651563464978,1.695109728340342,0,5
3,-1.6223462412823755,5,2,0,-1.4341744660707012,0.8665169324090259,-0.06295105773085634,0.8539406987970904,0,1
4,-0.0036305480547929366,1,2,1,-1.5332757849163667,0.11549343216617929,0.9705904252465175,0.9404029336273789,0,3
1,0.9213498480752542,5,3,0,-1.335073147225036,1.3483007083317897,-0.23673373060364292,-0.8574514715886594,1,4
2,-0.0036305480547929366,3,2,0,-1.335073147225036,-0.9249627717207565,0.8310027050483453,0.7107704395032121,0,5
4,0.9213498480752542,0,0,0,-1.4341744660707012,0.9743336348338694,-0.7758908190626622,0.2361032717709402,1,2
2,1.6150851451727894,5,0,0,0.5478519108426073,1.1272134731689523,-0.023717253762232545,-0.24871533243938165,1,3
0,1.6150851451727894,1,1,0,0.3496492731512767,0.541979510863203,-0.6408034469667733,-1.3030645280216846,1,4
6,-0.4661207461198165,3,1,0,0.5478519108426073,-1.1580622407378744,-0.3690131931998167,-0.030984522461894152,1,4
0,0.9213498480752542,5,1,1,0.6469532296882728,-1.4192420322850419,0.48970707503501293,-0.8416992425709956,1,1
8,0.6901047490427424,4,1,1,0.8451558673796035,0.744927582547809,0.3791215981626665,1.605146998172795,0,4
3,1.1525949471077659,0,0,1,-1.0377691906880393,-0.23798725974405263,0.2891146361170001,1.0573194778918176,0,2
7,-0.92861094418484,0,3,1,0.4487505919969422,1.6937214674691063,-0.060527793368088396,-0.8739037996737751,1,2
6,-1.3911011422498636,0,1,0,0.25054795430561116,-0.6988014032918868,0.9367801177088505,-1.7010708478679921,1,4
0,1.3838400461402778,2,3,1,1.5388650992992616,-0.6610388060603265,-0.08552972726966239,1.5449384783719464,0,4
7,-1.3911011422498636,1,3,0,-0.9386678718423742,-1.4308573101355173,-1.2570818853837247,-1.3674736422272435,1,2
8,0.22761455097771885,0,1,1,-1.5332757849163667,1.6812259828275844,-0.32608679591649886,-1.5869546998733604,1,3
0,1.6150851451727894,0,1,1,0.5478519108426073,-1.20210709820357,-0.995253940663703,-1.2852120018016655,1,0
0,-0.6973658451523282,4,1,0,0.8451558673796035,-1.0790507370239424,-0.2706594316823941,0.8185856958907782,0,0
8,-0.92861094418484,5,0,0,-0.7404652341510432,-1.5257470540016593,-1.5116400370154426,0.7023692506937913,0,5
5,0.45885965001023066,4,3,1,0.25054795430561116,-1.651513071381175,-0.24761918797925128,0.011021421585209546,1,4
7,1.1525949471077659,1,3,1,-1.5332757849163667,0.3343024850463082,-1.5637979175854955,-1.30936541962875,1,4
7,-1.6223462412823755,4,3,0,1.6379664181449276,0.5935492734445111,0.15929690239728903,-0.5732112502032577,1,1
3,-0.2348756470873047,2,1,1,-1.335073147225036,-0.48731014804712425,1.1337953568532535,0.8749436708206423,0,1
6,-1.159856043217352,2,3,1,-1.5332757849163667,0.06818663188660576,-1.3154710171723236,-1.5785535110639397,1,4
1,-0.4661207461198165,0,2,1,-1.5332757849163667,-0.6128863169030808,0.29892308710915605,0.9750578374662394,0,2
2,-0.6973658451523282,0,3,0,-0.24495863992271602,1.6709051267286479,-0.5007156880905694,-1.4399338957084975,1,3
0,-0.6973658451523282,4,3,1,-1.4341744660707012,-0.06410327112066574,1.1683749546648152,1.1052762640122609,0,5
6,0.6901047490427424,4,2,1,0.8451558673796035,1.071052828108853,-0.7770447544735041,-0.4338915357803638,1,4
6,-0.6973658451523282,4,1,0,1.3406624616079306,-0.8289339367132602,1.2352262794662545,-0.21336032953306938,1,5
4,-1.6223462412823755,1,3,1,-0.8395665529967087,0.46959544651714985,-1.3102398433098403,-0.6547727915613841,1,2
9,-1.6223462412823755,5,3,1,0.4487505919969422,1.5604995808007267,0.4863221978298768,-1.2764607634585188,1,0
10,-1.159856043217352,0,3,0,-1.632377103762032,0.9792696964464043,0.42139409871317385,-1.4833400378905046,1,1
7,1.3838400461402778,2,3,1,-0.3440599587683815,-0.3397633273283814,-0.9802912448364532,0.14053974906377928,1,1
0,0.9213498480752542,0,1,0,-0.7404652341510432,-0.2830849135676665,-0.48140650221581543,1.2515969691096722,0,1
6,0.45885965001023066,1,2,0,-0.9386678718423742,-1.297549128683702,-0.48344512144163604,-0.6789262093884687,1,3
7,-0.92861094418484,0,2,1,0.5478519108426073,-0.5798526738038091,-0.06206637391587757,1.2179922138719892,0,0
10,-0.6973658451523282,5,0,0,-1.2359718283793704,-0.4190509743493084,-0.5379878018607621,-0.7317836889810743,1,2
10,-1.3911011422498636,4,2,0,1.2415611427622655,0.6455850278563733,-1.3933616574041503,-1.0538292600088692,1,0
7,-0.0036305480547929366,4,2,1,0.5478519108426073,0.491462544639813,-0.6049545202032857,0.027473749670325162,1,1
9,0.6901047490427424,1,3,0,0.7460545485339384,1.4746362712819823,0.3478114840151569,-1.1486926836485785,1,4
7,0.6901047490427424,4,1,1,1.5388650992992616,0.9710716920199914,0.9250099765182634,0.770278860236609,0,5
6,1.3838400461402778,5,2,1,1.5388650992992616,-0.8345085797232209,-1.4175173720044403,0.7279228666557793,0,5
10,-1.3911011422498636,2,3,0,0.15144663545994566,0.9751965826682286,-0.5807218765756063,1.478429066964032,0,3
10,0.22761455097771885,3,3,1,-0.04675600223138495,0.7785998070445065,1.0545584586421115,1.347860590884285,0,4
4,-1.3911011422498636,0,1,1,-0.5422625964597122,-1.5035347767452525,-0.7915843406501117,1.051018586284752,0,2
2,1.1525949471077659,0,2,0,0.7460545485339384,-0.3242993021366638,-0.938287995881809,-0.6131168970480063,1,4
1,0.22761455097771885,0,2,1,0.15144663545994566,1.1698085782729244,-0.8498580788976265,-0.6694748719778704,1,2
8,-0.2348756470873047,5,1,1,1.5388650992992616,-0.8513360624932261,-1.6838456648267452,-0.7233825001716535,1,5
1,1.6150851451727894,4,0,1,-0.9386678718423742,1.6326765376665335,0.07105930798158022,0.08488187320136689,1,3
1,-0.0036305480547929366,4,2,1,-0.6413639153053777,0.6840034654420466,-0.027679098672789653,1.2309440466198462,0,0
9,1.6150851451727894,1,1,1,-0.6413639153053777,1.6367841693580836,1.0650977353944673,0.07928108066175306,1,3
0,0.6901047490427424,1,0,1,1.0433585050709344,-0.5115072053225573,-0.2258098087143398,-0.8420492921047215,1,2
10,-1.3911011422498636,4,2,0,-1.4341744660707012,0.4201830535217398,0.7511119101043927,0.3043629308474837,1,1
1,-0.2348756470873047,0,1,1,-0.1458573210770505,0.13780926316270925,1.4042008881272,0.9008473363163563,0,2
3,0.9213498480752542,1,1,0,-0.24495863992271602,1.4051517116593764,0.2971152549655038,1.4035184667466971,0,0
0,-0.4661207461198165,4,1,0,-1.4341744660707012,0.7874709107817195,1.6773758643871668,0.7016691516263396,0,2
10,-0.92861094418484,3,0,0,-0.3440599587683815,-1.3230060897972995,-0.8935153019411441,0.3866245712730618,1,2
0,-0.2348756470873047,1,0,0,0.05234531661428013,0.41976883856124736,1.4267410931523112,1.4003680209431644,0,0
2,1.3838400461402778,1,1,0,-1.5332757849163667,0.01188791517300893,0.6287947565551538,-1.0695814890265332,1,1
2,1.1525949471077659,2,3,0,0.05234531661428013,-0.6384123138434272,0.6854145207137952,-0.39223564126698596,1,3
2,-0.92861094418484,0,1,0,1.6379664181449276,1.655699985887238,0.9868993790530827,-0.505651690194166,1,3
1,-1.3911011422498636,1,3,0,1.6379664181449276,1.4834728571058209,0.729340995353176,-1.0944350059210695,1,1
9,0.45885965001023066,3,3,1,0.15144663545994566,0.24964730249566675,-1.6410346610845117,-1.559650836242743,1,3
6,0.9213498480752542,4,1,1,0.05234531661428013,0.029164130816880917,-0.21107789996925852,0.6778657833329808,0,4
1,-0.2348756470873047,1,1,1,-0.7404652341510432,0.2691671825088728,1.2768448832839514,-1.0324762384515915,1,0
10,-0.0036305480547929366,0,0,1,1.7370677369905927,0.27738244589197275,-0.5288717121151113,-1.6114581672341708,1,2
7,-1.3911011422498636,2,0,1,-0.7404652341510432,-1.4976667314716097,-1.0753370581761292,1.6349012085394934,0,4
2,-0.6973658451523282,3,2,0,-0.1458573210770505,-0.11272175210846533,0.18129860423067415,0.7772798509111262,0,3
4,-1.6223462412823755,1,2,1,-1.7314784226076976,-1.6546714604549297,-0.1612663547345842,-1.4553360751924354,1,1
5,-0.2348756470873047,0,1,0,-0.5422625964597122,1.3170792556846724,1.7270720160807569,1.3282578169956365,0,4
0,-0.0036305480547929366,0,1,0,-1.4341744660707012,1.1767984557312343,-0.4759830057848586,1.5652413513280465,0,5
8,1.1525949471077659,0,0,1,0.8451558673796035,-0.5509439213527746,-1.3464349506965807,-0.876704195943582,1,4
5,-0.4661207461198165,1,0,1,0.25054795430561116,0.1020832228202367,-0.15753529690619547,-1.6821681730467954,1,3
7,-0.6973658451523282,4,0,1,0.25054795430561116,0.23991325092409452,0.054750354175015045,-1.250207048429079,1,5
4,1.6150851451727894,0,3,1,-0.7404652341510432,-0.3684649722991697,0.8820451147212509,-1.5789035605976656,1,2
9,-0.4661207461198165,3,2,1,1.1424598239166004,0.6527302359248678,0.0545580316065414,-0.18220592103146746,1,2
3,1.6150851451727894,5,3,0,-1.7314784226076976,1.5744102998905978,0.9868224500256932,-1.3513713636758538,1,1
5,-1.3911011422498636,4,1,1,-0.5422625964597122,-0.39804682406100445,-0.15988163224157395,-1.4007283479312007,1,0
5,-1.6223462412823755,0,1,0,0.5478519108426073,-0.7752413224594283,-0.8934383729137547,0.3225655066012287,1,4
4,-0.2348756470873047,5,3,0,1.4397637804535965,-1.4606807872909726,1.5674442842476306,-0.8557012239200301,1,2
8,-0.2348756470873047,3,2,0,-0.9386678718423742,-0.06772765202497455,-0.6775370575452396,1.5274360016856532,0,3
6,0.45885965001023066,1,2,0,0.15144663545994566,1.1564846637104178,0.4510887032855048,-1.3912770105206023,1,4
6,0.6901047490427424,1,3,0,0.15144663545994566,-1.6584856898827978,0.38869926207265404,0.41917917790956716,1,5
9,0.45885965001023066,0,2,1,1.3406624616079306,-1.55008218293059,0.9907073659088609,1.1094768584169712,0,1
4,1.3838400461402778,5,1,1,-1.5332757849163667,1.514573497056128,-0.35212727168783053,-1.6863687674515058,1,2
6,-1.3911011422498636,0,3,0,-0.24495863992271602,-0.7345274436343593,-0.4176708030236491,1.1126273042205042,0,4
1,-1.3911011422498636,0,0,0,-1.1368705095337048,0.6024376361384113,-1.1648439815437641,1.4336227266471215,0,5
2,-1.6223462412823755,5,0,1,-1.632377103762032,-1.4044511064041245,0.7750368376225142,1.5246356054158463,0,3
6,0.45885965001023066,4,3,1,-1.2359718283793704,0.5000057281999695,0.2640742377017314,-0.17170443501969154,1,0
6,-0.0036305480547929366,2,1,0,1.6379664181449276,-0.6622469330284294,-1.400208340841812,-1.2498569988953532,1,3
1,1.6150851451727894,4,0,1,-0.9386678718423742,-1.2740596886324433,-1.0617590848418896,1.5799434317445327,0,3
6,-0.0036305480547929366,4,1,1,1.5388650992992616,0.46236394366521943,0.2910763263154313,0.7023692506937913,0,1
4,-1.6223462412823755,0,0,1,-1.0377691906880393,0.1222934611009301,-1.600493063650267,-1.3933773077229574,1,3
9,0.9213498480752542,1,1,0,1.5388650992992616,-0.7687519547450468,1.529902918881575,0.8350380239758938,0,0
0,0.6901047490427424,1,2,1,0.5478519108426073,0.755300215516807,0.9184710091901594,-1.5165947435944618,1,2
10,-0.0036305480547929366,0,2,1,-1.335073147225036,1.226452474120265,1.395123262895244,-0.18850681263853303,1,5
8,0.22761455097771885,3,1,0,0.25054795430561116,1.718539847185278,-0.8589357041295826,-0.3120742980437631,1,2
7,1.3838400461402778,5,0,0,-0.6413639153053777,-0.7605021734485725,1.6924924182691954,0.5952540933736769,1,4
10,-0.92861094418484,2,0,1,-0.44316127761404706,-0.05928802220494119,1.0531737361491011,-0.5875632810860182,1,2
4,-1.6223462412823755,2,2,0,-0.24495863992271602,0.04820076004284575,-0.560027968207842,1.0699212611059485,0,2
9,-1.6223462412823755,2,2,1,-0.24495863992271602,-0.11708826815032308,-0.43578758897386655,-0.34007826074183223,1,3
10,-1.159856043217352,1,3,1,0.5478519108426073,-1.070231410156791,-0.9297104093278844,-1.6041071270259277,1,5
2,1.6150851451727894,2,2,1,0.9442571862252694,1.326209243772193,0.2627664442361106,0.8493900548586543,0,0
8,1.3838400461402778,0,1,1,-0.5422625964597122,-0.33367091561780515,-0.5376416212375095,-0.5378562472969455,1,5
9,-0.6973658451523282,5,2,1,1.4397637804535965,-0.2824118142568663,1.0621744323536677,0.35967075717617025,1,5
3,-0.6973658451523282,3,3,0,1.5388650992992616,1.0627685288990043,-0.04598820719148076,1.2810011299426447,0,1
0,0.22761455097771885,3,2,1,-1.632377103762032,0.8095105984712545,0.06790521785861243,-0.6897777449339705,1,1
8,0.45885965001023066,4,2,1,-1.632377103762032,-0.42120834393520645,-0.7788141221034617,1.478779116497758,0,4
4,1.3838400461402778,3,3,1,-0.24495863992271602,0.44482884367103964,0.29319187456864143,1.6086474935100536,0,5
5,0.9213498480752542,4,3,1,0.3496492731512767,0.5786202759100962,-0.5437959434286662,1.5347870418938963,0,2
0,-1.3911011422498636,5,2,1,-0.7404652341510432,-0.1213857483654321,1.2593819940665445,-0.6064659559072149,1,1
5,-1.3911011422498636,3,2,0,-0.8395665529967087,0.6964989500835684,1.633718641343649,0.8605916399378819,0,5
9,-0.4661207461198165,4,1,1,0.6469532296882728,-0.8825402561836562,-0.7607358006669389,-1.637011783196159,1,2
10,1.6150851451727894,0,1,1,0.3496492731512767,0.8676905414637545,-0.5243713640128279,1.5109836736005375,0,2
5,0.22761455097771885,0,0,1,-1.1368705095337048,-0.8671625257753746,-1.6489968154193206,-0.2963220690260992,1,1
1,-1.6223462412823755,2,1,1,1.3406624616079306,-0.15766407532189455,-0.9754062515972226,-0.3901353440646308,1,5
0,0.22761455097771885,0,2,1,0.6469532296882728,1.165752723451436,-0.5858376568970052,1.6972100255426972,0,4
6,0.22761455097771885,5,3,0,-0.44316127761404706,-0.08612569985351355,0.6968769457948245,1.0328160105310071,0,0
8,1.1525949471077659,3,3,1,0.6469532296882728,-1.5780762106772037,1.1362570857297163,0.2557060456595886,1,1
4,0.22761455097771885,2,0,0,-1.335073147225036,-1.6203779135174936,0.6852606626590163,1.1731858735550786,0,4
2,-0.6973658451523282,0,0,1,-0.1458573210770505,-0.6611423598004496,-0.4940613272213813,-0.5805622904115009,1,5
0,1.1525949471077659,3,2,1,-1.1368705095337048,-0.9544065518290937,0.08986845517830282,0.28966085043099743,1,2
4,1.6150851451727894,3,1,0,-1.632377103762032,-1.0129489329120245,-1.5940694898632473,0.22525173622543843,1,4
6,0.22761455097771885,1,1,0,-0.5422625964597122,0.8914906427353824,1.5240178482862814,-1.6688662907652125,1,3
7,0.6901047490427424,5,0,0,-1.2359718283793704,-0.5453692783428139,0.09409955168472303,1.2144917185347306,0,4
0,-0.92861094418484,3,3,0,0.4487505919969422,1.7112910853766603,-1.316278771959913,-1.572252619456874,1,2
0,-1.3911011422498636,2,0,0,0.6469532296882728,0.555907488909761,1.2518044848686827,0.3005123859764992,1,3
8,1.1525949471077659,3,1,0,-1.2359718283793704,-0.8159206833711229,-1.5167173528231468,-0.724782698306557,1,3
5,-0.4661207461198165,0,3,1,-1.632377103762032,-0.6598306790922235,1.3728138449523009,-0.6411208597460754,1,4
7,1.3838400461402778,0,2,1,1.0433585050709344,-0.8634000732175683,1.3440039241949486,1.4798292650989355,0,2
9,-0.92861094418484,2,1,1,-1.7314784226076976,-0.8508182937926105,0.848504058779447,-0.8318978556266714,1,5
0,-0.4661207461198165,1,0,1,-0.5422625964597122,0.9129262669408659,1.4317030154189312,0.550797802590492,1,5
1,-1.159856043217352,1,1,0,-0.04675600223138495,0.2759499524869364,-1.185153244774581,1.3492607890191883,0,2
7,-0.4661207461198165,5,0,0,1.1424598239166004,0.27280882236986875,-0.3997463396419053,-1.3884766142507954,1,5
0,-1.3911011422498636,1,0,1,1.1424598239166004,-0.45850494933621283,0.4665899023044807,0.6323593439486185,1,2
3,-1.3911011422498636,2,3,1,0.7460545485339384,-0.803787636820032,-0.20715451957239614,1.708061561088199,0,5
4,1.1525949471077659,1,1,0,-0.8395665529967087,-1.0930132329838749,1.2696520192230372,0.16644341455949324,1,3
2,0.22761455097771885,5,3,1,0.7460545485339384,1.5515076643667034,1.2276872347820875,-1.361172750620178,1,4
7,-0.2348756470873047,5,2,0,-0.8395665529967087,-1.5328404852000923,-0.4432112401169493,0.1394896004626017,1,3
9,-1.159856043217352,3,3,1,-0.9386678718423742,-0.6520123717129288,-0.9773679417956539,-0.40518747401484295,1,4
9,1.1525949471077659,1,0,1,0.15144663545994566,0.7370574982984527,-0.6956923080091518,-0.629219175599396,1,0
5,0.6901047490427424,0,3,1,0.6469532296882728,-0.9793630031987629,-0.6933459726737734,-1.0296758421817847,1,5
10,-1.6223462412823755,4,3,0,-1.5332757849163667,1.5072384404640744,1.4331262024256364,-1.0170740589676535,1,4
2,-0.0036305480547929366,0,2,1,-1.5332757849163667,1.4652991757142153,1.2730368964281733,-0.8574514715886594,1,0
2,1.3838400461402778,3,0,1,0.9442571862252694,1.3924836374509828,-1.4703291493073034,-0.8091446359344902,1,3
8,-0.4661207461198165,3,0,1,1.2415611427622655,0.37568946318217733,0.9644745675690556,-0.1965579519142279,1,5
2,-0.2348756470873047,3,0,1,0.3496492731512767,1.4382371316287097,0.568828579705071,-0.649872098089222,1,5
1,0.22761455097771885,0,3,0,-0.24495863992271602,-0.09428918636655197,-0.712847481117001,0.8346879744421679,0,5
10,-0.6973658451523282,0,2,1,1.2415611427622655,0.027645342628408655,1.3935077533200653,-1.2099513520506047,1,2
6,1.6150851451727894,1,1,0,0.8451558673796035,0.20510193528604279,-0.05945078698463598,1.0779724003816435,0,0
6,-1.6223462412823755,0,3,0,0.25054795430561116,-0.5560525725321813,1.078906495810875,1.6685059637771764,0,5
9,0.9213498480752542,3,3,1,-0.6413639153053777,-1.7039285228401553,-1.2539277952607568,1.1266292855695386,0,0
5,0.45885965001023066,0,2,0,-1.0377691906880393,-0.5210514083705705,-0.9197865647946443,1.445524410793801,0,4
9,-0.2348756470873047,4,3,1,-0.24495863992271602,0.18221655871883574,-1.4230562619764813,0.16049257248615353,1,5
8,1.6150851451727894,3,2,0,-0.7404652341510432,-1.4042785168372527,0.6880301076450368,-0.09959423107216353,1,1
1,-0.6973658451523282,5,1,1,-0.5422625964597122,-0.7241375517086741,-1.424364055442102,0.5350455735728282,1,2
9,-1.159856043217352,3,1,0,0.05234531661428013,-1.4482543384761997,0.07779059787815784,0.8714431754833837,0,0
8,0.9213498480752542,4,0,0,-1.1368705095337048,0.6617566702722655,0.23791836838931554,-0.853600926717675,1,1
0,1.1525949471077659,0,0,0,1.0433585050709344,1.3768642816490804,-0.4259022089543212,1.528136100753105,0,1
4,0.22761455097771885,2,2,0,-1.2359718283793704,-1.0873177772771039,-1.2170403266275116,1.17983681469587,0,0
6,-1.6223462412823755,1,3,1,-0.04675600223138495,1.7046291280954071,0.24845764514167135,1.0849733910561608,0,4
10,-1.6223462412823755,3,3,1,0.8451558673796035,-1.6617476326966756,1.1473733301874929,-1.0811331236394865,1,2
3,-1.6223462412823755,5,0,1,-0.04675600223138495,1.0746254321431001,0.357735328548397,-0.876704195943582,1,5
10,-1.159856043217352,4,1,0,-0.44316127761404706,-1.4907113719266742,0.5180169571143336,0.6635137524502204,1,0
6,0.9213498480752542,4,3,1,-0.04675600223138495,-1.635738384969088,0.4093547059267236,0.5287446819657626,1,4
3,-0.4661207461198165,0,0,1,1.2415611427622655,0.1334254881641643,1.4249717255223537,-1.6202094055773175,1,1
9,0.45885965001023066,2,3,1,1.7370677369905927,-1.6588653869299157,-0.7749676707339888,-0.9572155887005307,1,4
9,0.6901047490427424,3,1,0,0.4487505919969422,-0.7778646838758804,-1.6957696640721114,-1.4157804778814127,1,4
3,-1.159856043217352,4,0,0,1.0433585050709344,-1.4591619991025004,-0.37424436706229985,0.45278393314725013,1,2
9,-0.0036305480547929366,2,0,1,-1.632377103762032,-1.6160804333023846,-0.7025005269331189,1.2613983560539963,0,4
0,1.3838400461402778,1,0,1,1.3406624616079306,1.2084513822955312,0.23187943973924305,-0.5578090707193197,1,2
2,1.3838400461402778,5,3,1,1.5388650992992616,0.3064120110398176,1.5020161464528963,-1.34577057113624,1,5
4,0.45885965001023066,3,1,0,0.25054795430561116,0.5859035556320882,0.6111010802555783,0.13073836211945508,1,5
5,-1.3911011422498636,4,2,1,0.8451558673796035,0.3535979986225808,-1.3041239856323785,0.22035104275327633,1,0
8,1.3838400461402778,1,3,0,0.05234531661428013,-0.2374177141733755,1.151489033152829,-1.1154379779446213,1,3
2,0.22761455097771885,5,1,0,-0.7404652341510432,-0.881970710612979,0.5736751084306068,0.37367273852520483,1,2
7,-1.159856043217352,4,1,1,1.2415611427622655,0.012716345093993801,-0.23111791160421244,-1.209251252983153,1,4
5,-0.6973658451523282,2,0,0,0.3496492731512767,1.2653541624931794,0.716109202642189,-1.5953558886827812,1,3
1,0.45885965001023066,2,2,0,0.25054795430561116,0.6940481782339882,1.6864919541328176,1.1290796323056196,0,2
7,-0.0036305480547929366,0,2,0,0.5478519108426073,-1.0995371186116307,-0.8312797187830723,-1.6751671823722782,1,5
5,-1.3911011422498636,0,1,1,1.2415611427622655,0.3929829377827365,-0.4468653689179486,1.2964033094265828,0,0
10,-0.4661207461198165,0,3,1,0.8451558673796035,-0.3629421061592706,0.6030235323796852,-1.2330546212765117,1,4
1,0.9213498480752542,2,0,1,-1.0377691906880393,0.7475164260508868,1.2878841987143388,-1.6713166375012936,1,0
7,-0.6973658451523282,4,0,1,-0.1458573210770505,0.922556764772315,0.519670931203207,-1.6223097027796727,1,2
9,1.1525949471077659,2,0,1,1.6379664181449276,-1.0918914007992078,-0.6425728145967308,0.8080842098790022,0,1
2,0.45885965001023066,0,2,0,0.15144663545994566,-0.41941341243973923,0.956320090665773,1.4150701013596507,0,4
8,0.22761455097771885,4,0,1,1.5388650992992616,-0.42735253251584426,0.6458345361219188,-1.3727243852331314,1,0
2,0.9213498480752542,5,2,1,1.0433585050709344,1.5026130400719089,-0.9670979166391611,1.491730949245615,0,4
6,-0.6973658451523282,3,3,1,0.5478519108426073,-0.26905338178098526,-1.1481503826002515,-1.7007207983342663,1,2
10,-1.3911011422498636,4,2,0,-0.5422625964597122,1.656338567284664,1.3866995343960982,-0.9250110315977512,1,2
9,-0.6973658451523282,1,0,1,-0.6413639153053777,-0.9201820407184063,1.3923538179092234,0.02397325433306652,1,3
8,1.6150851451727894,4,1,1,0.5478519108426073,0.8065420579210587,-1.1258409646573087,-1.6450629224718538,1,3
10,0.9213498480752542,4,0,0,-0.24495863992271602,1.1770055632114804,-0.8745138321759479,-1.3181166579718966,1,4
8,-0.92861094418484,5,0,1,1.0433585050709344,1.3095888684824342,-0.061258619128288255,1.1175279976926662,0,4
10,1.6150851451727894,4,3,0,0.9442571862252694,-1.531684135102051,1.60517797218216,-1.1700457052058562,1,0
6,0.6901047490427424,0,0,1,-0.6413639153053777,1.5324710351407387,-0.7640437488446856,0.4177789797746637,1,4
7,-0.2348756470873047,0,3,0,0.7460545485339384,-0.1610123129192084,0.04409568388157505,0.08138137786410825,1,1
6,-0.4661207461198165,4,1,1,-0.04675600223138495,1.0269907116864703,-0.3009694684738407,0.72617261898715,0,2
9,1.3838400461402778,1,1,1,-0.6413639153053777,-0.2573172912336996,-0.8332414089815035,0.03062419547385794,1,2
0,-1.3911011422498636,2,2,1,-0.3440599587683815,0.9757833871955929,-0.8057777462034669,-0.48989946117650207,1,4
7,0.9213498480752542,3,3,1,1.3406624616079306,1.3500783808705696,-0.672382812710146,-0.14405052185534828,1,0
8,0.6901047490427424,3,2,1,-0.44316127761404706,-1.0972071594588608,1.1522967879404182,0.22700198389406773,1,4
5,0.6901047490427424,1,2,0,-0.7404652341510432,0.6997436339407592,-1.256889562815251,0.12163707424258262,1,2
10,1.1525949471077659,5,1,1,-0.5422625964597122,1.365145450058482,0.3721595211839205,1.3482106404180108,0,4
10,-0.6973658451523282,3,0,0,-0.9386678718423742,-1.6776258728488855,0.009400692528929305,0.0012200346408853498,1,2
6,-0.2348756470873047,4,3,0,0.15144663545994566,-0.883265132364518,1.3119629842872393,-0.9988714832139086,1,5
0,0.6901047490427424,5,2,1,-1.2359718283793704,1.5724427788282587,0.7362646078182272,0.1170864303041464,1,0
5,-0.2348756470873047,0,0,1,1.1424598239166004,-0.9684553425724621,1.5859457153347953,-1.4199810722861232,1,2
6,1.6150851451727894,3,1,0,-0.9386678718423742,0.9856555104206626,0.9533583231112789,0.8479898567237508,0,2
5,-0.6973658451523282,1,0,1,0.3496492731512767,1.4840251437198109,-0.7488118014215729,0.02992409640640621,1,4
3,0.9213498480752542,0,2,0,-1.335073147225036,0.7470504342203327,1.2656517097987854,0.5893032513003371,1,2
1,1.6150851451727894,3,0,0,1.6379664181449276,0.716070606966836,-0.4799448506954157,0.9568552617124946,0,1
10,0.22761455097771885,3,1,0,-0.1458573210770505,0.24476301775319345,-0.6563431104994438,-0.889656028691439,1,5
10,-0.92861094418484,0,1,0,1.1424598239166004,-1.1531434380820267,0.6041390032768323,-1.6230098018471244,1,3
2,0.6901047490427424,2,3,0,0.9442571862252694,0.5064778369576638,0.29346112616450454,1.4612766398114647,0,0
1,-1.159856043217352,1,0,0,0.7460545485339384,0.5149692436477586,1.192799920860968,0.4611851219566709,1,5
4,1.6150851451727894,4,0,0,1.1424598239166004,1.6099810096228855,1.097792572034987,1.0772723013141918,0,4
6,-0.92861094418484,4,3,0,-1.335073147225036,0.31452372068279444,1.2992696947679787,0.9915101655513551,0,2
10,-0.6973658451523282,2,0,1,0.6469532296882728,-1.627229719322306,0.4253944081374257,-1.618809207442414,1,1
5,1.1525949471077659,3,0,0,-0.8395665529967087,-0.15226202187880572,-0.9304796996017789,0.23785351943956953,1,3
6,-0.4661207461198165,0,1,0,1.0433585050709344,1.131372881730564,-0.6569585427185596,-1.3478708683385952,1,4
9,-1.159856043217352,2,1,0,1.5388650992992616,-0.8851463586434211,0.07029001770768564,-0.7219823020367501,1,1
7,-1.3911011422498636,0,2,0,1.4397637804535965,1.1078661827226182,1.3521584010982313,-1.2834617541330362,1,0
10,1.3838400461402778,1,1,0,-1.335073147225036,1.6189384081435345,-1.5641825627224426,0.20459881373561242,1,2
2,1.1525949471077659,1,3,1,-0.44316127761404706,-0.3229531035150634,-1.3966311410682022,-0.21861107253895734,1,1
5,-0.92861094418484,3,3,0,-0.44316127761404706,-0.46891210021858526,0.4858990881792348,0.4384319022644897,1,4
5,-0.6973658451523282,4,0,1,-1.335073147225036,-0.930244012467035,-0.0007154745727844775,-1.2544076428337894,1,5
0,-0.92861094418484,3,0,1,-1.4341744660707012,1.4922058891895364,0.9071239776502144,1.6303505646010572,0,3
10,1.3838400461402778,3,0,1,-0.44316127761404706,-0.26159751249212143,-1.1177249522677208,-0.6250185811946857,1,5
3,0.6901047490427424,5,0,0,1.7370677369905927,1.0670487501574262,0.5029773322596945,-1.7227739189589957,1,5
0,1.1525949471077659,0,1,1,0.25054795430561116,-1.2998618288797847,0.050326935100121185,-0.2728687502664663,1,1
6,1.6150851451727894,4,0,0,0.4487505919969422,1.300424362481539,-1.4318646356125742,1.0030618001643086,0,2
6,0.9213498480752542,5,2,0,-0.1458573210770505,0.018170175407144197,-0.005331216216151982,0.27075817560980076,1,2
4,-1.159856043217352,1,3,0,0.5478519108426073,0.08351258542482586,1.2747293350307414,-0.652322444825303,1,0
5,-0.0036305480547929366,0,0,0,1.5388650992992616,-1.3473929955962916,1.0051315585443843,0.7223220741161656,0,1
6,0.45885965001023066,3,3,0,0.3496492731512767,0.9167750142821081,0.11094700868301442,0.798632872468404,0,3
0,-0.92861094418484,5,3,0,-1.5332757849163667,-1.4417131938917567,-1.585607296850407,-0.7569872554093364,1,1
9,1.3838400461402778,2,0,1,-0.04675600223138495,-1.3349838057382057,-0.2673899480183421,-0.5676104576636439,1,0
10,-1.3911011422498636,2,0,1,1.7370677369905927,1.7113256032900348,0.16848992117032932,-0.8360984500313817,1,4
9,-1.3911011422498636,1,3,0,-0.3440599587683815,0.9329984335680618,0.5340566593250358,0.754526631218945,0,5
5,-1.6223462412823755,2,2,0,0.3496492731512767,-0.2613904050118752,0.9865147339161354,-1.4686379574740183,1,1
5,1.1525949471077659,5,0,1,-1.335073147225036,0.9702605210556937,0.9944384237372497,0.43388125832605345,1,3
5,-0.92861094418484,2,0,0,-1.2359718283793704,-0.5480444166293276,-0.9464809372987862,1.5260358035507497,0,0
6,0.45885965001023066,1,1,0,1.3406624616079306,-1.528232343764614,0.013862576117517893,-0.48814921350787277,1,2
4,0.22761455097771885,2,2,1,-0.6413639153053777,1.5296923431141018,1.386430282800235,1.63350101040459,0,4
4,1.3838400461402778,3,0,1,-0.6413639153053777,-0.3644091174776813,0.10256174469756345,-1.3450704720687883,1,4
9,0.6901047490427424,4,1,0,-0.3440599587683815,-1.6825446755047333,-0.29631526231677846,0.17484460336891397,1,1
9,-0.2348756470873047,2,2,1,1.6379664181449276,0.5506089892067954,-0.2258098087143398,0.625708402807827,1,4
0,1.6150851451727894,1,1,0,-1.4341744660707012,-1.2574393133426844,-0.3838989599996769,-1.0562796067449503,1,5
10,0.9213498480752542,5,1,0,1.1424598239166004,0.9559528459620176,-0.8699365550462752,0.013121718787564731,1,3
0,0.45885965001023066,2,3,1,-0.5422625964597122,1.1030681927635808,-0.6101856940657688,-1.3331687879221088,1,4
7,-0.2348756470873047,0,1,0,1.2415611427622655,1.447315342846169,-0.9248254160886538,-1.1556936743230957,1,1
9,1.1525949471077659,1,3,1,1.7370677369905927,1.4130045369520454,1.6664519424978637,0.8591914418029785,0,3
8,1.6150851451727894,1,2,1,-0.5422625964597122,-0.4917974767857923,1.3462733305029377,1.4899807015769857,0,1
9,-0.2348756470873047,5,1,1,-1.2359718283793704,1.233545905318698,-0.31185492584944907,1.1056263135459867,0,4
8,1.6150851451727894,3,3,1,-1.2359718283793704,-1.5687045971960623,0.46966706340005904,0.0876822694711738,1,3
0,-0.0036305480547929366,1,1,1,0.9442571862252694,-0.5614546259752702,-1.0735676905461715,0.43388125832605345,1,1
9,-1.6223462412823755,2,0,0,-1.2359718283793704,0.5077895176658899,-1.1416883442995371,0.8185856958907782,0,2
6,0.45885965001023066,2,0,1,-0.8395665529967087,1.3175279885585391,1.0590588067443947,1.5340869428264445,0,5
2,1.1525949471077659,0,0,1,-1.0377691906880393,1.5209075341603249,1.0000157782229855,-0.9257111306652029,1,2
1,0.45885965001023066,3,0,0,-0.5422625964597122,0.25836307562269506,-1.1754217228098145,1.344360095547026,0,4
0,-0.0036305480547929366,2,2,1,-1.4341744660707012,0.5300708307490454,0.07609815927558976,-1.6205594551110434,1,3
6,-0.92861094418484,1,2,1,1.2415611427622655,0.0876719939864374,-1.037141796077263,-1.7003707488005404,1,2
6,-0.92861094418484,4,0,1,1.2415611427622655,-0.9958107889216501,0.7369569690647323,1.3566118292274314,0,4
10,-0.92861094418484,1,1,0,-0.3440599587683815,-1.1182803455739134,-1.4230562619764813,0.21720059694974353,1,4
0,-0.4661207461198165,4,1,1,0.3496492731512767,0.6956532612058964,0.8103087966805809,-1.0051723748209742,1,5
1,-0.2348756470873047,3,3,1,0.4487505919969422,-1.6294216068215785,-0.706616229898455,1.1101769574844231,0,3
3,-0.4661207461198165,5,2,0,0.8451558673796035,1.05163650183577,-1.6214177591001997,-1.7119223834134938,1,3
7,-1.6223462412823755,0,2,1,0.05234531661428013,-0.0772200782029262,-1.4247487005790493,0.014871966456194052,1,0
1,0.9213498480752542,5,2,0,0.05234531661428013,-0.41559918301187143,-1.3692828718312497,0.9232505064748115,0,0
7,-0.0036305480547929366,2,3,0,0.4487505919969422,-0.35367404641825234,1.0964078495419767,1.6373515552755744,0,2
1,1.1525949471077659,1,2,1,0.7460545485339384,1.5941890642541114,-1.084299289867001,-0.07194031790782027,1,0
1,0.45885965001023066,3,1,1,-0.5422625964597122,1.3482661904184152,0.06036617317444551,1.0461178928125898,0,0
5,1.6150851451727894,3,0,0,-0.5422625964597122,0.5051316383360633,-1.7040010700027834,-1.0282756440468812,1,5
7,0.6901047490427424,4,2,1,-0.8395665529967087,-1.4866037402351242,0.5631742961919457,-1.5761031643278587,1,1
10,1.1525949471077659,3,3,0,0.15144663545994566,-0.4306662521997837,1.2884996309334544,0.4471831406076363,1,1
5,-0.2348756470873047,3,2,0,-0.44316127761404706,1.27558872380868,1.4081242685240623,0.8644421848088664,0,3
2,-0.4661207461198165,1,0,0,0.15144663545994566,0.7186767094266009,-1.1101859075835538,1.1675850810154647,0,1
6,-0.4661207461198165,5,3,0,-0.3440599587683815,0.026092036526562022,-1.547373570237846,-0.5091521855314246,1,5
7,-0.6973658451523282,2,3,0,1.1424598239166004,0.5609643632191061,-1.5377574418141637,1.6678058647097247,0,1
7,-0.4661207461198165,3,2,0,-1.4341744660707012,1.2416230970483004,0.6823373596182168,-1.291512893408731,1,0
3,0.9213498480752542,1,3,0,0.25054795430561116,1.0096282012591622,1.2339569505143284,-0.3029730101668906,1,1
0,0.22761455097771885,1,0,1,0.25054795430561116,0.40520227911726336,-1.3697444459955865,1.7185630470999749,0,3
8,0.45885965001023066,3,1,1,-0.44316127761404706,-1.5201206341216371,-0.9556739560718266,0.15244143321045867,1,3
5,0.22761455097771885,3,0,0,-0.24495863992271602,1.5352324682106882,0.013016356816233851,-0.928161477401284,1,1
5,1.6150851451727894,0,2,1,1.0433585050709344,-0.3398496221118173,-0.9556739560718266,1.6804076479238557,0,1
4,0.45885965001023066,0,1,1,-0.7404652341510432,1.255136860134366,-0.26935163821677327,0.2284021820289712,1,1
0,-0.0036305480547929366,5,2,1,1.2415611427622655,-1.5459055154122912,-1.6104169081835071,1.319156529118764,0,4
7,0.45885965001023066,5,3,0,1.3406624616079306,-0.7295050872383886,1.7043779530008667,1.5288361998205566,0,3
9,0.22761455097771885,2,1,1,0.5478519108426073,-0.7208410909814218,0.5201325053675437,-0.6285190765319443,1,5
8,1.1525949471077659,3,3,0,0.9442571862252694,0.6117402137928039,-1.280045200059478,0.5469472577195076,1,1
1,0.45885965001023066,5,3,1,0.3496492731512767,1.1289048509242965,-1.1298028095678656,-1.5782034615302138,1,0
4,-0.0036305480547929366,4,0,1,0.05234531661428013,-0.35068824691136935,1.5377881441889945,0.6736651889282704,1,3
6,-0.0036305480547929366,1,1,0,1.6379664181449276,-1.4552269569778222,-0.6694979741830412,0.453133982680976,1,2
7,-1.6223462412823755,4,2,1,-0.7404652341510432,1.6144510794048665,-1.0218329196267608,-0.9491644494248359,1,1
5,0.45885965001023066,3,3,0,-1.2359718283793704,-0.17050473909716005,1.0322490406991685,0.18324579217833473,1,3
1,0.6901047490427424,2,0,0,-0.7404652341510432,0.7869186241677296,-0.0844911853999047,0.878444166157901,0,5
10,-0.6973658451523282,0,1,1,0.4487505919969422,-1.5646314834178867,-1.0871841283941057,0.6089060251889855,1,5
10,-0.92861094418484,0,2,1,-1.1368705095337048,-0.06536317495883023,-1.0071394753953742,1.7248639387070406,0,5
4,-1.3911011422498636,4,2,0,1.4397637804535965,1.0828579544828874,1.0032467973733425,-0.3540802420908668,1,2
6,-0.0036305480547929366,3,3,0,-0.3440599587683815,1.4665245616390055,-0.6905765276877529,-1.4714383537438251,1,1
5,-1.159856043217352,1,1,1,1.2415611427622655,1.7031103399069347,1.3216945062520058,0.8161353491546971,0,1
4,-0.92861094418484,0,1,1,-0.8395665529967087,0.5703014587868732,1.3637746842340395,1.1122772546867783,0,5
1,0.9213498480752542,0,2,1,-0.6413639153053777,-0.754478797564745,-0.6938844758654996,1.584844125216695,0,4
0,-0.2348756470873047,0,3,1,-1.5332757849163667,-1.386294683969206,1.5104783394657366,-0.472046934956483,1,3
8,0.45885965001023066,3,3,1,-0.8395665529967087,1.4022349479792422,1.5493274982974132,1.0097127413051,0,4
7,0.22761455097771885,3,1,0,-0.04675600223138495,-1.723620992420233,1.5482889564276556,-0.3568806383606737,1,4
6,-1.3911011422498636,3,1,1,1.5388650992992616,-0.06576013096263549,1.1840300117385698,0.9918602150850809,0,2
2,-1.159856043217352,2,1,1,-0.3440599587683815,1.1426257214906084,1.1257178089773605,-1.5859045512721828,1,3
10,-0.92861094418484,2,0,1,0.4487505919969422,-0.846935028537994,-0.3052005649802609,0.3176648131290666,1,4
7,0.45885965001023066,1,2,1,-0.24495863992271602,0.9782686769585475,0.4112010025840706,0.2165004978822918,1,2
1,-1.6223462412823755,4,2,1,-1.5332757849163667,-0.2640310253850145,-1.1925768959176637,0.7825305939170142,0,3
10,-0.2348756470873047,1,2,1,0.05234531661428013,-0.04361688953297739,-0.8876686958595453,-1.5533499446356773,1,5
0,-1.3911011422498636,1,0,0,-1.5332757849163667,-0.14290766735435154,1.0076702164482365,0.8220861912280368,0,4
6,-0.6973658451523282,5,3,0,1.3406624616079306,-1.5446973884441884,-0.8758985546689582,0.37437283759265655,1,2
10,1.6150851451727894,5,1,1,0.8451558673796035,0.7893521370606227,0.27599823694709746,0.9656065000556411,0,4
9,-1.6223462412823755,1,2,1,-0.44316127761404706,0.30855212166902846,-0.9060162688919312,-0.36423167856891686,1,4
9,-1.159856043217352,1,1,1,0.4487505919969422,0.10679491799583815,-0.04952694245139584,-0.6376203644088168,1,1
7,0.9213498480752542,0,3,0,-1.335073147225036,1.2639216690881432,-1.359859065976041,-1.4217313199547525,1,3
0,-1.3911011422498636,3,0,0,0.7460545485339384,-0.9392186699443711,1.7284567385737672,1.0713214592408522,0,3
2,-1.6223462412823755,5,2,1,1.1424598239166004,0.31469631024966627,-1.212693836580007,0.43003071345506894,1,2
10,-0.2348756470873047,0,2,0,1.1424598239166004,-1.3731606179302585,-1.3898998511716247,-0.8557012239200301,1,3
1,-0.6973658451523282,5,3,1,-0.7404652341510432,1.7127753556517582,0.8766600828039888,1.4497250051985113,0,5
8,-1.6223462412823755,3,1,0,-0.8395665529967087,-1.1704886895526474,1.2798451153521404,0.5017908678688711,1,5
8,-0.4661207461198165,5,1,1,0.05234531661428013,-0.7708402885041962,-0.22546362809108725,0.40692744422916194,1,1
10,-0.6973658451523282,3,0,1,1.6379664181449276,-1.320538058991032,0.07963689453550485,1.4087692097525852,0,3
9,1.6150851451727894,4,0,1,1.4397637804535965,-0.22024505226962665,1.6529508981910137,1.7199632452348783,0,4
2,-1.159856043217352,0,0,1,-0.44316127761404706,1.0495309091199336,-1.445788789570066,1.6860084404634696,0,1
10,0.9213498480752542,5,0,1,0.9442571862252694,0.6751841385748952,1.1943385014087573,0.9960608094897914,0,4
0,-0.2348756470873047,5,2,1,1.4397637804535965,0.5690760728620831,0.658874006264432,1.5967458093633742,0,2
9,0.6901047490427424,4,3,0,-0.8395665529967087,1.221982404338284,-0.6861915731265538,1.6377016048093003,0,4
10,0.45885965001023066,2,2,0,1.1424598239166004,1.3440895229001166,-0.9477887307644071,0.6099561737901631,1,4
0,0.22761455097771885,3,2,1,-0.8395665529967087,-1.3523463161655136,1.3450424660647065,-1.5358474679493843,1,3
3,1.3838400461402778,3,0,0,-0.5422625964597122,1.5945515023445425,-1.1623822526673013,0.08558197226881861,1,5
4,1.1525949471077659,0,1,1,-1.0377691906880393,0.08358162125157459,0.10625433801225745,0.5570986941975576,1,2
5,1.1525949471077659,1,0,1,0.05234531661428013,1.2298870065010148,1.585445676656764,-1.2565079400361445,1,4
1,0.22761455097771885,1,2,1,1.2415611427622655,0.4159546091333795,-0.828202557687494,-0.8623521650608216,1,1
4,1.3838400461402778,1,2,1,0.05234531661428013,-0.9155566403262407,0.4476268970529792,0.589653300834063,1,1
0,0.22761455097771885,5,3,1,-1.335073147225036,1.0090759146451724,0.5537120258230424,0.3505694692992978,1,0
3,-1.3911011422498636,3,2,1,-0.8395665529967087,0.43336889643074894,1.3590820135632826,-1.6818181235130696,1,3
4,-1.159856043217352,4,0,1,0.25054795430561116,0.10915939506198247,0.3940842939899161,1.2508968700422205,0,2
9,-0.2348756470873047,1,0,1,0.25054795430561116,0.8658265741415385,-1.6312646746060504,-0.19060710984088822,1,5
10,-0.6973658451523282,4,1,0,0.25054795430561116,0.6841587960522313,0.3166167634087315,1.4875303548409047,0,1
2,-1.3911011422498636,4,3,1,-1.4341744660707012,0.2906200656710435,1.4605129361762834,-0.9215105362604926,1,2
5,-1.159856043217352,4,2,1,0.8451558673796035,-0.15096760012726684,0.2501500837442394,-1.4038787937347335,1,2
1,0.45885965001023066,0,1,1,1.4397637804535965,-1.3402995643978586,-1.3011622180778843,-1.229904175472979,1,0
8,-0.4661207461198165,0,1,0,0.05234531661428013,1.3023055887604422,0.4703978891602589,-1.3034145775554105,1,5
6,1.1525949471077659,1,2,0,0.7460545485339384,1.2966273920103584,1.248650394745715,0.6243082046729236,1,3
6,-0.2348756470873047,5,2,0,1.4397637804535965,0.47389292673225886,0.5790601403478689,1.1710855763527235,0,0
9,0.22761455097771885,5,3,1,0.4487505919969422,1.5841616104188572,1.4241639707347644,-1.2288540268718013,1,3
8,-1.6223462412823755,4,0,1,0.6469532296882728,0.512000703097563,0.6923765976925411,-0.40448737494739123,1,3
10,0.6901047490427424,1,2,0,0.7460545485339384,-0.4134072955125989,-1.4748294974095868,1.7063113134195698,0,2
2,-0.2348756470873047,0,2,0,-0.8395665529967087,-0.6852876402058211,-0.5756060962542072,-0.3134744961786665,1,0
0,-0.0036305480547929366,2,2,0,0.25054795430561116,-0.662868255469168,1.3248485963749737,1.398617773274535,0,1
8,0.9213498480752542,3,0,1,1.1424598239166004,-0.8593269594393926,-0.938287995881809,0.43563150599468276,1,4
3,1.3838400461402778,2,0,0,-0.7404652341510432,0.42784603029084983,-1.250658311596705,-1.1287398602262042,1,5
9,-1.159856043217352,2,3,1,1.3406624616079306,1.630657239734133,0.5390185815916558,1.3846157919255004,0,0
3,-0.92861094418484,1,0,1,0.4487505919969422,0.5491074599750102,0.010323840857602806,-0.08314190298704792,1,4
4,0.45885965001023066,2,1,1,-0.24495863992271602,1.308363482557644,-1.652920195816183,-1.150092881783482,1,3
0,-0.4661207461198165,4,0,0,0.4487505919969422,-1.152332267117729,1.6911846248035745,-0.24591493616957474,1,5
8,0.45885965001023066,5,1,1,-0.3440599587683815,-1.6147169757240971,-1.226079487345773,0.2812596616215767,1,0
4,-0.2348756470873047,0,3,1,1.1424598239166004,0.2690118518986881,-0.8533583496438468,-0.15420195833339834,1,4
1,1.1525949471077659,4,2,1,-0.04675600223138495,-1.7169245172256054,-0.2654282578199109,1.5522895185801895,0,2
9,1.3838400461402778,1,0,0,1.4397637804535965,-0.8114333546324548,-0.5370646535320885,0.11883667797277571,1,5
5,-0.92861094418484,5,0,1,0.05234531661428013,0.26509406873069713,-1.7295799716097782,0.27320852234588183,1,4
8,-0.0036305480547929366,2,0,1,0.5478519108426073,-1.1329331998013332,1.0974079268980397,0.677165684265529,0,1
7,-0.6973658451523282,5,3,0,1.7370677369905927,1.461157026109291,-0.8352030991799347,1.5386375867648807,0,3
3,-1.6223462412823755,3,2,1,-1.2359718283793704,-1.3201928798572884,-0.2519656780267557,1.4549757482043992,0,0
0,-0.92861094418484,2,0,1,0.8451558673796035,-1.6655963800379179,1.0491734267248494,-1.665365795427954,1,2
4,-1.159856043217352,0,1,1,-1.2359718283793704,-1.194927372221701,-1.4910999867024572,1.7122621554929094,0,5
5,0.22761455097771885,5,0,1,1.1424598239166004,-0.2281323954756701,-1.4876381804699315,-1.1745963491442923,1,2
4,-0.0036305480547929366,2,1,0,0.3496492731512767,1.2328900649645849,-0.6339567635291115,0.19514747632501409,1,5
9,-1.6223462412823755,5,1,0,1.5388650992992616,0.13516864278956997,-0.9025544626594055,-1.7101721357448645,1,5
3,0.6901047490427424,5,3,0,1.2415611427622655,0.7344341368820007,-1.2293489710098249,0.4888390351210141,1,4
0,-0.4661207461198165,4,2,1,-1.4341744660707012,0.08441005117255947,-1.7232717913638427,-0.3911854926658084,1,5
3,0.22761455097771885,4,1,0,-1.2359718283793704,1.0826508470026412,-0.5755676317405125,0.11778652937159811,1,1
2,-0.2348756470873047,0,0,0,0.3496492731512767,0.8540904835942529,1.3957771596280542,-1.4598867191308718,1,0
6,-0.92861094418484,5,1,1,0.05234531661428013,0.004052348837027032,0.6863376690424686,-0.12584794610160335,1,3
2,1.1525949471077659,1,3,1,-1.1368705095337048,1.4237741259248489,-1.1497274276617355,0.2038987146681607,1,0
1,-1.6223462412823755,1,0,0,-1.2359718283793704,-0.9835051528036873,-0.9399035054569876,1.1343303753115077,0,0
3,0.9213498480752542,3,3,0,0.25054795430561116,0.103791859532268,-1.2076549852859977,-1.5449487558262567,1,5
2,-1.3911011422498636,2,1,0,-1.5332757849163667,-0.4002041936469026,-0.4767522960587532,1.5928952644923897,0,1
8,0.9213498480752542,4,0,0,1.3406624616079306,1.5681625575698368,-0.2966229784263363,-0.2112600323307142,1,3
2,-0.6973658451523282,5,3,1,1.0433585050709344,-0.4852563322013493,1.5946002309161096,-0.5823125380801302,1,3
10,0.9213498480752542,0,2,1,0.9442571862252694,0.42520540991771055,0.6080623836736947,0.9001472372489046,0,0
5,0.6901047490427424,5,1,1,-1.632377103762032,0.21652736461295913,-1.5728755428174515,0.19689772399364341,1,1
9,-0.6973658451523282,0,1,0,-1.5332757849163667,0.05840080344497197,0.16329721182154086,1.4567259958730285,0,4
4,-0.0036305480547929366,1,2,0,0.15144663545994566,-1.0085133810434181,1.6586821107315284,0.10903529102845151,1,2
5,-0.4661207461198165,1,2,1,1.7370677369905927,1.0600761316558034,0.5462883746799596,-0.12269750029807057,1,5
7,-0.0036305480547929366,5,2,1,-0.5422625964597122,-0.38101223381075305,-1.4952926186951827,-0.21336032953306938,1,1
4,-1.3911011422498636,1,2,0,-0.5422625964597122,0.5349378565348315,-1.5582205630997596,0.5378459698426351,1,1
6,-1.159856043217352,3,2,1,-1.2359718283793704,-0.3792690791853474,-1.5906461481444163,0.09223291340961004,1,3
7,-0.4661207461198165,1,3,1,0.6469532296882728,-0.8692853774478982,-0.793122921197901,-0.37508321411441864,1,1
1,0.9213498480752542,4,0,0,0.5478519108426073,-0.2108561798317981,0.19299181639387183,-0.4569948050062708,1,3
7,1.1525949471077659,2,2,1,-1.335073147225036,0.38091892705839436,-1.7115401146869502,-0.9096088521138133,1,0
2,0.45885965001023066,0,0,0,-0.1458573210770505,0.17747034562985992,-1.2753525293887211,1.6618550226363848,0,2
4,-1.159856043217352,4,2,0,0.5478519108426073,1.0715015609827199,-0.951212072483238,-0.03658531500150798,1,3
6,-0.4661207461198165,3,2,0,-0.04675600223138495,0.8252335080132799,1.4668980454496086,0.44788323967508803,1,2
4,-0.4661207461198165,2,0,1,0.6469532296882728,-0.032467603513056005,-1.7084244890776772,1.4521753519345924,0,0
5,-1.3911011422498636,5,3,1,1.1424598239166004,-1.087248741450355,0.8541198777788774,-1.247756701692998,1,0
7,-0.2348756470873047,1,1,0,0.6469532296882728,1.1589699534733724,-0.7745445610833467,-0.866202709931806,1,2
8,0.9213498480752542,5,3,0,0.4487505919969422,0.38499204083656996,-1.0347569962281897,1.5088833763981824,0,5
4,-1.3911011422498636,3,1,1,1.2415611427622655,0.23872238291267878,0.584022062614489,1.0979252238040178,0,1
4,-0.4661207461198165,0,3,0,1.4397637804535965,1.6631040783060405,1.2437654015064843,1.555790013917448,0,3
6,-1.6223462412823755,4,1,0,-0.3440599587683815,1.1392774838932944,1.1587203617274382,-1.1402914948391576,1,1
3,-1.159856043217352,3,2,0,-1.1368705095337048,-0.49019239381388413,-1.1256871066025296,-0.26271731378841623,1,5
1,-1.3911011422498636,3,0,1,1.1424598239166004,-1.0264972139114645,-1.4929462833598042,0.28300990929020603,1,5
7,-0.2348756470873047,5,3,0,-1.0377691906880393,1.0309257538111483,-1.4718677298550926,0.2721583737447042,1,5
9,1.3838400461402778,4,1,0,1.5388650992992616,-0.8791402417162808,0.7748829795677353,-0.7923422583156488,1,2
6,-0.92861094418484,0,0,0,-1.632377103762032,-0.3159977439701279,1.267113361319185,1.3181063805175863,0,0
9,-0.0036305480547929366,0,1,1,1.4397637804535965,1.0036566022453963,1.4298182542478897,0.36282120297970305,1,5
2,-0.4661207461198165,0,0,1,0.3496492731512767,-0.5908811471269202,-0.600646494669476,-0.9337622699408978,1,0
2,0.9213498480752542,5,3,0,0.9442571862252694,-1.3001034542734053,0.3871606815248649,0.2361032717709402,1,2
8,0.45885965001023066,1,2,0,-0.3440599587683815,0.13673920784810378,-1.218848158771164,-0.6264187793295891,1,5
10,-0.92861094418484,0,1,1,1.7370677369905927,1.6590137055711776,0.9552815487960153,-0.8532508771839491,1,1
7,-0.6973658451523282,1,2,1,-0.9386678718423742,-0.00835684102105884,-1.7030009926467204,-0.34322870654536497,1,3
9,1.1525949471077659,3,2,0,-0.8395665529967087,-1.4649437495927073,-0.2125010869759635,-0.6946784384061326,1,4
4,1.1525949471077659,3,2,0,-1.5332757849163667,0.9567294990129409,0.7999233779830041,0.5928037466375958,1,0
4,1.6150851451727894,5,2,1,1.5388650992992616,-1.727901213678655,-0.4563661038005467,-1.0660809936892746,1,3
0,1.6150851451727894,3,0,0,-0.1458573210770505,0.5957584199004707,-0.7826990379866293,-1.065030845088097,1,4
7,0.22761455097771885,4,0,0,0.6469532296882728,0.36044980442739316,0.7268792664767133,0.6327093934823443,1,3
9,-0.2348756470873047,4,2,1,0.6469532296882728,0.05705460482337155,1.1868379212382851,0.4706364593672692,1,4
10,0.45885965001023066,4,0,0,1.3406624616079306,1.2377743497070581,-0.03137169198748366,-0.44929371526430184,1,4
0,1.3838400461402778,3,1,1,0.5478519108426073,-1.0958437018805731,-0.1554966776803748,0.18814648565049683,1,4
10,1.3838400461402778,5,2,0,0.25054795430561116,1.0684985025191496,0.15256561250071143,-1.1941991230329407,1,3
6,0.22761455097771885,2,1,1,0.7460545485339384,0.715328471829287,-0.9515967176201853,0.7160211825091,0,3
10,-0.2348756470873047,5,2,0,0.8451558673796035,1.4331112214926158,-0.5922227661703303,-1.0611803002171123,1,1
1,0.9213498480752542,3,0,1,-1.0377691906880393,-0.38284168321959466,0.86300518044236,0.32291555613495454,1,5
0,-1.6223462412823755,1,3,0,-1.335073147225036,-1.2442879883470497,-0.0735672635106016,-1.6734169347036487,1,5
2,0.9213498480752542,3,0,1,-1.4341744660707012,0.37741535885089583,-1.0026006627793962,-1.4189309236849457,1,2
1,-0.0036305480547929366,5,3,1,-0.44316127761404706,1.3221706479073918,-1.515986527062947,0.2644572840027352,1,0
3,-0.92861094418484,0,0,1,-0.04675600223138495,0.34755736378206614,1.1633361033708056,0.5753012699513026,1,4
3,-1.159856043217352,4,1,1,0.4487505919969422,-1.4841702273422313,-0.0934534170907766,-1.0139236131641207,1,0
1,1.3838400461402778,5,2,1,1.6379664181449276,1.0455958669952554,-1.1157632620692894,1.5127339212691668,0,5
0,1.1525949471077659,0,1,1,-0.5422625964597122,-0.6367727129581446,0.08056004286417834,-0.7538368096058037,1,4
9,-0.2348756470873047,0,2,1,0.9442571862252694,0.25656814412722784,0.5955614167229077,0.9792584318709499,0,4
1,0.9213498480752542,5,2,0,0.15144663545994566,-0.6090030516484642,-0.6883455858934585,1.5718922924688379,0,0
5,-1.159856043217352,0,3,0,-0.9386678718423742,1.086568630170632,-1.4508276408640757,-0.4765975788949192,1,5
1,-0.0036305480547929366,4,0,0,0.4487505919969422,0.14131283137020775,-0.034102672459809434,-1.167945408003501,1,4
8,-0.4661207461198165,3,3,0,1.6379664181449276,-1.6417272429395413,0.19233791966106142,-0.5655101604612888,1,5
3,-0.6973658451523282,1,2,1,-1.335073147225036,0.5558557120396995,-0.45340433624605253,-0.2952719204249216,1,5
0,-0.92861094418484,5,2,0,0.05234531661428013,-0.4652359424442149,0.938126375688166,1.5480889241754792,0,4
5,-0.0036305480547929366,4,3,1,-1.5332757849163667,-1.4019140397711085,0.08394492006931452,1.5179846642750547,0,4
7,-0.0036305480547929366,4,1,0,-0.6413639153053777,-0.2830849135676665,0.737841652879711,1.6709563105132574,0,4
8,0.9213498480752542,0,2,0,0.4487505919969422,0.3281928143790448,1.5006698884735807,-0.6218681353911528,1,3
4,-1.6223462412823755,3,2,0,1.1424598239166004,-1.6602461034648905,-1.176344871138488,-1.2316544231416082,1,2
10,0.22761455097771885,0,1,1,0.8451558673796035,-0.5650444889662046,-1.69096159986027,-0.709030469288893,1,2
1,1.3838400461402778,5,2,1,-0.1458573210770505,0.7485519634521178,0.046518948244342995,0.994310561821162,0,4
6,-0.6973658451523282,4,2,1,1.4397637804535965,1.2193417839651448,-1.2521584276307993,1.4833297604361941,0,4
7,-0.92861094418484,1,1,1,-0.6413639153053777,0.08042323217781977,-0.7638129617625172,-1.281711506464407,1,3
10,-0.4661207461198165,5,2,0,0.8451558673796035,-0.7640057416560709,-1.5454503445531096,-0.8784544436122113,1,0
4,-0.4661207461198165,5,2,1,-0.04675600223138495,-1.2755439589075412,-0.29293038511164227,-0.9638665298413222,1,2
0,-1.3911011422498636,4,1,1,1.3406624616079306,1.0370699423917862,0.47255190192716373,-1.5113440005885737,1,4
4,-0.0036305480547929366,1,2,0,1.0433585050709344,-1.5194993116808984,1.444127053342329,0.15734212668262076,1,2
5,-0.2348756470873047,2,1,0,1.4397637804535965,0.4384430296967813,-0.7022697398509505,-0.46889648915295024,1,5
6,-1.6223462412823755,5,2,1,-1.0377691906880393,-1.0987777245173946,-0.40055409442949463,0.4692362612323657,1,5
7,-0.6973658451523282,2,3,0,0.5478519108426073,1.208727525602526,0.33534898157806464,-0.8297975584243161,1,4
5,0.9213498480752542,2,0,1,0.8451558673796035,0.8439076991488138,0.3737750307590991,0.5105421062120177,1,3
10,-0.4661207461198165,0,1,0,0.8451558673796035,-1.0626547281711167,0.5720211343417334,0.16644341455949324,1,2
10,-0.92861094418484,3,0,0,0.05234531661428013,0.3283826629026038,0.8032313261607508,0.752076284482864,0,2
9,-1.3911011422498636,3,1,1,-1.7314784226076976,1.4343366074174058,-0.8261254739479786,0.8752937203543681,0,2
4,1.1525949471077659,2,1,1,-0.8395665529967087,1.245420067519481,0.49678454555484314,-1.1462423369124974,1,4
8,1.3838400461402778,0,3,1,-0.6413639153053777,1.6537842416949606,1.1581049295083223,-1.0461281702669003,1,2
1,-0.92861094418484,3,0,1,1.2415611427622655,0.19105314454267436,-0.4632127872382085,1.2515969691096722,0,4
6,-1.6223462412823755,3,1,1,1.1424598239166004,0.9823245317800359,0.8327720726783028,-1.1899985286282304,1,1
2,-0.2348756470873047,0,3,0,-1.335073147225036,-0.008477653717869134,0.6416034396154986,0.7268727180546017,0,3
2,-1.3911011422498636,5,0,0,1.5388650992992616,-0.3862071797735957,-0.424363628406532,-0.7121809150924259,1,0
0,1.1525949471077659,5,1,0,-1.1368705095337048,1.7156748603752052,1.13075666027137,0.8084342594127281,0,4
3,-1.3911011422498636,1,3,1,-0.24495863992271602,1.3879445318422532,0.6309487693220586,0.7996830210695816,0,3
10,0.22761455097771885,1,1,0,-0.9386678718423742,-0.18914441231931964,-0.08414500477665213,0.9540548654426876,0,1
5,-0.6973658451523282,4,0,0,1.2415611427622655,1.3267270124728086,-0.6748830061003034,0.3673718469181393,1,1
10,-1.3911011422498636,2,3,0,0.8451558673796035,0.9714168711537351,-1.4445963896455296,1.1147276014228593,0,1
10,0.6901047490427424,2,2,0,-0.5422625964597122,-0.31176929958176763,0.34977317421358806,-1.1822974388862615,1,2
4,0.22761455097771885,4,3,0,0.6469532296882728,0.7983095355812716,1.0354800598495257,-0.23926399502878334,1,1
3,0.22761455097771885,4,2,0,-1.1368705095337048,-0.2836544591383436,0.5398648008929399,0.3729726394577531,1,5
5,-1.6223462412823755,1,0,1,-0.44316127761404706,0.04592257776013736,0.24911154187448173,-1.5249959324038824,1,3
5,0.6901047490427424,3,3,1,-0.44316127761404706,-0.1905423878109816,0.7314180790926913,0.04497622635661837,1,0
6,-1.159856043217352,2,3,0,-0.9386678718423742,1.42247970417331,0.29076861020587347,-0.42268995070113613,1,0
5,-0.92861094418484,4,0,1,1.3406624616079306,-0.8383228091510887,1.6786836578527875,1.398967822808261,0,3
7,1.3838400461402778,2,2,0,0.6469532296882728,-1.1733018994926585,0.6936074621307725,1.1962891427809856,0,0
6,-0.2348756470873047,5,1,0,-0.7404652341510432,0.9599914418268188,1.691415411885743,1.6314007132022348,0,1
2,0.45885965001023066,4,3,1,-0.9386678718423742,-0.06403423529391701,-0.722655932109157,1.1220786416311024,0,0
5,-0.92861094418484,4,1,1,-1.632377103762032,-0.3101469576531723,0.046403554703258805,1.5232354072809426,0,3
10,-1.3911011422498636,3,2,0,-0.5422625964597122,-1.50600280755152,-1.1040315853923972,-1.4609368677320493,1,0
4,-0.2348756470873047,4,2,1,0.05234531661428013,1.4532869418599348,1.657605104348076,0.18324579217833473,1,2
6,-0.4661207461198165,5,3,0,-0.7404652341510432,1.0432659078424855,1.2907305727277487,1.7028108180823112,0,0
9,-1.159856043217352,5,2,1,0.7460545485339384,-1.1861943401379855,1.0150554030776244,0.8332877763072645,0,2
1,-0.4661207461198165,1,2,1,-0.3440599587683815,-0.13434722483750788,-0.034948891761093476,-0.5970146184966165,1,1
0,0.6901047490427424,4,0,1,-0.6413639153053777,1.6713020827324532,0.7123012157864109,-1.240055611951029,1,5
2,1.6150851451727894,4,0,0,1.5388650992992616,0.7090289526384645,1.3082703909725453,1.3660631666380296,0,4
0,-0.4661207461198165,2,2,0,-0.8395665529967087,0.378830593299245,1.3487735238930951,0.8381884697794266,0,2
6,0.9213498480752542,0,2,0,-0.3440599587683815,-0.017072614148087164,0.6791448049815543,0.43073081252252066,1,2
9,-0.6973658451523282,3,2,1,-0.44316127761404706,0.468301024765611,0.6896071527065206,0.5840525082944492,1,1
3,-0.92861094418484,4,0,0,-0.9386678718423742,0.040261639966740745,1.4680904453741452,-1.5978062354188622,1,4
0,0.45885965001023066,2,1,1,-0.9386678718423742,0.25306457591972936,-1.4158249334018722,1.5487890232429309,0,2
6,0.9213498480752542,2,0,1,-0.6413639153053777,1.4623133762073324,1.3182327000194802,1.1241789388334575,0,1
6,1.6150851451727894,4,2,1,1.2415611427622655,-0.14629042286503977,-0.30489284887070306,1.4346728752482991,0,3
10,-1.6223462412823755,0,1,1,0.9442571862252694,0.09110652636718716,-1.4113245852995888,0.515092750150454,1,2
1,0.45885965001023066,5,1,1,0.6469532296882728,-1.6950574191029422,0.6215249634668499,-0.34147845887673567,1,1
8,-0.4661207461198165,3,3,0,-0.1458573210770505,0.13575544731693426,-0.2820449277360339,-1.1182383742144282,1,4
7,-1.3911011422498636,4,0,1,0.05234531661428013,1.627964842490932,-0.9387880345598405,0.24345431197918335,1,1
8,1.1525949471077659,5,0,0,-0.8395665529967087,0.9830666669175848,0.6135243446183463,0.4772874005080606,1,2
6,-1.159856043217352,5,2,0,-1.4341744660707012,1.6471568023270817,1.0561355037035953,-0.31067409990885964,1,2
0,1.3838400461402778,2,0,1,-0.5422625964597122,-1.5643380811542045,0.41250879604969143,-0.18150582196401574,1,2
1,-0.0036305480547929366,0,3,1,-0.04675600223138495,-0.9177312688688261,1.3453117176605696,0.9218503083399081,0,4
7,0.45885965001023066,0,3,0,-1.5332757849163667,-0.8298659203743682,-0.6927305404546577,1.4105194574212145,0,1
1,1.3838400461402778,4,0,1,-1.4341744660707012,-1.1917344652345718,-0.8857839346885036,0.4030768993581774,1,0
10,1.3838400461402778,0,2,0,-0.8395665529967087,-1.0915462216654641,0.6660668703253464,0.7324735105942156,0,4
9,-0.4661207461198165,4,2,0,-0.44316127761404706,0.21737305349063119,1.4660902906620192,-1.6118082167678967,1,1
9,-1.159856043217352,2,0,0,-0.3440599587683815,-0.7312309829071071,0.3820449012034659,-0.9995715822813603,1,1
4,-0.2348756470873047,3,2,0,-1.335073147225036,1.5535442212557913,-0.902631391686795,-1.5228956352015273,1,2
5,-0.92861094418484,4,2,0,-0.9386678718423742,0.9274928263848499,0.10963921521739363,0.23260277643368157,1,3
1,1.3838400461402778,5,3,0,-0.8395665529967087,-1.0592374547470542,0.7659207478768634,0.14404024440103794,1,0
7,0.22761455097771885,1,2,0,-1.5332757849163667,0.48537013292923675,1.7224562744373895,0.7398245508024588,0,2
0,1.6150851451727894,0,1,0,-0.6413639153053777,0.3754823557019311,-0.7066931589258444,1.3338586095352503,0,4
6,-0.6973658451523282,3,1,0,-1.4341744660707012,-1.7282981696824602,-1.0867610187434638,-0.25921681845115757,1,4
0,-1.159856043217352,3,0,0,0.7460545485339384,0.6514530731300161,0.46374352829107074,-1.6405122785334176,1,2
7,-1.3911011422498636,0,3,0,-0.3440599587683815,-0.556863743496479,0.454050470839999,-1.4003782983974749,1,5
4,0.6901047490427424,1,3,0,-0.6413639153053777,0.5897177850599561,1.3035777203017882,0.3435684786247805,1,2
3,-1.3911011422498636,4,1,0,-1.335073147225036,-0.8972276283244505,-1.5309107583765018,0.971207292595255,0,1
10,-1.159856043217352,3,1,0,-0.9386678718423742,-1.2838800349874515,1.3726984514112166,0.0701797927848806,1,5
10,-1.3911011422498636,5,0,0,-0.9386678718423742,0.9531223770653192,-0.3801294376575934,-1.1098371854050075,1,3
1,1.3838400461402778,4,2,0,1.6379664181449276,0.6848146364063443,1.03844182740402,0.3747228871263824,1,4
4,-0.92861094418484,1,0,0,1.1424598239166004,1.4129700190386711,-1.1451116860183679,0.003670381376966399,1,3
4,-1.3911011422498636,4,0,1,-1.632377103762032,0.45537406620690957,1.3261948543542892,0.7016691516263396,0,0
2,0.45885965001023066,2,2,0,0.4487505919969422,-0.5229671525628481,-1.2971619086536326,-0.02748402712463551,1,1
10,0.22761455097771885,0,1,1,-0.8395665529967087,1.2604008419239574,1.034287659924989,1.3030542505673741,0,2
0,-1.3911011422498636,4,2,1,-1.335073147225036,1.1844096556302828,0.03747978752608163,0.8577912436680749,0,4
0,0.22761455097771885,2,2,1,0.7460545485339384,-0.649043831162733,1.5912153537109732,0.22525173622543843,1,4
5,1.1525949471077659,5,0,1,-1.2359718283793704,0.7536606146315245,0.44562674234085325,0.4499835368774432,1,3
1,-0.4661207461198165,0,3,0,-0.1458573210770505,0.20983088941833142,-0.6597279877045801,-1.0090229196919587,1,2
3,-1.6223462412823755,3,2,1,0.4487505919969422,0.628653991346245,1.4970157596725815,0.19549752585873997,1,4
4,-0.92861094418484,2,2,1,0.15144663545994566,-0.03771432634596019,-1.0295642868794015,-0.9733178672519205,1,2
4,1.6150851451727894,0,3,0,1.6379664181449276,0.4013190138626468,-0.296238333289389,-0.11954705449453779,1,2
8,1.3838400461402778,0,2,1,1.0433585050709344,1.244211940551378,-0.11172406109577297,0.10483469662374115,1,3
10,-1.6223462412823755,2,1,0,0.9442571862252694,1.2861512053012372,-0.6828066959214175,0.6918677646820154,0,2
0,1.3838400461402778,4,2,0,-0.5422625964597122,1.707718481342413,1.0137860741256985,-0.5032013434580849,1,2
0,-0.4661207461198165,5,2,1,-1.7314784226076976,-0.8651777457563483,0.7741521538075354,-1.4007283479312007,1,2
3,1.3838400461402778,0,1,1,0.8451558673796035,0.23352743694983616,-0.16249721917281554,1.5837939766155174,0,1
10,1.1525949471077659,1,0,1,1.7370677369905927,-0.5512200646597696,0.38104482384740296,-0.5567589221181422,1,0
6,-0.92861094418484,2,0,1,-0.3440599587683815,1.2786263001856246,1.011555132331404,0.42337977231427754,1,2
10,-1.159856043217352,5,1,1,1.6379664181449276,-0.12426799413219196,-0.6167246613938727,1.3174062814501346,0,4
9,-1.159856043217352,3,3,1,-1.2359718283793704,-0.9616035367676498,1.6052164366958548,0.3404180328212477,1,3
6,0.22761455097771885,4,0,1,-0.7404652341510432,-0.24478728867880342,-1.4702906847936086,-0.4195395048976034,1,1
8,-0.4661207461198165,5,2,1,-1.1368705095337048,-0.4077290987625151,0.030940820197977663,-1.1714459033407596,1,3
9,0.22761455097771885,4,3,1,-0.04675600223138495,-0.06273981354237815,-0.504062100782011,1.684958291862292,0,0
0,1.1525949471077659,0,2,1,1.0433585050709344,1.4521478507185805,-0.8440499373297224,-1.5372476660842878,1,3
8,-0.6973658451523282,3,0,0,-0.5422625964597122,0.5675055078035492,-0.6908842437973107,1.3254574207258294,0,3
2,-1.3911011422498636,1,1,0,1.4397637804535965,1.6076337915134284,-1.1992697213005468,0.3348172402816339,1,1
8,-0.0036305480547929366,2,3,0,0.15144663545994566,-1.1785313633688754,0.5996386551745491,1.1080766602820677,0,3
4,-0.6973658451523282,0,0,1,-0.1458573210770505,-1.066141037421928,-0.36451284509753334,-1.4679378584065665,1,3
8,-1.3911011422498636,5,2,1,1.0433585050709344,-0.935473476343252,1.342542272674549,-1.0114732664280397,1,5
3,-0.92861094418484,5,3,0,-1.335073147225036,0.23387261608357984,1.186568669642422,0.6369099878870547,1,1
4,0.22761455097771885,2,3,0,0.9442571862252694,1.3228092293048177,1.698069772754931,-1.2509071474965308,1,3
8,1.6150851451727894,0,0,1,-0.8395665529967087,-1.045948058097922,0.44024171042359117,-0.8564013229874818,1,0
2,-0.92861094418484,2,1,1,-0.7404652341510432,-0.5614201080618958,1.2331107312130445,0.1853460893806899,1,0
3,1.1525949471077659,0,3,1,0.3496492731512767,1.4977114963727485,0.5948690554764026,-1.0139236131641207,1,2
0,0.9213498480752542,0,3,1,1.4397637804535965,0.46239846157859377,0.7803064759986922,0.21755064648346942,1,2
10,0.9213498480752542,4,0,0,0.25054795430561116,-0.11123748183336744,-1.4657518721776306,-0.2602669670523352,1,5
7,0.9213498480752542,1,1,1,0.5478519108426073,1.6383892523299917,0.010323840857602806,1.0706213601734005,0,5
1,1.1525949471077659,0,1,0,0.9442571862252694,-0.9903742175651868,1.3430807758662753,-0.6876774477316153,1,2
3,1.6150851451727894,2,3,0,-0.8395665529967087,1.5261715159499163,-1.0785296128127917,0.6120564709925184,1,3
6,1.3838400461402778,4,1,0,1.1424598239166004,0.33154105197635864,1.6664519424978637,-1.5067933566501375,1,5
2,-0.92861094418484,0,2,0,-0.24495863992271602,-0.08075816432379908,0.5524426968711162,-0.31487469431357,1,5
4,-1.3911011422498636,3,3,0,-1.1368705095337048,-0.4756776112399617,1.6819531415168396,1.6860084404634696,0,2
4,1.1525949471077659,5,3,1,-0.5422625964597122,1.5583249522581415,-1.3592436337569254,-0.10834546941531013,1,5
5,0.9213498480752542,4,2,1,-0.8395665529967087,0.1679434015385339,0.29676907434225125,0.9750578374662394,0,5
1,1.6150851451727894,5,0,1,-0.9386678718423742,0.41497084860220995,-0.8838991735174618,-0.6414709092798012,1,3
9,-0.4661207461198165,2,2,1,-0.7404652341510432,-1.1832257995877897,0.09429187425319667,-1.6751671823722782,1,4
6,1.1525949471077659,5,1,1,-1.1368705095337048,-0.7224979508233915,1.348235020701369,-1.2036504604435392,1,5
3,0.6901047490427424,4,3,0,0.5478519108426073,-0.8317644056099586,0.3973153131402734,-1.2946633392122637,1,0
6,1.3838400461402778,1,0,0,0.25054795430561116,-0.03947473992805304,-1.3859380062610676,-1.69617015439583,1,0
0,-1.3911011422498636,0,3,0,0.5478519108426073,-1.023718521884828,-0.4981001011593279,-1.4724885023450027,1,5
2,0.9213498480752542,5,3,1,-0.5422625964597122,-0.5804394783311735,-0.10218486169948013,0.42828046578643963,1,0
2,-0.2348756470873047,4,1,0,0.9442571862252694,0.7973948108768508,-1.0171017844423091,0.7492758882130571,0,1
3,-1.159856043217352,0,3,1,-1.2359718283793704,1.5476761759821485,-0.9454039309153339,-1.6590649038208884,1,0
0,1.6150851451727894,5,1,0,0.25054795430561116,1.6288277903252915,0.6689132443387563,1.5344369923601704,0,5
7,-1.159856043217352,2,3,0,-0.7404652341510432,-0.7620382205937319,1.13075666027137,1.3776148012509832,0,2
10,-0.6973658451523282,0,3,1,0.05234531661428013,-0.9739264318422998,1.5630208651727369,-0.7951426545854556,1,2
1,-1.159856043217352,1,1,1,-0.6413639153053777,1.566678287294739,1.5160941584651673,-0.34637915234889777,1,0
4,-1.3911011422498636,0,1,1,1.0433585050709344,-1.3671890189164926,-0.35347352966714607,0.45908482475431567,1,5
5,0.45885965001023066,1,3,1,1.3406624616079306,-1.7209803720470938,1.0958308818365559,-0.8325979546941231,1,4
10,0.22761455097771885,2,3,0,0.8451558673796035,-1.3420772369366387,-1.4427885575018773,-0.25116567917546273,1,3
8,-1.3911011422498636,3,3,0,-1.1368705095337048,-0.5619723946758857,-0.5670285097002826,1.2736500897344016,0,2
7,1.3838400461402778,5,3,1,-0.7404652341510432,0.6243910290445104,1.280037437920614,-1.1829975379537132,1,3
7,0.6901047490427424,4,1,1,1.4397637804535965,0.05698556899662282,-0.2616587354778274,1.243895879367703,0,2
4,-1.3911011422498636,2,2,1,-0.24495863992271602,-0.6652672504486867,0.21749371161741432,-0.6432211569484306,1,3
1,1.1525949471077659,5,2,1,1.5388650992992616,1.0786467690512143,0.3546581674528187,0.6733151393945446,1,4
4,1.6150851451727894,5,0,0,-0.3440599587683815,-0.35534816521690926,-1.324087068239943,-0.6390205625437202,1,3
2,-0.0036305480547929366,0,2,0,1.5388650992992616,-0.5322869891739278,0.28753759105551624,-0.5368060986957679,1,3
10,1.6150851451727894,2,2,1,1.4397637804535965,-0.9768777134358083,-0.9408266537856611,-0.4993507985871004,1,5
10,0.22761455097771885,1,1,0,0.5478519108426073,-1.6066225250378074,-1.4791375229433963,1.6996603722787782,0,1
7,-0.2348756470873047,3,0,0,-1.7314784226076976,0.8281157537800398,-0.7475424724696468,-1.0163739599002017,1,0
2,-1.159856043217352,3,0,1,-0.3440599587683815,-1.5701370906010987,-1.5050241406599492,0.7622277209609141,0,2
7,0.22761455097771885,3,3,0,1.4397637804535965,1.066461945630062,1.1528737556458393,0.7093702413683085,0,5
4,-1.159856043217352,3,2,0,1.3406624616079306,1.667815773481642,-1.4714446202044507,0.8325876772398128,0,2
2,-0.6973658451523282,5,2,1,-1.0377691906880393,-1.2299112774266248,1.4162018163999555,-1.544248656758805,1,3
1,0.22761455097771885,1,2,1,-0.3440599587683815,0.21274765309846563,-1.5116400370154426,-1.2544076428337894,1,5
9,0.9213498480752542,3,1,1,1.1424598239166004,-0.3471674197471837,0.21895536313781405,-0.8217464191486213,1,5
4,1.3838400461402778,3,0,1,0.25054795430561116,0.2295061000417221,-0.6386109696861737,-0.026083828989732057,1,1
10,1.3838400461402778,3,1,1,1.2415611427622655,1.3159574235000053,-0.1258405376217386,1.0492683386161226,0,4
10,-1.159856043217352,5,0,1,1.1424598239166004,1.4520270380217704,0.20791604770742675,0.5584988923324611,1,1
9,-0.2348756470873047,5,1,0,1.4397637804535965,-0.8199420202792369,-0.5685670902480718,-0.5662102595287405,1,1
7,0.9213498480752542,0,2,0,-1.335073147225036,0.9721417473345969,-0.5196017643146815,0.18499603984696403,1,0
5,-1.6223462412823755,3,0,1,-1.2359718283793704,0.4793294980887221,0.3529657288502506,0.5830023596932716,1,0
2,-0.92861094418484,4,3,0,-1.4341744660707012,-0.13552083389223646,0.09283022273279697,-0.6022653615025044,1,2
4,-0.92861094418484,0,0,1,1.5388650992992616,-0.9078936635571306,-0.07522123759947495,-1.5214954370666238,1,2
7,-0.2348756470873047,3,0,1,-0.04675600223138495,1.4598108274876906,-0.5462961368188236,-1.229554125939253,1,3
10,-0.0036305480547929366,2,3,1,-1.5332757849163667,1.3602439063593215,-0.1819217985886538,1.6842581927948403,0,3
0,-1.6223462412823755,5,1,0,-0.6413639153053777,0.16179921295789612,1.1120629066157315,1.6779573011877746,0,2
1,-0.6973658451523282,5,3,0,-0.5422625964597122,0.9786828919190399,-1.4794067745392594,1.0653706171675124,0,2
9,-0.2348756470873047,1,2,1,1.0433585050709344,0.950947748522734,0.9428959753863125,0.618007313065858,1,0
0,0.9213498480752542,3,2,1,0.8451558673796035,-0.7882373168448784,-1.7319263069451567,0.17029395943047773,1,3
3,-0.92861094418484,1,3,1,0.6469532296882728,-0.4009463287844515,-1.6955004124762483,0.8899958007708545,0,1
4,1.1525949471077659,4,3,1,-1.632377103762032,-0.9520248158062622,0.5439035748308864,0.36842199551931687,1,4
4,-0.92861094418484,1,1,1,1.4397637804535965,-0.6396204408115301,0.47609063718707884,1.4973317417852288,0,2
1,-0.92861094418484,2,1,0,-0.9386678718423742,-0.8962783857066553,1.316386403362133,-1.11893847328188,1,0
9,0.9213498480752542,5,3,1,0.4487505919969422,-0.5993207769469536,0.8639283287710334,0.9974610076246948,0,4
9,-0.4661207461198165,3,1,1,-1.5332757849163667,-0.2410766129910587,1.5852533540882903,-0.48919936210905035,1,4
0,-0.2348756470873047,0,3,0,-1.4341744660707012,-0.07283630320438125,-0.20596211964785954,-0.12374764889924816,1,5
3,-1.3911011422498636,1,3,0,-1.7314784226076976,-0.5899664224224994,0.9049699648833095,0.7454253433420726,0,5
9,1.6150851451727894,5,2,1,0.25054795430561116,-1.3202273977706627,-1.0580664915271958,-1.6870688665189575,1,2
7,-0.6973658451523282,2,2,0,0.4487505919969422,1.6815021261345795,-1.6931540771408697,0.1198868265739533,1,0
9,-0.92861094418484,0,1,1,-1.5332757849163667,1.3599505040956394,0.04155702597772292,0.99956130482705,0,0
2,1.6150851451727894,3,0,0,-0.7404652341510432,1.1251078804531158,-0.010600854592329885,1.656254230096771,0,4
8,1.3838400461402778,1,3,1,1.2415611427622655,-1.7228443393693098,-0.33397202122391834,1.2113412727311978,0,0
7,1.1525949471077659,4,3,0,-1.335073147225036,0.3223247691054019,0.8551199551349404,-0.3453290037477202,1,2
9,-1.159856043217352,2,2,1,-0.9386678718423742,1.0139774583443328,-0.31093177752077555,-1.5382978146854653,1,4
0,-0.2348756470873047,5,3,1,-0.24495863992271602,0.42950289013281956,-1.3836685999530784,0.06072845537428226,1,4
7,0.6901047490427424,3,3,1,1.1424598239166004,0.8045055010319709,-0.7101165006446752,-1.2869622494702948,1,5
3,0.9213498480752542,5,0,1,-0.8395665529967087,-0.6149228737921687,-0.4878300760028352,-1.5431985081576274,1,0
2,-0.4661207461198165,1,3,0,1.7370677369905927,0.5220626748461916,0.4768214629472787,-0.5445071884377369,1,4
7,1.3838400461402778,1,2,1,-0.5422625964597122,-1.4050379109314888,0.37842923691616137,-0.41988955443132925,1,3
5,-0.2348756470873047,1,2,0,-0.3440599587683815,1.0815635327313484,-1.4192098106070083,0.6656140496525755,1,5
2,-0.6973658451523282,2,0,1,-1.335073147225036,0.8680874974675598,-1.4812915357103011,-0.8434494902396249,1,1
2,1.1525949471077659,2,2,0,0.6469532296882728,-1.1751831257715617,-0.8903996763318711,-0.7468358189312864,1,4
9,-0.4661207461198165,2,1,1,-0.8395665529967087,-0.32605971571875664,1.6444502406644785,0.5994546877783872,1,0
8,-0.6973658451523282,4,0,0,0.4487505919969422,1.0949047062505424,-0.20811613241476437,-0.10274467687569631,1,1
0,1.3838400461402778,5,1,0,-0.9386678718423742,-1.3979789976464303,-0.735580008710586,-0.2893210783515819,1,0
10,-0.2348756470873047,5,2,0,-0.3440599587683815,0.0759704213525261,1.5901768118412156,0.7930320799287901,0,0
6,-1.3911011422498636,5,2,1,1.2415611427622655,0.4745487670863719,1.4933616308715822,0.0652790993127185,1,2
5,1.3838400461402778,0,1,1,0.8451558673796035,-0.6051370453505349,1.3077703522945139,1.3748144049811764,0,1
5,0.6901047490427424,0,0,1,-1.2359718283793704,1.2286271026628501,-0.038295304452534915,-0.5021511948569073,1,1
9,-0.6973658451523282,1,3,0,0.3496492731512767,-0.7265020287748184,0.08679129408272447,0.7625777704946399,0,3
3,-0.4661207461198165,2,0,1,0.4487505919969422,-0.10353998715088301,-0.39232268849882257,-1.3727243852331314,1,2
1,-0.4661207461198165,2,0,0,-1.4341744660707012,1.5370619176195297,0.22545586595222328,1.2740001392681275,0,2
3,1.6150851451727894,4,2,0,-0.1458573210770505,-1.0133458889158298,0.3886607975589593,1.117878047226392,0,3
8,-0.6973658451523282,0,1,0,-0.8395665529967087,0.910147574914229,1.2763833091196148,0.20319861560070898,1,5
9,0.45885965001023066,1,1,1,-0.1458573210770505,-0.2912311411240177,-1.516832746364231,0.6687644954561083,1,5
7,-0.2348756470873047,1,1,1,0.9442571862252694,0.785745015113001,-0.5895302502116992,-0.9288615764687358,1,3
4,0.45885965001023066,3,3,1,-1.1368705095337048,-0.23420754822955914,-0.23284881472047525,-0.5357559500945903,1,3
5,-0.0036305480547929366,3,1,0,-1.335073147225036,1.5250496837652492,-0.5761445994459334,-0.004030708365002612,1,1
1,-0.2348756470873047,1,1,1,-0.8395665529967087,-0.010755836000577527,-0.45802007788942006,-0.27216865119901457,1,3
4,-0.6973658451523282,3,0,1,1.5388650992992616,0.9760250125892135,-1.550758447442982,1.6471529422198987,0,4
0,-1.6223462412823755,5,0,1,0.8451558673796035,0.5743227956949872,-0.40701613273020915,-1.2264036801357203,1,5
4,1.1525949471077659,1,3,0,-1.632377103762032,1.1796979604546813,1.548519743509824,0.9638562523870118,0,4
4,-0.6973658451523282,1,2,1,-0.3440599587683815,-0.9625872972988193,-0.8495888273017634,-0.624318482127234,1,4
1,0.45885965001023066,1,0,1,-0.8395665529967087,-0.67836679857426,1.5189789969922718,-0.14930126486123624,1,5
7,-1.3911011422498636,3,3,0,0.4487505919969422,1.0423166652246902,0.7441498331256466,0.9568552617124946,0,1
8,1.1525949471077659,3,2,0,-0.1458573210770505,1.6015586387595393,1.3741216384179216,1.391266733066292,0,3
2,-0.6973658451523282,3,1,1,1.6379664181449276,0.7796353444457376,-0.4680593159637444,1.0874237377922418,0,1
4,-0.6973658451523282,1,0,1,-0.9386678718423742,0.07343335471950993,0.4295870401301512,1.3727141077788212,0,5
9,-1.3911011422498636,0,2,0,0.3496492731512767,1.6580126860833209,0.6933382105349094,0.34601882536086154,1,4
9,-0.6973658451523282,1,0,1,0.7460545485339384,0.7624799414986759,-0.5962615401082768,1.1997896381182442,0,5
2,1.1525949471077659,2,2,1,1.1424598239166004,0.41647237783399504,0.14933459335035418,-0.4104382170207309,1,5
1,-0.92861094418484,5,2,1,-0.3440599587683815,-0.020438110702088202,0.949358013687027,-1.133990603232092,1,3
9,-1.6223462412823755,5,0,1,0.6469532296882728,-1.161203370854942,-0.520678770698134,0.20354866513443484,1,0
7,-1.159856043217352,3,0,0,-0.6413639153053777,1.6385791008535509,0.30207717723212385,-0.26341741285586795,1,0
7,-1.6223462412823755,5,3,0,-0.24495863992271602,-0.39568234699486016,-1.5569512341478335,0.14474034346848966,1,2
8,0.9213498480752542,2,2,1,1.3406624616079306,-0.45619224914013007,-0.08318339193428391,-0.5035513929918107,1,2
10,0.6901047490427424,0,3,1,1.5388650992992616,-0.26076908257113657,-1.0799912643331915,1.3121555384442467,0,2
7,1.6150851451727894,4,3,0,0.7460545485339384,0.8774763699053882,0.441549503889212,-0.3467292018826236,1,4
3,-0.6973658451523282,2,0,1,-0.44316127761404706,-1.0288444320209218,-0.8097395911140239,0.45523427988333115,1,3
3,-0.92861094418484,0,1,1,1.1424598239166004,1.2832689595344773,0.7106472416975376,1.447974757529882,0,1
8,-0.2348756470873047,4,2,0,-1.632377103762032,-1.4766280632699313,0.7635359480277902,-1.108436987270104,1,3
1,-0.6973658451523282,2,0,1,-1.335073147225036,1.6777741914901474,-1.3880920190279724,-0.613816996115458,1,2
5,0.45885965001023066,5,1,0,0.5478519108426073,0.8672418085898876,-0.9555970270444372,1.1707355268189976,0,2
4,1.3838400461402778,1,1,1,-0.7404652341510432,0.6771344006805471,-0.16445890937124671,-0.2515157287091886,1,5
9,-0.92861094418484,1,3,1,1.5388650992992616,-0.3586446259441616,0.33881078781059026,1.50993352499936,0,1
8,-1.3911011422498636,1,3,0,-0.24495863992271602,-1.291111537839382,-0.2796601278869607,-1.1045864423991196,1,5
1,-0.92861094418484,2,1,1,-0.24495863992271602,-1.3520874318152059,-1.2460810344670321,-1.6517138636126452,1,5
0,0.9213498480752542,1,0,0,0.6469532296882728,1.469096146185396,1.3977003853127907,0.033424591743664855,1,1
7,-1.3911011422498636,2,1,0,0.9442571862252694,-0.9171272053847745,-1.3981312571022966,-0.714281212294781,1,5
2,-0.0036305480547929366,4,2,0,-0.04675600223138495,-0.5659937315839998,1.3500043883313264,0.3292164477420201,1,5
2,-1.159856043217352,5,0,0,-1.0377691906880393,1.2600038859201521,-1.0820683480727067,0.9271010513457961,0,5
4,0.22761455097771885,3,2,1,0.9442571862252694,0.3104506069046188,0.6791063404678596,0.5837024587607234,1,3
5,1.1525949471077659,4,3,1,-0.6413639153053777,0.20263390447977536,0.09983076422523768,-1.1805471912176322,1,1
8,-0.92861094418484,3,0,0,-1.1368705095337048,0.6271352031577727,-0.8067778235595298,-0.582662587613856,1,3
0,1.1525949471077659,3,2,1,0.4487505919969422,-1.4349822007837545,-0.07341340545582269,-1.5410982109552722,1,2
9,-0.4661207461198165,3,2,0,-1.4341744660707012,-1.125822509646213,-0.8589741686432774,-1.6828682721142472,1,0
3,0.45885965001023066,3,2,0,1.6379664181449276,-1.488726591907648,-0.26908238662091016,0.1422899967324086,1,5
8,-0.6973658451523282,1,3,1,0.4487505919969422,0.2926048456900697,0.35696603827450246,1.200489737185696,0,1
0,0.45885965001023066,0,2,0,1.7370677369905927,0.10235936612723166,-1.6696907237870848,-0.3733329664457893,1,5
7,1.1525949471077659,1,2,0,-0.5422625964597122,0.7390767962308533,-0.8232406354208739,-1.2379553147486737,1,0
5,-1.6223462412823755,0,3,1,1.6379664181449276,-0.13065380810645033,-0.2361952274119167,1.182287161431951,0,5
8,0.22761455097771885,1,3,0,-1.2359718283793704,0.02148389509108368,-0.3045466682474505,-0.6554728906288358,1,4
7,-1.6223462412823755,5,2,0,-1.632377103762032,1.0883117847960377,1.2802297604890878,0.7937321789962418,0,4
9,-0.0036305480547929366,0,0,1,-1.632377103762032,-1.49367991247687,1.4387804859387614,-1.4794894930195202,1,1
10,0.22761455097771885,1,1,1,-0.1458573210770505,-0.20590285926257607,0.4523580322374309,1.373064157312547,0,5
7,0.22761455097771885,1,3,0,-1.4341744660707012,-0.258197498024746,-0.5764523155554913,0.3708723422553979,1,3
0,-1.6223462412823755,1,0,0,0.05234531661428013,-0.05543927486369898,1.6535278658964347,-1.5687521241196154,1,3
2,-1.3911011422498636,0,2,1,-0.6413639153053777,-0.8369075747027396,0.758881741870728,0.05337741516603911,1,3
6,0.9213498480752542,4,1,0,-0.5422625964597122,-0.6955049425646345,-1.5087936630020327,1.5589404597209808,0,4
2,1.1525949471077659,4,1,1,0.4487505919969422,-1.0984670632970253,-1.4655980141228517,0.21755064648346942,1,5
9,-1.6223462412823755,3,1,0,-1.1368705095337048,-1.130655017518625,-1.2587743239862927,-0.34182850841046153,1,0
1,0.45885965001023066,0,0,1,0.9442571862252694,-1.6280581492432908,-1.4048625469988743,-1.5330470716795772,1,3
5,-1.3911011422498636,2,2,0,0.25054795430561116,0.14630066985280415,0.019632253171727274,-1.2446062558894653,1,3
8,0.45885965001023066,1,0,0,1.4397637804535965,0.25693058221765874,-0.938711105532451,1.499081989453858,0,4
10,0.9213498480752542,2,0,1,-0.44316127761404706,1.6974494021135382,0.9681671608837495,-0.8301476079580421,1,1
5,-0.0036305480547929366,0,3,1,1.6379664181449276,0.7859521225932472,-1.4064395920603583,0.7433250461397174,0,5
4,-0.6973658451523282,4,2,1,0.25054795430561116,-1.3488600069147023,-0.4835220504690255,-0.34007826074183223,1,5
2,0.9213498480752542,0,1,1,1.6379664181449276,-0.6289716645355371,1.517401951930788,1.270499643930869,0,1
2,0.6901047490427424,0,0,1,-1.632377103762032,-1.0765481883043007,-0.7820836057675137,1.1112271060856007,0,4
9,-0.2348756470873047,5,0,0,0.7460545485339384,1.4800728426384455,-0.36847469000809047,-0.724782698306557,1,4
1,-1.3911011422498636,5,0,1,1.1424598239166004,-0.30077534417203095,0.28442196544624315,0.45523427988333115,1,5
3,-0.0036305480547929366,2,1,0,-1.5332757849163667,-1.6803527880054607,-1.059720465616069,-1.0664310432230004,1,1
6,0.6901047490427424,5,1,0,0.25054795430561116,-1.1646033853223174,0.5402109815161924,-0.8998074651694891,1,4
0,-0.4661207461198165,2,2,0,1.0433585050709344,0.11283555283635283,-0.8630898716086134,-0.8924564249612459,1,1
6,-0.0036305480547929366,4,3,1,0.25054795430561116,1.0965788250491992,-0.849781149870237,-1.4805396416206977,1,1
2,-1.6223462412823755,0,2,1,-1.5332757849163667,-0.8467969568844965,0.19818452574266027,0.06352885164408917,1,2
6,1.6150851451727894,2,1,0,0.6469532296882728,0.07826586259192167,-1.1065317787825546,-1.183347587487439,1,2
6,-1.6223462412823755,5,3,1,-1.5332757849163667,-1.6342023378239288,1.531903073593701,0.45173378454607255,1,3
9,0.9213498480752542,1,3,1,1.1424598239166004,-0.10226282435603135,-0.8662054972178864,0.32046520939887346,1,1
2,-0.2348756470873047,3,2,1,-1.5332757849163667,0.8139634092965482,-1.335010990129246,1.1777365174935148,0,0
10,-0.0036305480547929366,5,0,0,-1.2359718283793704,1.0438009354997881,0.6254483438637123,-0.07614091231253063,1,3
8,1.1525949471077659,1,0,1,-0.7404652341510432,-0.5027051374120931,0.10310024788928966,-0.5767117455405164,1,1
2,-1.159856043217352,3,3,0,0.4487505919969422,0.03389308494916955,-0.9090934299875095,0.37822338246364107,1,4
3,-0.6973658451523282,2,2,1,1.6379664181449276,0.6535414068891655,1.5160941584651673,0.275308819548237,1,1
8,0.9213498480752542,1,3,1,-1.335073147225036,0.45651315734826375,0.4633204186404287,0.2809096120878508,1,0
4,-1.6223462412823755,2,2,0,-1.2359718283793704,-0.8965200111002759,0.45481976111389355,0.5651498334732525,1,1
10,-0.2348756470873047,4,1,0,-0.44316127761404706,-0.09530746481109587,-0.20730837762717508,0.14193994719868275,1,4
7,-0.6973658451523282,2,0,1,1.1424598239166004,0.9400400878964331,1.5600590976182427,-0.04428640474347699,1,4
5,-0.0036305480547929366,0,3,0,-0.1458573210770505,-0.5614718849319573,0.45208878064156777,-1.4374835489724165,1,0
0,1.1525949471077659,0,1,0,-0.6413639153053777,0.48944324670741235,0.3059236286015968,-1.1686455070709527,1,4
10,-0.0036305480547929366,5,2,1,0.25054795430561116,-1.3843616808202415,0.3513886837887667,0.2595565905305731,1,3
7,0.22761455097771885,0,3,0,-0.8395665529967087,-1.2551093541899145,1.4638208843540301,-0.5966645689628907,1,1
1,-0.2348756470873047,4,2,1,-0.3440599587683815,-0.731041134383548,0.6400648590677094,0.5595490409336387,1,2
6,0.6901047490427424,3,2,0,-0.5422625964597122,1.037346085698781,1.5330570090045428,1.4591763426091096,0,0
1,-1.6223462412823755,1,2,0,1.0433585050709344,-1.1146214467562303,-1.0901458959486,1.685308341396018,0,3
3,1.1525949471077659,1,0,1,1.4397637804535965,0.26438645150652257,1.428625854323353,1.5141341194040703,0,2
2,-1.159856043217352,3,1,1,0.9442571862252694,-1.3423188623302593,1.0238253122000227,1.3251073711921035,0,1
6,-0.0036305480547929366,3,2,1,-0.24495863992271602,-1.1224052362221506,1.4461656725681495,-1.3930272581892316,1,3
10,-1.159856043217352,5,2,0,0.05234531661428013,-0.3905736958154534,-1.2160017847577538,0.13598910512534304,1,2
1,-0.0036305480547929366,1,3,0,-1.335073147225036,1.4583955930393415,0.536710710769972,0.133538758389262,1,3
10,-1.6223462412823755,3,1,1,0.8451558673796035,0.5491937547584461,-0.2938535334403158,1.0219644749855052,0,5
5,-0.6973658451523282,3,0,0,0.3496492731512767,-0.26755185254920016,-1.1373803187657274,0.0936331115445135,1,0
0,-0.92861094418484,5,1,1,1.4397637804535965,0.5132778658924145,0.9703596381643491,0.9897599178827258,0,0
6,-0.6973658451523282,0,0,1,-1.0377691906880393,1.3689941973997242,-1.0877610960995268,1.200489737185696,0,2
7,-0.0036305480547929366,0,0,1,0.9442571862252694,1.1275931702160704,-1.1628822913453327,-0.29107132602021124,1,5
2,0.45885965001023066,1,3,1,0.6469532296882728,-1.3557808485462635,0.48216803035084604,1.5183347138087806,0,1
4,1.6150851451727894,3,3,1,-0.8395665529967087,0.5655379867412101,0.8065777388521922,1.4549757482043992,0,4
1,1.3838400461402778,5,1,1,0.5478519108426073,0.7897145751510536,0.35935083812357566,-0.137049531180831,1,3
4,-0.92861094418484,1,3,0,1.4397637804535965,-1.0291896111546655,0.9740906959927379,0.6351597402184254,1,3
10,0.6901047490427424,4,3,1,1.4397637804535965,0.9914027429974951,-1.2754679229298052,-0.9558153905656273,1,3
5,-0.92861094418484,0,3,1,0.7460545485339384,1.138483571885684,0.35969701874682825,1.7073614620207473,0,1
9,1.6150851451727894,0,3,1,-1.5332757849163667,0.5902355537605716,-1.4190174880385347,-0.6092663521770217,1,1
1,-1.159856043217352,2,0,0,1.3406624616079306,-1.4945428603112292,1.1592204004054696,-0.7510364133359967,1,2
10,-0.2348756470873047,4,3,1,0.5478519108426073,1.4111750875432039,0.4412802522933489,-0.2907212764864854,1,2
8,-1.159856043217352,5,2,1,-0.6413639153053777,1.4440016231622292,-0.7078470943366862,0.0789310311280272,1,1
7,0.9213498480752542,4,3,1,-1.0377691906880393,-0.95994667692568,-1.6489583509056258,-0.2308628062193626,1,3
9,-1.159856043217352,5,3,1,-1.335073147225036,0.9648584676126049,0.31984778255908874,0.34006798328752186,1,4
9,0.6901047490427424,1,3,0,-1.5332757849163667,-0.5278686962620085,-1.5852611162271544,1.427321835040056,0,1
7,0.45885965001023066,4,0,1,0.8451558673796035,0.16825406275890323,1.60517797218216,-1.3443703730013365,1,1
9,-0.6973658451523282,5,1,1,-0.9386678718423742,1.5339898233292109,0.948934904036385,0.33761763655144084,1,3
9,-0.6973658451523282,2,3,0,-1.632377103762032,-1.2913704221896898,-1.528333635958955,0.48778888651983654,1,0
3,1.3838400461402778,4,3,0,-0.3440599587683815,0.6900613592392485,1.2311490410146133,1.0328160105310071,0,1
0,-0.4661207461198165,1,1,1,-0.04675600223138495,0.2663194546554873,-0.15484278094756443,0.3932755124138532,1,1
4,-0.0036305480547929366,0,0,0,-1.1368705095337048,-1.2355031793932725,0.28757605556921095,-0.035885215934056254,1,0
2,0.45885965001023066,2,2,1,-1.5332757849163667,0.42223686936751476,1.349235098057432,-1.204350559510991,1,2
7,-0.4661207461198165,2,1,1,-1.0377691906880393,-1.5844792836081492,-0.09037625599519826,0.22210129042190563,1,3
5,1.6150851451727894,0,3,0,0.6469532296882728,0.2635925394989121,-1.4068627017110003,-0.06353912909839952,1,2
9,0.9213498480752542,3,2,1,-1.4341744660707012,-1.2972557264200197,0.49482285535641196,-1.3524215122770313,1,4
10,-1.6223462412823755,0,3,1,0.15144663545994566,-0.06738247289123087,-1.638842183803912,-0.9404132110816893,1,2
2,1.6150851451727894,0,3,0,-1.2359718283793704,-1.1816724934859433,-0.7456577112986051,-0.657573187831191,1,0
10,-0.0036305480547929366,1,0,0,-1.0377691906880393,1.3419321533142183,-0.7945076436909112,-0.5721611016020801,1,5
0,-0.0036305480547929366,5,0,1,-0.3440599587683815,1.1073311550653155,-1.682307084278956,-0.500400947188278,1,5
0,0.22761455097771885,4,1,0,-1.335073147225036,-0.9956727172681525,1.5672134971654623,-0.9621162821726928,1,3
6,0.22761455097771885,2,2,0,-1.1368705095337048,-0.9542857391322834,1.723917925957789,1.6604548245014814,0,5
8,-1.3911011422498636,5,3,0,-0.5422625964597122,-0.12585581814741298,-0.011139357784056093,1.6191489795218295,0,2
8,1.6150851451727894,3,3,0,-0.5422625964597122,1.4028044935499193,1.502477720617233,1.5256857540170239,0,5
8,-1.3911011422498636,2,2,0,0.8451558673796035,0.8539524119407553,-0.08176020492757892,0.44123229853429663,1,2
4,-1.159856043217352,4,3,1,-1.4341744660707012,1.0152373621824973,-0.6306488153513647,-0.7517365124034485,1,1
6,-1.6223462412823755,2,1,0,1.2415611427622655,0.6011604733435596,1.2540738911766718,-0.30647350550414926,1,2
9,-0.92861094418484,4,1,1,1.1424598239166004,1.5797605764636249,1.072213670427992,-1.2673594755816464,1,3
10,1.3838400461402778,1,1,0,0.9442571862252694,-1.5468547580300864,0.5382877558314559,0.8924461475069355,0,5
1,-0.92861094418484,1,1,0,-0.6413639153053777,-0.9602400791893622,0.9194326220325277,0.4030768993581774,1,3
3,1.3838400461402778,5,0,1,1.1424598239166004,-1.2097355570593056,0.4315487303285824,1.631050663668509,0,2
6,0.22761455097771885,5,2,0,-1.1368705095337048,0.09600807006634765,-0.5259484090743118,-0.6442713055496082,1,5
6,0.22761455097771885,1,3,0,-1.335073147225036,-1.5222089678807864,1.4347032474871202,1.0727216573757556,0,1
2,0.22761455097771885,2,0,0,-1.5332757849163667,-0.00968578068597207,1.6457580341300992,1.290802516886969,0,5
5,0.45885965001023066,2,1,0,1.5388650992992616,-0.6577941222031357,-0.6229174480987242,0.339717933753796,1,2
2,-0.2348756470873047,0,3,0,-0.6413639153053777,0.5846609107506109,-1.3833608838435207,1.3618625722333193,0,2
10,1.3838400461402778,1,1,0,1.4397637804535965,1.5421705687989364,0.6791448049815543,0.8126348538174385,0,4
3,1.6150851451727894,0,2,1,-0.7404652341510432,-0.9206825504623346,-1.4931386059282779,-0.19725805098167964,1,4
4,-1.3911011422498636,5,1,0,1.4397637804535965,-0.4438520951087929,-1.5603361113529697,-1.4864904836940374,1,0
4,0.45885965001023066,4,2,1,1.4397637804535965,0.3380994555174889,0.8056545905235187,-0.4027371272787619,1,4
7,-0.6973658451523282,5,0,0,1.4397637804535965,-0.9671609208209233,0.037556716553471085,1.2834514766787257,0,5
3,-0.92861094418484,3,2,0,-0.04675600223138495,-1.2556961587172788,0.08990691969199754,1.2032901334555028,0,0
7,0.9213498480752542,1,3,0,1.2415611427622655,0.22629593409790572,1.6404499312402268,1.2768005355379344,0,4
6,0.6901047490427424,1,2,0,1.5388650992992616,1.3900156066447154,-1.038295731488105,-0.9089087530463614,1,0
0,-0.0036305480547929366,5,0,0,-0.6413639153053777,0.3524243895678522,-0.5903764695129833,-1.342970174866433,1,5
0,-1.3911011422498636,4,0,0,-0.24495863992271602,0.7378859282194375,-0.48182961186645745,1.0219644749855052,0,4
9,-0.4661207461198165,0,0,0,0.7460545485339384,-1.5198099729012677,-0.27781383122961373,-0.9442637559526738,1,0
0,1.1525949471077659,5,2,1,-0.6413639153053777,-0.2730919776457865,-0.0646050318197297,0.9253508036771667,0,2
3,-0.6973658451523282,3,3,1,0.8451558673796035,-0.027893979990952035,1.5203252549715873,1.4462245098612527,0,0
4,1.6150851451727894,1,1,0,-1.4341744660707012,1.3874957989683863,0.39750763570874703,1.3846157919255004,0,1
1,0.9213498480752542,1,3,0,0.05234531661428013,-1.5874650831150323,0.23603360721827382,0.07087989185233232,1,2
3,-1.3911011422498636,2,3,0,-1.335073147225036,-1.137109867319632,0.045057296723943284,-0.523504216414185,1,5
10,0.6901047490427424,4,0,0,-0.7404652341510432,-1.615459110861646,1.46666725836744,-1.4451846387143854,1,1
2,0.45885965001023066,0,1,0,-0.8395665529967087,0.9988413533296718,-0.042834117068512964,0.11533618263551706,1,4
5,1.6150851451727894,2,1,0,1.1424598239166004,-0.8667483108148821,1.6381805249322376,-0.41743920769524817,1,2
3,-1.6223462412823755,1,0,0,-1.0377691906880393,-0.7406025963882484,0.3075391381767754,-1.5008425145767978,1,4
1,-0.0036305480547929366,5,1,0,1.0433585050709344,1.089347322197269,1.594792553484583,0.4902392332559176,1,0
4,-1.3911011422498636,3,1,0,1.0433585050709344,1.152963836546232,0.4584354254011981,-1.337719431860545,1,4
7,-0.2348756470873047,3,0,1,-0.04675600223138495,-0.37129544119586805,0.9912458691005871,0.20529891280306417,1,1
9,0.22761455097771885,5,1,0,-0.9386678718423742,-1.0997097081785026,0.36131252832200683,-0.12899839190513612,1,0
10,0.22761455097771885,3,3,0,-0.9386678718423742,0.581209119413174,0.15829682504122608,1.697560075076423,0,3
8,-0.0036305480547929366,5,2,1,-0.1458573210770505,-1.229186401245763,-1.0207943777570032,0.39572585914993424,1,3
4,0.6901047490427424,5,3,1,-1.7314784226076976,0.7902668617650435,-1.1799989999394873,1.14343166318838,0,4
10,1.3838400461402778,2,0,1,0.15144663545994566,-1.59416155830966,0.515824479833734,-0.8970070688996821,1,3
2,0.9213498480752542,2,0,0,1.5388650992992616,0.9468228578744968,-0.2747751346477301,1.1199783444287472,0,0
1,0.45885965001023066,4,3,0,-1.2359718283793704,1.6289831209354761,0.6054467967424532,-1.2446062558894653,1,1
5,0.22761455097771885,0,3,1,0.25054795430561116,-0.13234518586179445,-1.4562896018087272,-0.5543085753820611,1,2
9,-1.3911011422498636,3,2,0,1.6379664181449276,-0.8861991550013394,-1.418517449360503,1.257197761649286,0,2
4,-0.4661207461198165,3,1,1,1.2415611427622655,1.6919610538870133,0.8877763272617656,1.4101694078874887,0,1
0,-0.92861094418484,5,3,1,1.2415611427622655,-0.2824463321702407,-1.5950311027056154,-1.4346831527026094,1,3
8,1.3838400461402778,3,3,0,1.1424598239166004,1.2405185238203205,-1.2420807250427803,-1.1444920892438681,1,3
5,-0.92861094418484,2,1,0,-0.6413639153053777,-0.8846458488994927,0.06267404399612926,0.6411105822917651,1,0
0,-0.6973658451523282,3,2,0,1.3406624616079306,-0.5584688264683871,1.3561971750361779,1.3555616806262538,0,4
10,0.9213498480752542,0,3,1,1.5388650992992616,1.097838728887364,0.1413339745018505,0.19514747632501409,1,5
1,-1.159856043217352,3,0,0,-0.04675600223138495,-0.8014404187105748,1.0900612047823464,-1.2145019959890409,1,0
8,1.3838400461402778,3,3,1,-0.5422625964597122,-0.9169891337312771,0.436010613917171,-1.2645590793118395,1,4
6,-1.6223462412823755,4,2,1,-0.3440599587683815,1.3355635982966472,-0.7621205231599492,1.347860590884285,0,1
2,-0.0036305480547929366,5,3,1,-0.5422625964597122,1.6723893970037458,1.0040930166746267,0.9446035280320892,0,0
9,-0.6973658451523282,5,0,0,-1.0377691906880393,-0.7293842745415783,-0.17669062472617061,0.8892957017034028,0,0
7,-1.159856043217352,2,2,1,0.4487505919969422,0.9188115711711958,1.5707137679116827,1.3545115320250762,0,2
0,0.45885965001023066,4,2,0,0.25054795430561116,0.9060744611360535,1.4761295287363436,1.5834439270817915,0,5
2,1.3838400461402778,4,3,1,-0.1458573210770505,-1.2567144371618226,-1.5923001222332898,0.28476015695883533,1,2
3,-0.2348756470873047,1,2,1,-1.4341744660707012,0.1197909123812883,0.10298485434820548,-1.7028210955366214,1,0
0,-0.2348756470873047,2,1,1,1.0433585050709344,-0.5916750591345308,-0.5257560865058382,-0.4055375235485688,1,2
8,-1.6223462412823755,5,1,1,-1.1368705095337048,-0.35615933618120693,0.9473578589749011,-0.15910265180556044,1,2
3,0.9213498480752542,2,0,1,-1.335073147225036,1.0771970166894909,1.435857182897962,0.19864797166227274,1,2
4,0.22761455097771885,1,1,0,0.4487505919969422,-0.943602444942916,1.0508658653274174,0.6785658824004325,0,2
10,1.6150851451727894,3,2,0,-0.3440599587683815,-0.04306460291898748,1.4833993218246473,-0.5865131324848406,1,2
1,-1.3911011422498636,3,1,0,-1.5332757849163667,-0.8601381304036904,-0.191268675416473,-0.288971028817856,1,5
3,-0.6973658451523282,1,3,0,-0.5422625964597122,-1.0412363629223205,-1.7059242956875198,-0.06703962443565817,1,2
5,1.1525949471077659,0,2,1,0.9442571862252694,-1.0452404408737472,1.7011469338505094,-0.5669103585961922,1,2
0,1.3838400461402778,4,3,0,0.4487505919969422,-0.9444653927772753,0.6828373982962483,0.6208077093356649,1,2
5,-0.6973658451523282,4,0,0,-0.44316127761404706,-0.7505782733534412,-0.08314492742058917,-0.3236259326567166,1,0
7,1.3838400461402778,3,1,0,-1.0377691906880393,0.8941830399785832,0.8942768300761748,-1.046828269334352,1,5
6,-0.0036305480547929366,2,2,0,0.4487505919969422,-0.2095099812101977,-0.06287412870346688,0.38802476940796526,1,4
6,1.3838400461402778,4,2,1,1.3406624616079306,-0.668184014128821,-1.2286950742770144,1.4770288688291286,0,0
8,-0.0036305480547929366,5,1,1,0.5478519108426073,-0.2926981524424284,-1.0967233277903985,1.3849658414592263,0,5
1,1.3838400461402778,5,3,1,1.0433585050709344,0.14246918146824913,-0.5116396099798726,1.6982601741438748,0,0
2,-0.2348756470873047,0,1,0,0.05234531661428013,-0.48696496891338054,1.4147401648795557,-0.8847553352192769,1,4
3,-0.2348756470873047,1,1,1,0.7460545485339384,1.306413220451992,1.1031391394385544,-1.023725000108445,1,4
5,0.9213498480752542,2,3,1,1.3406624616079306,-1.2721439444401659,1.1326414214424116,1.6499533384897056,0,2
10,0.6901047490427424,2,2,1,0.9442571862252694,-1.2041263961359705,0.3789292755941928,1.424521438770249,0,5
3,-0.4661207461198165,5,0,0,1.4397637804535965,1.5569442357231666,-0.32947167312163506,-0.3796338580528549,1,1
7,-0.4661207461198165,0,2,0,-0.24495863992271602,0.24341681913159305,0.4052005384476929,1.318806479585038,0,1
0,0.6901047490427424,1,1,1,1.4397637804535965,-0.22590599006302325,0.9502811620157005,0.30576312898238717,1,3
2,0.22761455097771885,5,1,1,0.4487505919969422,1.1996665733417542,-0.9504427822093434,1.3849658414592263,0,3
4,-0.4661207461198165,5,0,1,1.2415611427622655,-1.7172869553160364,-0.777352470583062,-0.17345468268832087,1,5
4,0.9213498480752542,4,2,0,-1.632377103762032,1.373170864918023,-0.7467731821957523,-0.7174316580983138,1,3
2,1.1525949471077659,4,0,0,0.5478519108426073,0.23395891086701576,-1.0170633199286143,-1.662915448691873,1,5
6,1.1525949471077659,0,2,1,1.2415611427622655,0.2537894521005911,-1.415555681806009,-0.09609373573490489,1,3
10,-1.3911011422498636,1,1,0,-1.1368705095337048,-1.693728479438029,0.7911150043469111,0.5462471586520559,1,1
2,-1.3911011422498636,0,3,1,0.5478519108426073,-0.2909204799036484,0.6331412466026581,-1.1287398602262042,1,4
9,1.1525949471077659,5,2,0,1.1424598239166004,-1.466134617604123,0.468820844098775,-0.07264041697527199,1,2
4,-0.6973658451523282,4,0,1,-0.7404652341510432,1.605062206967038,-1.6314954616882187,1.177386467959789,0,1
2,1.6150851451727894,0,1,1,-0.3440599587683815,-1.2955470897079886,0.23441809764309518,-1.3541717599456606,1,4
2,-0.92861094418484,0,0,0,0.25054795430561116,0.40304490953136524,-0.4976000624812964,1.5694419457327569,0,2
6,0.6901047490427424,1,3,1,0.05234531661428013,0.7406818792027615,-0.7080778814188546,-1.5372476660842878,1,1
7,-1.3911011422498636,3,3,0,-1.632377103762032,-0.5953166989955267,0.42820231763714095,-0.3929357403344377,1,0
6,1.6150851451727894,3,3,0,-1.4341744660707012,1.1886553589753301,-1.5988390895613938,-0.9981713841464569,1,2
4,1.6150851451727894,2,2,1,-1.335073147225036,0.5764974242375726,-0.31616295138325873,-0.9036580100404735,1,2
3,-1.159856043217352,2,1,0,-0.8395665529967087,1.6792929796786198,0.2830757074669276,-1.4059790909370886,1,5
0,-0.2348756470873047,2,3,0,-0.8395665529967087,1.5041663461737556,-0.729194899437261,-1.1178883246807023,1,5
0,-0.0036305480547929366,4,1,0,0.8451558673796035,-1.3806164872191224,-0.3090470163497338,-1.3566221066817417,1,3
4,0.9213498480752542,4,1,1,0.25054795430561116,-0.5915887643510949,-0.8910920375783762,0.5945539943062251,1,3
10,1.1525949471077659,1,0,1,0.9442571862252694,0.34881726762023063,-1.4535970858500962,0.6285087990776339,1,5
10,-0.4661207461198165,5,2,1,-1.5332757849163667,1.465161104060718,-1.311162991638514,1.4521753519345924,0,5
2,0.6901047490427424,5,2,0,-0.04675600223138495,-0.5003406603459488,-0.3123549645274805,-1.1696956556721303,1,2
7,-0.6973658451523282,4,2,0,-0.6413639153053777,1.2686161053070575,-0.7464270015724996,1.5414379830346876,0,1
4,1.1525949471077659,0,3,0,1.2415611427622655,-0.08855921274640662,1.1868379212382851,0.7321234610604898,0,4
5,-1.6223462412823755,1,1,0,0.7460545485339384,0.6082021276719309,-0.12022471862230813,-0.6887275963327929,1,0
5,-0.0036305480547929366,2,0,1,1.2415611427622655,0.7278239564708089,-0.6492271754659189,-0.25571632311389897,1,2
9,-1.159856043217352,0,3,0,-1.5332757849163667,-0.3363287949476316,0.42820231763714095,1.6142482860496674,0,2
0,1.6150851451727894,1,1,1,0.7460545485339384,-0.5101437477442697,0.5391724396464347,-1.3695739394295987,1,0
10,-0.4661207461198165,3,0,1,0.15144663545994566,-0.8817463441760457,0.4355105752391395,0.5966542915085803,1,3
5,-1.159856043217352,5,1,0,1.1424598239166004,-1.2992232474823588,1.182029857026444,1.2785507832065637,0,0
5,-0.2348756470873047,0,0,1,0.05234531661428013,-0.795106381606378,1.1648362194049,-0.6778760607872911,1,0
2,1.1525949471077659,0,0,1,0.15144663545994566,0.3366324441990782,-0.7026159204742031,-0.32397598219044244,1,4
0,1.3838400461402778,1,2,0,-1.5332757849163667,-1.507124639736187,-0.8584741299652459,0.5619993876697198,1,1
3,-0.2348756470873047,1,1,1,0.5478519108426073,-1.4612675918183369,0.4735519792832267,-0.4310911395105569,1,1
4,0.9213498480752542,3,1,1,-0.7404652341510432,-1.707829047051459,0.49720765520548516,0.6211577588693908,1,2
7,1.6150851451727894,2,2,0,-1.632377103762032,0.9561772123989509,-0.7764293222543884,1.2834514766787257,0,3
10,0.22761455097771885,3,3,1,-1.5332757849163667,1.3954694369578657,-0.959866588064552,-0.9166098427883305,1,4
3,-0.6973658451523282,5,0,0,1.6379664181449276,0.9614757121019167,0.6613741996545894,-1.5635013811137275,1,5
10,1.6150851451727894,4,1,1,-0.5422625964597122,0.6611698657449011,0.409585493008892,0.46398551822647777,1,4
1,-0.0036305480547929366,0,3,0,1.2415611427622655,-0.7516655876247339,-1.232733848214961,0.7807803462483849,0,0
8,0.45885965001023066,4,1,1,1.6379664181449276,-1.1033513480394985,1.6067165527299492,-1.6251100990494796,1,2
4,0.45885965001023066,3,0,0,1.5388650992992616,0.19013841983825355,0.23399498799245316,0.6019050345144683,1,2
2,-0.0036305480547929366,1,1,1,1.3406624616079306,1.5038729439100735,0.019093749980001067,-0.9495144989585618,1,4
3,-1.6223462412823755,0,2,0,1.3406624616079306,0.12004979673159608,1.317424945231891,0.23085252876505225,1,1
10,0.9213498480752542,3,3,1,-0.7404652341510432,-0.9672472156043592,1.1298335119426965,-1.435733301303787,1,3
2,-0.6973658451523282,4,0,0,-1.2359718283793704,1.3085878489945775,-1.560874614544696,-1.150092881783482,1,2
1,-1.159856043217352,5,2,1,0.4487505919969422,0.45663397004507406,-0.03267948545310445,0.36772189645186515,1,5
3,-1.6223462412823755,3,3,1,-0.04675600223138495,1.6157282421997181,-0.5312180474504897,1.4511252033334148,0,5
1,-0.92861094418484,3,0,0,-1.4341744660707012,0.015080822160138119,-0.5303718281492057,0.9334019429528616,0,2
3,-0.0036305480547929366,5,0,0,0.6469532296882728,0.8523818468822215,1.3779296252736999,-1.008322820624507,1,3
4,-1.159856043217352,4,3,0,0.25054795430561116,0.8096659290814392,0.11525503421682409,0.7135708357730189,0,4
7,0.45885965001023066,2,2,0,1.2415611427622655,0.859699644517588,0.5101317318069142,-1.1735462005431148,1,1
7,-1.3911011422498636,0,1,0,0.3496492731512767,-0.03284730056017407,0.5411725943585606,-1.3979279516613938,1,0
4,0.6901047490427424,5,0,0,0.25054795430561116,1.0120271962386809,-1.5891844966240167,0.4727367565696244,1,3
8,0.22761455097771885,5,0,1,-0.24495863992271602,1.1108865001428756,0.7577662709735808,0.976107986067417,0,0
0,0.45885965001023066,5,1,0,-0.1458573210770505,-0.9272236950467776,-1.6883075484153338,1.7227636415046854,0,2
7,-0.6973658451523282,5,3,0,1.5388650992992616,0.14954535370999492,1.6863380960780388,0.4296806639213431,1,2
2,1.3838400461402778,3,0,1,-1.2359718283793704,1.2089346330827724,1.0990234364732183,0.5959541924411286,1,1
4,-0.2348756470873047,0,3,0,-0.1458573210770505,0.12329448058878682,1.677222006332388,1.5522895185801895,0,4
3,0.6901047490427424,0,3,1,0.5478519108426073,1.5120709483364863,-0.8525890593699523,-1.6300107925216416,1,4
7,0.6901047490427424,4,0,0,-0.24495863992271602,-1.2598728262355776,0.8599280193467816,1.4714280762895149,0,2
1,-1.3911011422498636,4,2,1,-0.7404652341510432,1.0300110291067275,1.2823453087422978,0.718471529245181,0,3
4,0.22761455097771885,0,3,0,-0.7404652341510432,-1.496855560507312,0.8546199164569089,0.5399462670449903,1,5
3,1.1525949471077659,0,0,0,-0.9386678718423742,1.3602611653160086,1.262574548703207,-0.3344774682022184,1,2
8,0.22761455097771885,1,2,1,-0.5422625964597122,-1.1209900017738015,-0.3175861383899637,1.5627910045919653,0,4
2,-0.92861094418484,3,3,1,1.3406624616079306,1.6356623371734165,1.5578281558239484,-1.003422127152345,1,1
10,-0.92861094418484,1,0,1,0.05234531661428013,-1.590916874452469,1.4418576470343398,-1.0996857489269574,1,5
8,-0.4661207461198165,4,1,0,-0.9386678718423742,1.5476761759821485,-0.4916765273723081,-0.7415850759253985,1,0
8,0.45885965001023066,4,1,0,-0.44316127761404706,-1.3449767416600857,0.29973084189674537,-1.4812397406881495,1,0
2,0.45885965001023066,2,2,1,-1.335073147225036,0.35071575285582096,0.588983984881109,-1.1465923864462233,1,1
0,0.45885965001023066,5,2,0,1.4397637804535965,1.3893770252472895,-0.4780985540380687,-0.6764758626523877,1,1
0,-0.4661207461198165,0,2,1,-0.3440599587683815,0.402924096834555,-0.853204491589068,-0.009631500904616438,1,1
6,0.9213498480752542,3,2,1,1.6379664181449276,-0.4623882145908294,1.570521445343209,-0.5392564454318489,1,3
5,-1.6223462412823755,4,2,0,-0.5422625964597122,0.8236456839980588,-1.6947311222023536,1.4591763426091096,0,1
2,1.3838400461402778,3,3,1,1.1424598239166004,0.2680798682375801,-1.6647672660341595,1.4490249061310596,0,3
7,1.3838400461402778,5,3,1,-0.8395665529967087,-0.8385644345447093,-0.8574740526091829,0.9418031317622824,0,3
7,0.22761455097771885,1,1,1,-1.4341744660707012,-0.798092181113261,1.6785682643117035,0.9645563514544635,0,5
0,-1.3911011422498636,3,2,1,-1.632377103762032,-0.07566677210107957,-1.569106020475368,1.1861377063029355,0,3
10,-0.6973658451523282,1,1,1,0.3496492731512767,-1.2309985916979174,-0.9992927146016495,-0.6288691260656701,1,1
1,0.22761455097771885,4,3,1,-0.6413639153053777,-0.7860626883022932,1.5845609928417852,1.0597698246278986,0,3
6,-0.92861094418484,2,0,0,-0.1458573210770505,0.7212137760596171,0.6046390419548638,-1.4476349854504664,1,2
10,0.6901047490427424,2,3,1,1.1424598239166004,-1.4837387534250515,-1.0350262478240528,-1.5565003904392103,1,1
2,-1.159856043217352,3,2,0,-0.8395665529967087,1.5471929251949073,0.9568585938574992,-1.2099513520506047,1,4
1,1.6150851451727894,3,2,0,-0.6413639153053777,1.6343506564651906,1.5600975621319375,-0.7135811132273293,1,3
6,-0.2348756470873047,4,3,1,1.2415611427622655,1.2104016444011831,0.3270021821063084,-1.0226748515072674,1,3
2,-0.4661207461198165,1,3,1,-0.04675600223138495,0.2939855622250445,-1.0353724284473056,0.0827815759990117,1,1
4,-0.0036305480547929366,5,3,1,1.1424598239166004,-1.276251576131716,0.6126011962896728,-1.216602293191396,1,2
10,-1.159856043217352,3,3,1,-0.44316127761404706,-0.5858242728175751,0.765843818849474,0.6505619197023634,1,4
9,-0.6973658451523282,5,2,0,-0.3440599587683815,0.23152539797412272,-1.1083780754399015,1.6888088367332765,0,1
8,0.45885965001023066,1,3,1,-1.1368705095337048,-0.2730747186890993,-1.113878500898248,-1.1094871358712817,1,2
1,-0.92861094418484,4,1,1,1.4397637804535965,-0.19397692019173138,1.5508660788452024,-1.0188243066362828,1,3
7,1.6150851451727894,4,2,1,1.3406624616079306,-0.7306959552498044,-0.6281101574475126,1.2165920157370858,0,1
4,1.1525949471077659,4,0,0,1.6379664181449276,1.5137105492217688,0.3485423097753568,-0.4751973807600158,1,1
7,-0.92861094418484,3,0,0,-0.3440599587683815,0.9726077391651509,1.5744448257400714,1.1812370128307734,0,0
3,-0.92861094418484,2,3,1,1.1424598239166004,0.2926221046467569,-1.6571897568362979,-1.4602367686645976,1,2
4,0.45885965001023066,2,0,1,-0.24495863992271602,-0.4837720619262514,-0.3751290508772786,-1.126639563023849,1,0
5,-0.0036305480547929366,5,0,1,-0.1458573210770505,-1.6590897533668492,-0.5436036208601925,-0.570060804399725,1,2
6,-0.4661207461198165,5,3,0,1.1424598239166004,0.49978136176303606,0.024863427034210447,1.061520072296528,0,0
5,-1.159856043217352,4,2,1,-1.1368705095337048,-1.502913454304514,-1.563144020852685,-1.3727243852331314,1,1
7,0.45885965001023066,5,3,0,-0.9386678718423742,-1.5212079483929297,-0.4767138315450585,0.24905510451879717,1,2
0,-0.6973658451523282,1,2,1,-0.6413639153053777,0.15247937634681633,-1.1241869905684352,0.6789159319341583,0,2
0,-0.4661207461198165,5,0,0,1.0433585050709344,-0.9354907352999392,-1.6661519885271698,0.5588489418661869,1,5
3,-0.6973658451523282,1,1,1,-0.44316127761404706,1.5234273418366537,0.9649361417333924,-1.0909345105838109,1,1
3,-0.4661207461198165,0,1,0,-0.44316127761404706,0.7817064192481998,-0.8613205039786558,0.37332268899147897,1,0
6,-0.0036305480547929366,0,3,0,1.7370677369905927,0.9164643530617387,-0.11091630630818367,-0.25186577824291445,1,3
3,-0.2348756470873047,0,1,1,-0.44316127761404706,0.31695723357568745,0.7886917399841431,1.2333943933559273,0,3
2,-0.6973658451523282,2,0,0,-0.8395665529967087,0.34458882323187034,-0.14922696194813395,-1.0877840647802781,1,1
8,0.45885965001023066,4,3,1,0.4487505919969422,1.4934657930277009,-1.7059627602012146,1.0601198741616245,0,4
0,-0.4661207461198165,5,2,1,1.0433585050709344,-0.5020492970579801,-1.210886004436355,-1.430482558297899,1,5
9,1.3838400461402778,0,1,0,-1.5332757849163667,1.0633380744696814,0.8473885878822999,1.141331365986025,0,1
4,-0.92861094418484,0,1,1,0.4487505919969422,1.6498491995702824,-1.3616668981196933,0.5956041429074027,1,2
2,0.9213498480752542,2,0,0,-1.632377103762032,-0.33788210104947825,1.2216483061320151,0.26095678866547656,1,5
7,0.22761455097771885,0,1,0,0.05234531661428013,-0.2898159066756686,-1.093838489263294,1.0695712115722227,0,3
2,1.1525949471077659,0,0,0,-0.8395665529967087,-0.7957794809171782,-0.7030774946385399,-1.0303759412492364,1,2
9,-0.92861094418484,0,2,0,-0.6413639153053777,0.89818711793001,-0.7668131938307061,-1.1605943677952577,1,5
5,-1.6223462412823755,2,1,0,-0.1458573210770505,-0.11948726312984177,0.38104482384740296,0.03902538428327868,1,1
5,-0.2348756470873047,2,3,1,1.4397637804535965,0.09065779349332036,-0.15180408436568082,0.1667934640932191,1,3
9,-0.2348756470873047,3,2,0,0.7460545485339384,-1.6510988564206825,0.5456344779471493,1.2263934026814098,0,1
1,-0.92861094418484,5,0,1,1.5388650992992616,-1.1903882666129715,0.659450973969853,-1.516244694060736,1,4
3,1.1525949471077659,1,0,1,0.5478519108426073,-0.9749964871569051,0.5950613780448762,-1.598506334486314,1,0
4,1.3838400461402778,3,2,0,-1.7314784226076976,-1.459783321543239,-0.8043160946830671,0.9666566486568188,0,5
6,-1.159856043217352,1,2,1,-0.8395665529967087,-1.6338226407768106,0.5647128767397349,-0.7468358189312864,1,4
3,-0.0036305480547929366,2,2,1,1.4397637804535965,-1.6746228143853155,-1.3038547340365154,-0.08069155625096687,1,4
10,-0.6973658451523282,0,2,0,0.5478519108426073,-1.7086229590590696,0.5966384231063602,-1.6734169347036487,1,4
0,0.45885965001023066,2,1,1,1.6379664181449276,-1.6832005158588463,1.266690251668543,0.16994390989675187,1,1
10,-0.2348756470873047,4,0,1,-1.2359718283793704,-0.5934872495866852,0.5373646075027825,-0.9894201458033103,1,5
7,-0.92861094418484,1,1,0,-0.7404652341510432,-1.6348236602646673,-1.3727831425774701,1.264898851391255,0,0
6,-0.92861094418484,2,1,1,-0.44316127761404706,0.14926921040299995,1.1087549584379848,-1.1707458042733079,1,2
0,-0.0036305480547929366,4,2,0,-0.6413639153053777,-0.9149525768421892,-1.1000312759681452,0.5616493381359938,1,4
6,1.3838400461402778,0,0,0,-0.8395665529967087,-0.14094014629201249,0.4357413623213079,1.316356132848957,0,5
3,-0.0036305480547929366,0,3,1,-0.1458573210770505,0.6670206520618568,-0.2909302303995164,-1.5165947435944618,1,3
8,-1.3911011422498636,5,1,1,0.4487505919969422,-0.83770148671035,0.22549433046591802,0.517543096886535,1,4
0,1.3838400461402778,1,2,1,-0.6413639153053777,0.6985009890592818,-0.9925998892187666,-0.04428640474347699,1,3
9,-1.3911011422498636,2,0,0,-1.4341744660707012,-0.34230039396139755,1.5075165719112427,0.43598155552840867,1,5
3,-1.159856043217352,3,1,0,0.7460545485339384,-0.8009053910532721,1.2695750901956477,-0.5525583277134317,1,0
4,1.6150851451727894,0,3,1,-0.1458573210770505,0.013061524227737497,0.8245406667476307,-1.4371334994386906,1,4
0,0.9213498480752542,2,3,1,0.15144663545994566,-0.10424760437505759,0.9818220632453785,-1.6433126748032245,1,0
1,0.9213498480752542,3,3,1,-0.1458573210770505,-0.12236950889660164,0.1991461385850285,0.9456536766332668,0,3
3,-1.159856043217352,0,0,0,1.3406624616079306,-0.3877777448321295,-1.1682288587489003,-0.14825111626005866,1,3
4,-1.6223462412823755,0,2,0,0.25054795430561116,-1.1851588027367546,0.07440572067302167,-0.3411284093430098,1,3
3,1.6150851451727894,3,0,1,1.4397637804535965,-0.22400750482743292,-1.2251948035307942,0.9628061037858342,0,5
2,1.3838400461402778,3,2,0,0.05234531661428013,-0.3328597446535075,-0.14103402053115663,0.8567410950668973,0,0
2,-1.159856043217352,0,1,1,-0.7404652341510432,1.61945617684415,1.6651826135459376,1.2715497925320465,0,2
1,-0.4661207461198165,2,1,1,-0.5422625964597122,-1.0066148958078278,-1.0374110476731262,-0.21791097347150562,1,1
4,-0.0036305480547929366,4,0,0,0.05234531661428013,1.5996256356105747,0.9506273426389531,-0.5438070893702852,1,3
6,1.1525949471077659,1,2,0,0.15144663545994566,0.39011795097266383,1.4891689988788568,-1.0786827769034055,1,2
6,0.9213498480752542,0,3,1,0.6469532296882728,0.7145863366917381,-0.9406343312171874,-1.054529359076321,1,5
4,1.3838400461402778,4,1,0,-0.9386678718423742,-0.42856065948394717,0.7626897287265062,-1.0765824797010504,1,4
1,0.45885965001023066,1,2,1,0.5478519108426073,0.2575001277883358,0.15479655429500572,0.5931537961713217,1,1
7,-0.4661207461198165,2,2,1,0.9442571862252694,-0.9334714373675386,0.8262715698638935,-1.343320224400159,1,5
9,-0.6973658451523282,1,0,0,0.6469532296882728,-0.23305119813151776,-0.6446498983362462,0.5991046382446613,1,4
4,1.6150851451727894,4,2,1,-0.04675600223138495,-1.2856577075262317,0.24591898723781921,0.8353880735096196,0,0
10,-0.92861094418484,2,0,0,1.7370677369905927,0.7495357239832874,-0.4996771462208118,0.8066840117440988,0,1
10,-1.159856043217352,4,3,1,-0.3440599587683815,0.05332667017893964,1.6791836965308191,-0.2515157287091886,1,5
6,1.1525949471077659,1,0,1,-1.335073147225036,0.530588599449661,0.03144085887600914,-0.01138174857324576,1,1
0,-0.92861094418484,0,2,1,1.1424598239166004,-0.9331780351038564,-1.1436500344979683,-1.2523073456314342,1,1
0,1.3838400461402778,4,2,1,-1.0377691906880393,0.6727161077686278,-0.24427277528780983,-0.603665559637408,1,3
2,-0.2348756470873047,4,1,0,0.7460545485339384,1.167616690773652,0.8040390809483401,-0.6656243271068859,1,4
6,-1.6223462412823755,5,1,1,-1.1368705095337048,-1.5625258907020503,1.017247880358224,0.06457900024526676,1,2
10,-0.2348756470873047,2,1,0,-1.632377103762032,-0.5817339000827123,0.9494734072281112,1.0790225489828211,0,0
9,-1.6223462412823755,5,1,0,-1.1368705095337048,0.4934645836155264,0.4514348839087574,1.1738859726225304,0,1
0,-1.3911011422498636,3,1,1,-0.44316127761404706,-0.8381502195842169,1.5522508013382126,-1.6076076223631863,1,2
0,1.6150851451727894,3,2,0,-1.335073147225036,-0.6425889813617259,0.5062468159237465,-1.5200952389317204,1,4
1,-0.92861094418484,3,1,1,-1.0377691906880393,0.14086409849634096,-0.09191483654298743,1.2964033094265828,0,5
7,-1.6223462412823755,2,0,1,0.9442571862252694,0.6157097738308563,-1.2181942620383535,-0.28792088021667844,1,1
5,0.6901047490427424,3,0,1,0.9442571862252694,1.0711908997623505,-0.4315949569811411,-0.8073943882658609,1,3
8,0.9213498480752542,1,3,0,1.1424598239166004,-0.026530522412664435,-0.7254253770951775,-0.6337698195378323,1,5
3,0.6901047490427424,5,2,1,1.1424598239166004,-0.9803467637299325,0.9011235135138366,-0.837848697700011,1,2
2,1.6150851451727894,5,1,1,-0.24495863992271602,1.7204383324208683,-1.5332955582255752,-1.0114732664280397,1,3
8,0.6901047490427424,4,1,1,1.2415611427622655,0.2508209115503953,-0.6524581946162762,1.3699137115090143,0,5
4,0.22761455097771885,4,1,0,0.05234531661428013,0.3773118051107727,0.7828451339025443,0.7825305939170142,0,2
3,0.9213498480752542,2,1,1,-0.1458573210770505,-0.10179683252547736,0.7075700806019591,1.7217134929035078,0,4
6,-0.4661207461198165,2,1,1,0.7460545485339384,-1.1683658378801236,1.7011084693368146,0.9754078869999653,0,5
10,1.1525949471077659,1,1,0,-1.0377691906880393,-1.5226749597113405,0.0589045216540458,1.5781931840759034,0,3
5,-1.6223462412823755,5,0,0,1.0433585050709344,0.03794893977065798,1.3678903871993755,1.5445884288382206,0,4
0,-1.6223462412823755,2,0,1,-0.24495863992271602,1.2236910410503155,-1.6221870493740944,1.7178629480325232,0,0
8,-0.4661207461198165,0,0,0,-1.335073147225036,1.1398470294639715,-1.3835147418982996,-0.32992682426378217,1,0
2,-0.92861094418484,3,2,1,-1.335073147225036,-1.5387603073437968,-0.49117648869427666,1.6569543291642228,0,3
7,-0.92861094418484,0,1,0,-1.1368705095337048,1.7037489213043606,1.3657363744324706,-0.17555497989067606,1,5
2,1.6150851451727894,5,3,0,1.3406624616079306,-0.9143485133581378,-1.3258564358699005,-0.18815676310480717,1,2
0,0.6901047490427424,0,3,0,1.7370677369905927,-0.5131813241212143,1.5677904648708831,0.9036477325861632,0,2
9,1.6150851451727894,0,2,1,-0.5422625964597122,0.6387849989216224,-0.11380114483528836,0.7996830210695816,0,0
7,-0.4661207461198165,1,3,1,-0.7404652341510432,0.6335037581753439,-1.6093783663137495,-0.6309694232680253,1,4
0,1.6150851451727894,4,2,1,-0.9386678718423742,1.6519202743727446,-0.0022540551205736457,0.45838472568686395,1,1
3,1.3838400461402778,5,0,0,1.1424598239166004,-1.051936916068375,0.9421651496261126,-0.4048374244811171,1,3
2,0.9213498480752542,5,1,1,-1.0377691906880393,1.2987329847261948,0.02336331100011601,-0.39643623567169634,1,0
0,0.6901047490427424,3,1,1,1.4397637804535965,0.40371800884216547,0.1855681652507891,1.6783073507215005,0,2
2,-0.2348756470873047,5,1,0,0.5478519108426073,1.572201153434638,1.2123014293041958,-0.4258403965046689,1,4
5,0.22761455097771885,1,3,1,1.3406624616079306,-0.9446552413008343,0.9299334342711888,-1.0464782198006262,1,5
0,0.45885965001023066,0,1,1,0.15144663545994566,1.5800712376839943,-1.1669979943106688,-1.0877840647802781,1,0
6,-0.6973658451523282,3,1,0,0.6469532296882728,-1.702323439868247,1.4228561772691435,0.9074982774571477,0,0
6,0.22761455097771885,4,3,1,0.4487505919969422,1.178092877482773,1.7025701208572144,0.015222015989919917,1,2
5,-0.92861094418484,0,3,1,1.1424598239166004,-1.44549290540625,0.6098317513036523,0.46888621169863987,1,2
2,1.1525949471077659,1,2,1,1.1424598239166004,-0.452170912232016,1.3826607604581516,0.401676701223274,1,4
9,0.45885965001023066,0,1,1,0.3496492731512767,1.708270767956403,-1.393553979972624,1.4098193583537628,0,3
1,-1.3911011422498636,2,2,0,0.4487505919969422,0.5882162558281709,-1.445096428323561,-1.3755247815029383,1,4
4,-1.159856043217352,2,0,0,1.4397637804535965,-0.9954138329178448,-0.6305718863239753,-1.512744198723477,1,4
10,1.1525949471077659,1,1,1,1.5388650992992616,1.4643326741397331,1.5654825940491994,-0.6743755654500325,1,3
7,0.6901047490427424,3,1,1,0.5478519108426073,-0.7295913820218245,-0.6900764890097214,1.1994395885845184,0,5
5,-1.6223462412823755,3,0,0,-1.7314784226076976,-0.4997538558185845,0.5647898057671243,-0.02993437386071656,1,3
4,1.3838400461402778,1,3,0,-1.335073147225036,1.2503216112186415,1.5578281558239484,-1.3517214132095796,1,2
1,1.3838400461402778,4,1,0,1.2415611427622655,-0.7702534839768319,-0.27527517332576157,0.2704081260760749,1,5
3,-0.4661207461198165,0,1,1,-1.4341744660707012,-1.5746244193397667,-0.6536890590545076,-0.5889634792209216,1,5
10,1.1525949471077659,4,3,1,-1.0377691906880393,-0.3326181192598869,0.46355120572259706,-0.16365329574399667,1,5
5,-0.4661207461198165,1,1,0,-0.9386678718423742,-0.873272196442638,0.3824680108541079,1.4311723799110405,0,1
0,-1.6223462412823755,1,1,0,0.3496492731512767,-0.9120185542053678,1.2960002111039266,0.4772874005080606,1,5
5,0.6901047490427424,3,1,0,0.25054795430561116,-0.33767499356923203,-0.4314410989263622,-0.02748402712463551,1,3
4,1.1525949471077659,4,0,1,-0.7404652341510432,0.9156186641840667,0.5042081966979258,0.45348403221470185,1,1
6,-1.159856043217352,5,1,0,-1.0377691906880393,1.6103607066700036,-0.4442882465004017,0.9106487232606805,0,3
7,-0.6973658451523282,0,1,1,0.9442571862252694,-1.6862208332791035,0.7171862090256415,-1.513094248257203,1,5
1,-1.159856043217352,0,0,1,1.5388650992992616,0.8920774472627466,0.11348566658686654,-0.12269750029807057,1,3
2,0.45885965001023066,0,2,1,-1.5332757849163667,1.3890836229836072,-0.673652141662072,0.3813738282671738,1,2
10,-1.159856043217352,4,2,1,-1.2359718283793704,0.9070237037538487,1.2263025122890774,-0.5098522845988763,1,2
9,1.3838400461402778,3,1,1,0.4487505919969422,-0.24658222017427064,1.5034393334596012,1.0734217564432074,0,4
8,0.45885965001023066,0,3,0,1.0433585050709344,0.630621512408584,0.49363045543187534,1.2036401829892287,0,2
2,-1.159856043217352,4,1,0,1.0433585050709344,-1.0266007676515878,-1.156727969154176,0.36387135158088063,1,4
10,-0.6973658451523282,5,0,0,0.7460545485339384,-1.3109420790729573,-1.1833454126309289,-1.2596583858396775,1,2
7,1.1525949471077659,2,2,0,1.3406624616079306,1.5894428511651357,-0.5141782678837247,0.4856885893174814,1,3
0,-0.6973658451523282,1,3,1,-0.9386678718423742,1.0006190258684518,-0.9683287810773925,0.7548766807526709,0,2
5,-0.92861094418484,2,3,0,-1.335073147225036,-0.23929894045227867,0.5172092023267444,1.0821729947863539,0,2
4,-1.6223462412823755,4,3,1,0.4487505919969422,0.03629207992868824,-0.6602280263826115,-1.1791469930827285,1,2
3,-0.6973658451523282,0,1,1,1.1424598239166004,0.40499517163701715,1.4603206136078097,-0.2679680567943042,1,4
4,0.45885965001023066,2,1,0,0.25054795430561116,1.4142644407902099,0.369813185848542,1.3251073711921035,0,1
5,-0.6973658451523282,1,3,0,1.6379664181449276,-1.1411657221411204,0.8898149464875862,-0.5592092688542232,1,5
1,-0.92861094418484,3,1,0,1.0433585050709344,0.855505718042602,0.9027390230890152,1.4511252033334148,0,0
0,-0.4661207461198165,0,1,1,0.7460545485339384,0.4678522918917442,-0.9992927146016495,-1.1766966463466475,1,2
7,0.45885965001023066,5,2,1,-1.5332757849163667,-0.4418500561330795,0.8939306494529222,-1.1917487762968597,1,1
4,-0.92861094418484,1,2,0,-1.335073147225036,-1.6358937155792728,-1.1877688317058226,0.303662831780032,1,2
1,1.3838400461402778,0,3,1,0.9442571862252694,0.13994937379192016,-0.5263715187249539,-1.0093729692256845,1,0
9,-0.2348756470873047,2,3,0,-1.0377691906880393,-0.4297860454087373,-0.5242559704717438,1.4570760454067544,0,4
3,-0.2348756470873047,5,0,0,-1.632377103762032,-1.1068376572903098,0.018632175815664315,1.4213709929667162,0,4
2,-1.3911011422498636,3,3,1,1.4397637804535965,1.3538926102984374,1.4792836188593113,-1.250557097962805,1,4
5,-1.159856043217352,4,0,1,1.3406624616079306,-1.6322348167615897,1.3133092422665549,-1.6258101981169313,1,5
0,-1.6223462412823755,5,3,0,-0.9386678718423742,1.4763449079940136,-1.0356416800431687,0.7972326743335004,0,4
7,-0.0036305480547929366,1,1,0,0.9442571862252694,-1.6082448669664027,-1.461866956294463,0.13423885745671374,1,3
0,0.22761455097771885,2,0,0,-1.5332757849163667,0.5114138985701986,-0.25642756161534425,-1.1794970426164544,1,1
7,-0.92861094418484,2,3,0,-0.7404652341510432,-1.5867229479774834,1.5100552298150947,0.014521916922468188,1,3
9,-0.4661207461198165,0,1,1,0.4487505919969422,-0.35108520291517464,1.2212636609950678,1.0051620973666637,0,2
8,0.22761455097771885,2,0,0,0.9442571862252694,1.707338784295295,-0.4234404800778585,-0.587913330619744,1,1
10,-0.4661207461198165,2,1,1,-1.7314784226076976,-0.6353747374664827,-1.4962542315375509,-0.876704195943582,1,3
2,1.3838400461402778,0,1,0,-0.6413639153053777,-1.5332374412038976,-0.44544218191124363,0.059678306773104664,1,3
7,0.9213498480752542,1,2,1,-0.9386678718423742,-1.4235222535434637,-0.6061853846415169,0.9533547663752359,0,2
4,0.9213498480752542,1,3,0,1.7370677369905927,-1.1795841597267938,-1.70161627015371,1.3202066777199415,0,5
0,0.9213498480752542,3,1,1,0.5478519108426073,-0.9095850413124748,-0.9734830259124861,0.8000330706033074,0,1
5,0.22761455097771885,1,2,0,-0.3440599587683815,-0.3030362674980521,-0.846665524260964,0.24555460918153854,1,1
7,1.6150851451727894,1,1,1,-1.4341744660707012,-1.5424192061614799,-1.6526509442203199,0.6603633066466875,1,2
5,-0.92861094418484,4,0,1,0.3496492731512767,0.6447565979353884,0.7011465068149394,-0.7240825992391052,1,2
6,-0.0036305480547929366,0,0,0,0.4487505919969422,0.47765537929006513,0.893546004315975,1.1735359230888045,0,5
8,0.22761455097771885,4,2,0,1.1424598239166004,0.026937725404234076,1.1363724792708003,-0.05163744495172014,1,0
10,-0.92861094418484,2,1,0,-0.7404652341510432,1.1276104291727576,-1.7322340230547146,0.9502043205717031,0,1
0,-0.6973658451523282,1,3,1,1.6379664181449276,0.7537123915015861,0.8723905217838739,-1.255107741901241,1,0
4,1.3838400461402778,3,3,0,-0.24495863992271602,-1.6850990010944367,-0.42774850561166816,1.1259291865020868,0,0
4,-0.0036305480547929366,0,0,1,-0.7404652341510432,-1.4107161076815726,-0.1786523149246018,-1.562101182978824,1,0
6,0.9213498480752542,0,0,0,-0.5422625964597122,-1.377682464582301,-1.2544278339387884,0.5816021615583682,1,5
2,0.45885965001023066,3,1,0,0.05234531661428013,-0.4076082860657048,1.3376188149216237,1.1910383997750977,0,1
5,1.3838400461402778,0,0,0,1.5388650992992616,-1.1707475739029551,0.8464654395536264,-1.7301249591672387,1,3
8,-0.4661207461198165,2,0,1,0.8451558673796035,0.3860793551078626,-0.8258946868658102,-0.29107132602021124,1,0
6,0.9213498480752542,5,0,0,0.25054795430561116,-0.5920892740950232,0.38004474649133996,-0.13389908537729822,1,2
6,-0.2348756470873047,4,0,1,-1.1368705095337048,-1.024288067455505,1.2446500853214633,-0.7205821039018465,1,3
1,-1.159856043217352,0,1,0,-1.2359718283793704,0.18376986482068236,1.2588050263611235,1.3310582132654434,0,0
1,-0.2348756470873047,3,0,0,0.05234531661428013,-1.6506156056334413,1.1994158172164615,-0.8056441405972316,1,5
5,0.9213498480752542,5,0,1,0.8451558673796035,1.6517131668924985,1.2201481900979207,0.7118205881043896,0,3
10,1.3838400461402778,3,2,1,0.8451558673796035,1.5034759879062682,-0.36555138696729106,0.5059914622735815,1,5
3,-0.0036305480547929366,0,3,1,-0.9386678718423742,1.2894476660284895,-1.6823840133063455,0.39397561148130494,1,4
0,0.45885965001023066,2,2,1,-1.335073147225036,-0.9977783099839891,-1.638111358043712,1.3352588076701537,0,0
9,-0.4661207461198165,0,1,1,-0.44316127761404706,-1.240214874568874,0.8434267429717428,0.9908100664839034,0,2
4,1.6150851451727894,5,3,1,1.4397637804535965,-0.13327716952290242,-1.280045200059478,0.7044695478961465,0,1
6,0.45885965001023066,4,2,0,0.15144663545994566,-0.4696024584860726,0.10402339621796317,0.8171854977558747,0,1
4,0.22761455097771885,0,2,0,-0.6413639153053777,0.5098778514250392,0.7258791891206503,0.2312025782987781,1,5
9,1.1525949471077659,0,2,1,-0.6413639153053777,0.6671587237153542,-1.5989544831024778,1.0191640787156984,0,5
3,-0.4661207461198165,0,2,0,-1.2359718283793704,-1.599304727402441,-1.5339879194720802,0.2017984174658055,1,4
3,0.9213498480752542,3,2,0,-0.04675600223138495,1.0477187186677792,0.6506810648474547,1.6601047749677555,0,0
6,0.22761455097771885,3,1,0,1.0433585050709344,1.261954148025804,0.3867760363879176,-0.6302693242005736,1,2
2,1.1525949471077659,4,2,1,1.6379664181449276,-0.6046710535199809,1.3202713192453008,-1.4696881060751958,1,1
6,-0.92861094418484,5,0,1,0.05234531661428013,-1.0485369016009995,0.17956770111441134,0.5392461679775385,1,0
5,-0.0036305480547929366,2,2,1,-1.1368705095337048,0.9896250704587151,0.25480428990130166,1.2137916194672789,0,2
4,0.6901047490427424,1,0,0,0.6469532296882728,1.4681123856542264,0.6074854159682738,-0.2907212764864854,1,5
9,-0.92861094418484,3,3,0,0.8451558673796035,-1.3934226330810136,0.533018117455278,-0.6908278935351481,1,3
7,-1.3911011422498636,1,0,1,-1.4341744660707012,-1.3525361646890728,-0.40063102345688406,-0.40028678054268085,1,1
8,0.45885965001023066,0,1,0,1.2415611427622655,1.3922420120573622,-0.6140321454352418,-0.5280548603526213,1,4
2,0.6901047490427424,2,1,0,1.1424598239166004,0.43668261611468845,1.5182097067183773,0.4856885893174814,1,2
4,0.22761455097771885,4,1,1,-0.04675600223138495,1.5916002207510338,1.4822453864138054,1.419620745298087,0,5
1,-0.6973658451523282,5,3,0,0.25054795430561116,-0.6347879329391184,1.6974928050495102,-0.22806240994955568,1,2
10,-0.92861094418484,4,3,1,0.7460545485339384,1.54650256692742,-1.350473724634527,-1.371324187098228,1,4
0,-1.3911011422498636,3,0,0,0.6469532296882728,-1.3329472488491179,0.18379879762083154,-1.5883548980082638,1,4
6,-1.6223462412823755,2,2,1,-1.632377103762032,-1.1254428125990952,1.2188019321186052,-1.0891842629151816,1,3
5,0.6901047490427424,1,1,1,-1.335073147225036,-0.10110647425798996,0.2983076548900404,-0.5837127362150337,1,5
9,-0.2348756470873047,2,0,0,-1.1368705095337048,-0.9513344575387748,0.05948148935946673,-1.5092437033862185,1,2
8,-0.4661207461198165,3,2,1,0.8451558673796035,0.7099436773428854,0.0262481495272207,0.21720059694974353,1,2
4,1.6150851451727894,3,1,1,-0.24495863992271602,1.159850160264419,-0.07087474755197055,0.8896457512371286,0,3
7,1.6150851451727894,3,2,1,0.15144663545994566,-0.6762612058584234,-0.8946307728382913,1.0086625927039223,0,1
4,-1.3911011422498636,2,0,0,0.9442571862252694,-1.5047429037133555,1.3456963627975167,-0.9631664307738704,1,0
7,-0.0036305480547929366,0,2,0,-0.5422625964597122,1.7006250501439801,-0.8356646733442714,-1.6611652010232436,1,3
9,0.6901047490427424,5,0,0,0.8451558673796035,0.11407819771783013,0.9900919336897452,1.3118054889105208,0,3
3,-0.92861094418484,0,2,0,-0.24495863992271602,1.0694995220070063,0.47601370815968935,-0.012431897174423353,1,0
1,-0.0036305480547929366,0,3,1,-0.44316127761404706,-0.9691111829265752,-1.4375189191256994,1.120328393962473,0,4
10,1.6150851451727894,3,2,1,-0.5422625964597122,-1.7024615115217445,-0.44863473654790614,0.6883672693447567,0,4
1,-0.2348756470873047,4,2,1,1.6379664181449276,1.6993651463058157,0.4372414783554023,1.2039902325229546,0,4
7,-0.6973658451523282,5,1,1,0.9442571862252694,-1.369760603462883,-0.6766908382439556,-0.6414709092798012,1,2
0,0.45885965001023066,2,0,1,-1.632377103762032,-1.0629136125214245,-0.27458281207925644,1.0237147226541345,0,4
8,0.45885965001023066,5,2,0,1.6379664181449276,-0.5277133656518239,-1.11072441077528,-0.17100433595223982,1,0
0,0.9213498480752542,5,0,1,0.9442571862252694,0.6982248457522869,1.5317876800526167,1.3884663367964851,0,5
7,-0.0036305480547929366,1,2,0,-1.2359718283793704,0.6847283416229084,0.23141786557490632,1.6373515552755744,0,4
0,1.3838400461402778,1,3,0,-1.4341744660707012,1.587130150969053,-0.09099168821431393,-1.1560437238568215,1,4
10,0.22761455097771885,1,3,1,-0.6413639153053777,0.3017175748209033,0.4451267036628218,0.19234708005520718,1,3
3,-0.6973658451523282,3,1,0,0.4487505919969422,-1.2722129802669147,1.163566890452974,0.0701797927848806,1,4
2,0.45885965001023066,3,3,0,0.4487505919969422,0.5465531343853068,-1.5271027715207237,-1.1493927827160302,1,3
10,-0.6973658451523282,3,2,0,-0.7404652341510432,0.7181761996826725,1.6441425245549208,-1.0552294581437727,1,5
7,-1.3911011422498636,3,2,0,-0.1458573210770505,0.2614006519996396,0.7038390227735705,0.8777440670904493,0,5
0,-0.6973658451523282,4,1,1,-1.0377691906880393,0.5622242670572707,0.9525890328373843,1.120678443496199,0,1
10,-1.159856043217352,2,2,0,-1.5332757849163667,-0.13643555859665724,0.44351119408764317,0.8941963951755648,0,0
3,-0.2348756470873047,3,2,1,0.05234531661428013,-0.5280758037422547,0.5003617453284529,-0.9705174709821136,1,0
3,0.45885965001023066,0,3,0,-0.5422625964597122,-1.3037623530910885,-0.5304487571765951,-0.9782185607240826,1,4
6,-0.6973658451523282,1,2,0,0.15144663545994566,0.33347405512532335,-0.5017157654466324,1.231294096153572,0,1
9,-0.0036305480547929366,2,0,0,1.5388650992992616,0.7368503908182065,0.6454883554986662,0.12338732191121195,1,2
9,-1.6223462412823755,0,1,0,-1.2359718283793704,1.448178290680528,1.4932077728168034,1.4140199527584731,0,2
9,-1.159856043217352,2,2,0,-1.7314784226076976,-1.716976294095667,0.16068162489029927,-1.2033004109098133,1,1
8,-1.159856043217352,5,3,0,-1.4341744660707012,1.3387219873704022,-1.2565049176783036,1.0135632861760846,0,1
1,0.22761455097771885,1,2,1,-0.1458573210770505,0.1336498546010977,-1.1886919800344962,-0.09294328993137212,1,4
9,-0.6973658451523282,1,1,1,0.7460545485339384,-0.644470207640629,1.5149402230543254,-1.2544076428337894,1,4
6,0.9213498480752542,1,0,1,0.25054795430561116,1.1691699968754985,0.1379106327830196,-1.6464631206067573,1,2
10,0.22761455097771885,3,1,1,-0.04675600223138495,0.08900093365135062,0.7099933449647271,0.28160971115530253,1,2
4,1.1525949471077659,3,2,1,-0.5422625964597122,0.574581680045295,1.1782603346843605,-0.8522007285827715,1,2
1,0.22761455097771885,3,1,0,-0.6413639153053777,0.8803931335855225,-0.908170281658836,0.10903529102845151,1,1
8,-1.6223462412823755,2,1,0,-0.44316127761404706,1.0070220987993974,1.2904997856455804,-1.373774533834309,1,2
8,-1.3911011422498636,1,3,0,0.3496492731512767,-0.21991713209257013,-1.1676518910434792,0.5301448801006661,1,0
0,-0.6973658451523282,2,1,1,-1.1368705095337048,-0.3512232745686721,-1.5429886156766468,1.0034118496980344,0,1
4,-0.92861094418484,4,3,1,0.9442571862252694,1.6747020971998285,0.16356646341740397,1.170035427751546,0,5
1,1.6150851451727894,2,3,0,0.25054795430561116,0.9478583952757279,-0.2655436513609951,-0.727233045042638,1,5
6,0.45885965001023066,1,3,1,-0.8395665529967087,1.6531284013408476,1.6520277498623401,0.41427848443740506,1,5
2,0.22761455097771885,4,1,0,0.05234531661428013,-1.1694013752813548,1.6044086819082655,-0.19025706030716236,1,5
3,-0.2348756470873047,4,2,1,1.6379664181449276,-1.4275781083649521,-0.5343336730597628,0.31311416919063034,1,5
10,-0.4661207461198165,2,3,0,-1.632377103762032,1.4062908028007306,-0.5592971424476421,-1.6814680739793437,1,5
4,-0.2348756470873047,1,1,1,-1.0377691906880393,0.031459572056276495,0.9488195104953008,0.13808940232769823,1,4
1,-1.6223462412823755,5,3,1,-0.1458573210770505,-0.4078844293726998,-0.7437344856138687,-1.3289681935173985,1,1
4,-1.6223462412823755,1,3,1,0.4487505919969422,-1.0111712603732446,-0.4564045683142414,0.05267731609858738,1,4
7,-0.0036305480547929366,1,2,0,-1.0377691906880393,-0.11903853025597497,1.7112246364385284,1.2575478111830118,0,0
3,1.1525949471077659,0,1,1,1.5388650992992616,-0.3890894255403555,-1.1914614250205167,0.728622965723231,0,4
7,1.1525949471077659,5,1,0,0.4487505919969422,-1.353968658094109,-0.11376268032159363,-1.5533499446356773,1,0
8,-1.3911011422498636,1,2,0,1.3406624616079306,-1.4780432977182805,0.7871146949226592,-0.07369056557644958,1,5
4,0.9213498480752542,5,0,1,-0.5422625964597122,-1.615200226511338,1.1311028408946224,-1.6776175291083593,1,4
6,0.45885965001023066,2,0,0,1.1424598239166004,0.7900424953281101,-0.7294256865194294,-0.2074094874597297,1,5
10,0.6901047490427424,5,0,0,-0.44316127761404706,0.10068524732857473,-1.297661947331664,1.7199632452348783,0,4
0,0.22761455097771885,3,3,0,-0.8395665529967087,0.4329201635568822,0.34658061957692554,0.19269712958893304,1,0
0,-0.2348756470873047,3,1,0,1.4397637804535965,1.2100909831808138,-0.30746997128824993,-0.8473000351106094,1,3
8,-0.4661207461198165,5,0,0,-1.4341744660707012,-1.273369330364956,-0.7053853654602236,-0.9890700962695844,1,1
2,-1.6223462412823755,5,2,0,1.5388650992992616,0.17222362279695574,0.9442422333656281,-0.41743920769524817,1,2
7,-1.6223462412823755,3,2,1,-0.1458573210770505,-1.5912275356728385,-1.4921769930859097,0.9964108590235172,0,1
7,-1.3911011422498636,4,2,1,1.7370677369905927,0.5282413813402038,1.2390727308357274,1.3842657423917746,0,2
2,-0.4661207461198165,2,2,1,0.15144663545994566,1.508791746565921,0.7099548804510324,-0.286520682081775,1,3
7,1.3838400461402778,0,1,1,0.9442571862252694,1.4800901015951329,0.7856530434022595,0.05092706842995806,1,5
9,-0.4661207461198165,0,1,0,-1.7314784226076976,1.443880810465419,0.22868688510258053,0.59245369710387,1,2
9,-1.3911011422498636,0,2,0,-0.04675600223138495,-0.6352021478996108,-0.27446741853817225,0.9414530822285565,0,1
0,-1.6223462412823755,5,0,1,0.8451558673796035,0.3509228603360672,1.6794914126403768,1.2057404801915839,0,1
2,0.45885965001023066,2,2,0,0.9442571862252694,0.8161725557525078,-0.5181016482805871,-0.4807981732996296,1,0
3,-0.6973658451523282,1,3,1,-1.1368705095337048,1.2390169945885354,-0.20873156463388004,-0.9673670251785808,1,3
2,-0.6973658451523282,3,3,0,-0.24495863992271602,1.6035951956486272,-1.268390452409975,-1.722073819891544,1,0
5,-1.3911011422498636,3,2,0,-0.24495863992271602,0.6540073987197195,-1.1102628366109433,0.695368260019274,0,2
8,-0.4661207461198165,1,1,0,-1.335073147225036,1.484042402676498,-1.2076165207723029,0.7146209843741965,0,5
3,0.22761455097771885,3,3,1,-0.1458573210770505,0.32846895768603973,1.5460580146333613,-0.7919922087819229,1,5
8,-1.3911011422498636,5,2,1,1.0433585050709344,-0.6162863313704563,0.2894608167402527,-1.6296607429879157,1,4
4,0.45885965001023066,5,0,0,-0.6413639153053777,0.7815856065513895,-0.225502092604782,0.1149861331017912,1,4
6,-1.3911011422498636,4,2,0,-0.24495863992271602,-0.5994588486004511,1.3129245971296075,-1.6433126748032245,1,0
10,-1.159856043217352,2,0,1,1.6379664181449276,0.5185591066386931,0.8456576847660371,-0.3127743971112148,1,5
1,1.1525949471077659,1,2,0,-1.632377103762032,0.8917840449990645,1.2349570278703914,-1.3237174505115106,1,2
1,-0.2348756470873047,0,2,0,0.3496492731512767,-1.1032823122127497,1.5983312887444983,-0.5403065940330265,1,2
5,-0.4661207461198165,3,2,1,0.8451558673796035,-0.4576420015018536,1.2046854555926394,-0.6351700176727357,1,1
5,0.9213498480752542,0,1,1,0.9442571862252694,1.6265668669992701,0.6330643175752687,-1.3706240880307763,1,1
10,-0.0036305480547929366,2,0,1,0.7460545485339384,-0.4366205922568625,0.40677758350917675,-0.10344477594314803,1,4
10,1.6150851451727894,5,3,1,0.7460545485339384,1.1016529583152317,-1.5768373877280086,1.5267359026182015,0,2
8,-0.0036305480547929366,0,3,0,-1.5332757849163667,-1.523555166502387,-1.6761142975741046,1.4927810978467926,0,4
7,-0.4661207461198165,3,3,1,0.15144663545994566,-0.21946839921870331,0.5910995331343192,-1.211701599719234,1,2
2,0.9213498480752542,5,1,0,0.9442571862252694,-1.4827895108072564,1.668529026237379,-1.0811331236394865,1,4
6,0.6901047490427424,0,2,0,-1.4341744660707012,-0.09057851067880723,-0.807739436401898,1.6629051712375627,0,2
5,0.45885965001023066,4,0,0,-1.7314784226076976,1.6463111134494095,0.863697541688865,-1.0093729692256845,1,0
10,-1.159856043217352,5,2,1,1.1424598239166004,-1.623691633201433,0.2655358892221311,1.2375949877606376,0,1
6,-1.159856043217352,1,1,0,0.7460545485339384,0.2174766072307543,0.08556042964449315,1.2379450372943634,0,3
0,1.6150851451727894,1,2,1,-0.3440599587683815,1.706216952110628,1.6769912192502194,-0.04148600847367008,1,3
6,-1.6223462412823755,3,0,1,1.5388650992992616,0.4977275459172611,1.0549815682927535,-1.263158881176936,1,4
8,-0.2348756470873047,3,2,1,0.9442571862252694,0.16789162466847235,1.586868863663469,0.574251121350125,1,5
0,-0.6973658451523282,4,2,0,1.6379664181449276,0.12633205696573135,-1.3273180873903,0.5371458707751834,1,1
8,-0.92861094418484,4,0,1,1.5388650992992616,-1.5944031837032806,-0.9460578276481443,-0.7527866610046261,1,0
10,0.45885965001023066,2,1,1,-0.04675600223138495,0.1283168369847576,1.7126862879589282,0.9901099674164516,0,0
6,1.6150851451727894,5,2,1,0.8451558673796035,-1.291197832622818,-0.7830067540961871,1.0335161095984589,0,5
6,-0.92861094418484,2,2,0,0.5478519108426073,-0.8581533503846641,0.3731211340262887,0.6015549849807424,1,1
3,1.3838400461402778,3,3,1,1.0433585050709344,0.5438434781854189,1.5517507626601812,0.7625777704946399,0,4
3,-0.92861094418484,5,1,0,1.0433585050709344,1.4365112359599912,-1.168844290968016,1.3468104422831073,0,2
1,-0.4661207461198165,4,0,1,-1.2359718283793704,0.8882459588781916,-0.6184555645101356,1.2834514766787257,0,2
7,1.6150851451727894,4,0,0,-0.9386678718423742,-0.03933666827455556,1.5797913931436387,-1.0888342133814557,1,1
5,-0.0036305480547929366,3,1,1,-0.8395665529967087,-0.17029763161691383,1.3183096290468697,0.4870887874523848,1,2
7,-0.0036305480547929366,2,2,1,1.1424598239166004,1.3335443003642466,0.6432958782180667,-1.3692238898958728,1,1
2,-0.6973658451523282,3,0,0,1.0433585050709344,-0.17174738397863734,-0.9149015715554136,1.6265000197300727,0,3
8,1.6150851451727894,1,2,0,-0.04675600223138495,-0.6722743868636838,-1.7285414297400206,1.3118054889105208,0,4
8,-0.4661207461198165,4,3,1,0.25054795430561116,-0.5294565202772296,1.2340338795417178,-0.8077444377995867,1,1
4,-0.92861094418484,4,0,0,1.1424598239166004,-1.5178251928822415,0.3043465835401129,0.47203665750217266,1,4
1,0.9213498480752542,3,1,0,-0.6413639153053777,0.3784508962521269,0.5575584771925153,-0.8245468154184282,1,5
5,1.3838400461402778,2,1,0,-1.5332757849163667,1.2148889731398511,-1.2964310828934327,-1.281361456930681,1,1
3,0.6901047490427424,3,1,1,-0.04675600223138495,-0.03301989012704592,-0.16965161872003517,-0.9253610811314771,1,4
6,1.1525949471077659,5,3,0,1.4397637804535965,1.2430901083667112,0.6632204963119365,-0.17240453408714326,1,4
5,0.22761455097771885,1,0,1,1.0433585050709344,-0.8810559859085583,-1.4896383351820575,-1.5656016783160827,1,4
1,-0.0036305480547929366,1,0,0,-0.44316127761404706,-0.7202888043674319,0.04605737408000624,-0.43949232831997764,1,1
1,0.45885965001023066,2,2,0,-1.5332757849163667,-1.1588561527454848,-1.1716906649814258,-0.11849690589336019,1,4
1,0.9213498480752542,5,2,0,0.4487505919969422,1.6372156432752631,-0.5129474034454934,-0.9351624680758013,1,1
1,0.45885965001023066,0,2,1,1.1424598239166004,-0.44702774313923493,1.4663210777441875,-0.07579086277880477,1,4
5,-1.6223462412823755,3,1,1,0.5478519108426073,-0.46309583181500397,0.8030390035922771,-0.894556722163601,1,0
3,1.6150851451727894,0,0,0,-0.24495863992271602,-1.5428334211219723,0.2128395054603521,0.5584988923324611,1,3
1,-1.3911011422498636,5,3,1,-1.335073147225036,1.3172173273381698,-0.13353344036068443,0.2207010922870022,1,4
7,0.22761455097771885,4,0,1,1.4397637804535965,-0.6000283941711282,-0.3997848041556,1.5487890232429309,0,1
2,-0.0036305480547929366,0,2,0,-0.7404652341510432,1.2213438229408582,-1.6826532649022086,0.6292088981450856,1,1
4,1.3838400461402778,1,2,0,-0.9386678718423742,-1.7143184147658406,-0.49644612707045455,1.4626768379463682,0,3
1,-1.159856043217352,1,2,1,1.1424598239166004,-1.0388373679428018,0.8920843527955752,0.44438274433782937,1,4
1,-0.0036305480547929366,2,3,1,1.6379664181449276,-1.6833903643824053,0.39262264246951645,-1.4997923659756203,1,4
4,0.9213498480752542,1,1,1,0.5478519108426073,1.2369286608293861,-0.8144707262984756,-0.9453139045538513,1,4
10,-1.6223462412823755,0,1,0,0.4487505919969422,-1.6248479832994744,1.448358149848749,-1.4318827564328025,1,5
3,0.45885965001023066,4,2,0,-0.6413639153053777,-0.02552950292480772,-1.6441118221800899,0.38732467034051354,1,3
0,-0.92861094418484,5,3,0,-1.632377103762032,-1.5732954796748535,-0.1616509998715315,-1.5610510343776465,1,2
8,-1.159856043217352,2,2,1,-1.0377691906880393,-0.7040308671681038,0.6116395834473045,-0.5473075847075438,1,5
0,-0.4661207461198165,2,2,1,0.25054795430561116,0.9596635216497623,1.022209802624844,1.3632627703682227,0,3
2,-0.2348756470873047,1,2,1,-1.2359718283793704,0.572804007506515,-0.030871653309452178,-0.9971212355452792,1,5
2,-0.92861094418484,5,0,1,1.3406624616079306,0.9036754661565348,0.17141322421112873,-1.6618653000906953,1,2
9,-0.2348756470873047,5,0,1,-1.0377691906880393,1.4915500488354234,-1.3412807058614868,0.6169571644646804,1,2
8,0.22761455097771885,2,3,1,0.05234531661428013,1.2170463427257492,1.1446423497151672,1.6790074497889522,0,5
2,0.6901047490427424,1,2,0,0.05234531661428013,-1.0284474760171165,1.0504427556767755,0.927451100879522,0,5
5,-1.3911011422498636,1,3,0,0.3496492731512767,-0.007010642399458426,-1.559297569483212,-0.31802514011710276,1,0
7,0.6901047490427424,3,3,1,-0.6413639153053777,0.33980809222952013,0.5124396026285979,0.39082516567777215,1,0
0,-1.159856043217352,5,2,0,1.3406624616079306,0.8760093585869776,1.264690096956417,-0.1310986891074913,1,2
5,-0.6973658451523282,5,1,1,-0.1458573210770505,1.4411366363521567,-0.5887609599378046,-1.1255894144226715,1,1
0,-1.159856043217352,1,2,0,0.7460545485339384,0.5742192419548641,-0.3365106791277705,1.1742360221562562,0,4
0,0.6901047490427424,1,3,1,0.4487505919969422,0.093798923610388,1.6574127817796023,-0.8774042950110337,1,2
0,-0.0036305480547929366,1,1,1,-1.335073147225036,-0.5566048591461712,-1.2754294584161106,-0.5837127362150337,1,1
0,0.9213498480752542,2,1,1,0.4487505919969422,0.4168865927944875,0.17695211418316975,1.4577761444742061,0,2
6,0.45885965001023066,1,2,0,0.15144663545994566,-0.5089873976462284,1.6569896721289603,1.383215593790597,0,4
5,-0.0036305480547929366,2,0,1,1.3406624616079306,1.1821487323042617,-0.12184022819748676,1.4927810978467926,0,5
2,-0.0036305480547929366,3,2,1,1.3406624616079306,-0.5827694374839434,0.2279945238560754,0.3852243731381583,1,3
1,0.9213498480752542,3,2,1,-1.2359718283793704,0.5733908120338792,-1.1086088625220698,-1.1175382751469765,1,4
8,0.9213498480752542,4,1,0,-1.4341744660707012,-0.11543140830835334,-1.6335725454277341,1.45322550053577,0,5
1,0.22761455097771885,2,0,0,-0.7404652341510432,-0.055370239036950236,1.2928845854946536,0.43213101065742415,1,5
2,-0.92861094418484,2,2,1,1.7370677369905927,0.5434465221816136,-1.5909923287676688,-0.5221040182792815,1,3
10,-0.6973658451523282,4,2,0,-1.632377103762032,-0.29506262950857276,-1.2602359755066925,-0.1321488377086689,1,5
3,-0.6973658451523282,0,0,1,0.6469532296882728,-0.48756903239743205,-1.407170417820558,-1.0440278730645451,1,4
6,-0.0036305480547929366,2,1,0,0.3496492731512767,-0.3042098765527807,0.4446266649847903,-1.5817039568674724,1,4
4,-0.2348756470873047,4,2,1,0.5478519108426073,0.36189955678911667,0.5493655357755379,0.6295589476788115,1,3
9,0.22761455097771885,2,0,1,-0.9386678718423742,-0.10517958803616557,1.0055546681950265,1.1297797313730715,0,1
7,1.6150851451727894,5,2,0,-0.9386678718423742,0.9013282480470777,1.6929539924335322,-1.6401622289996918,1,1
5,1.6150851451727894,1,0,0,-0.24495863992271602,-0.7908261603479562,-1.4164788301346825,-0.4986506995196487,1,5
0,1.3838400461402778,4,1,0,-1.4341744660707012,-1.5818386632350099,-0.01467809304397118,-1.5386478642191912,1,2
10,-0.0036305480547929366,0,1,0,-1.4341744660707012,1.315180770449082,1.1360262986475478,-1.1287398602262042,1,4
1,-1.3911011422498636,5,1,0,-1.4341744660707012,-0.2583355696782435,1.409008952339041,-0.9449638550201255,1,2
9,0.45885965001023066,5,1,1,0.25054795430561116,-1.5406415336227,-0.19473048164899862,1.4833297604361941,0,2
0,0.9213498480752542,1,3,0,-0.3440599587683815,1.4743946458883619,1.0437499302938924,-0.7895418620458418,1,3
3,-0.92861094418484,2,3,1,-0.7404652341510432,1.3608307108866857,0.4957075391713907,0.24660475778271612,1,0
1,-0.4661207461198165,5,2,1,-0.6413639153053777,-1.091736070189023,-0.9087472493642569,0.6568628113094289,1,5
3,0.9213498480752542,3,2,1,-1.0377691906880393,1.1525668805424267,-1.4218253975382498,-1.4140302302127834,1,4
8,-1.3911011422498636,2,2,0,-0.3440599587683815,0.42080437596247844,-0.9664824844200455,1.5109836736005375,0,0
10,-0.2348756470873047,5,3,1,-1.0377691906880393,1.027991731174327,-1.7228871462268953,-0.8609519669259181,1,0
2,-1.159856043217352,0,0,0,0.6469532296882728,0.7234919583423255,-0.8115474232576763,-0.019082838315214772,1,4
9,1.1525949471077659,3,1,1,-1.335073147225036,0.9801326442807634,-0.6001464559914444,-1.6121582663016225,1,3
4,-1.159856043217352,3,0,0,1.5388650992992616,-0.4104732728757775,0.42481744043200476,0.14404024440103794,1,3
0,0.6901047490427424,5,2,0,-1.4341744660707012,0.7782546279107628,-0.4528273685406316,-1.3681737412946953,1,5
8,-1.3911011422498636,1,2,0,1.5388650992992616,-0.9825731691425793,-0.11433964802701456,-1.038777130058657,1,4
4,0.6901047490427424,2,2,0,1.1424598239166004,0.8770794139015831,0.12991001393451593,-1.7255743152288026,1,5
9,-0.0036305480547929366,3,0,0,0.6469532296882728,-0.5681338422132107,-0.2480422976298933,1.3177563309838605,0,0
9,-0.4661207461198165,3,1,0,1.4397637804535965,0.45242278461340096,1.5768680901028393,0.5497476539893145,1,5
4,-1.6223462412823755,3,0,0,-1.2359718283793704,-0.6579839707266948,0.7041467388831283,-1.4854403350928598,1,5
3,0.9213498480752542,5,2,0,-1.1368705095337048,1.5899088429956896,1.2540354266629772,-1.430482558297899,1,3
3,-1.6223462412823755,2,0,1,-0.8395665529967087,1.1122844756345376,0.6470269360464554,-0.09434348806627557,1,4
1,-0.2348756470873047,1,2,1,-0.8395665529967087,-1.5742274633359614,-1.5333724872529646,1.2200925110743444,0,1
2,-0.0036305480547929366,0,1,1,-0.6413639153053777,0.42927852369588615,-1.5675674399275787,-1.7255743152288026,1,0
3,-0.6973658451523282,0,2,0,0.25054795430561116,0.577757328075737,-1.2236177584693102,-0.6656243271068859,1,5
1,0.9213498480752542,3,1,0,-1.632377103762032,0.314109505722302,-0.5824143151781743,1.4987319399201322,0,4
6,0.6901047490427424,0,0,1,-0.44316127761404706,-0.24238829369928475,0.39750763570874703,0.10168425082020836,1,4
9,-0.6973658451523282,5,0,1,-0.8395665529967087,1.0260759869820495,-1.4128247013336832,-1.4812397406881495,1,4
6,-0.92861094418484,4,0,0,0.3496492731512767,0.13131989544832776,1.5128246748011152,-0.6617737822359013,1,3
9,1.3838400461402778,3,0,0,1.6379664181449276,-0.7239649621418023,1.21241682284528,1.3765646526498057,0,4
10,-0.4661207461198165,2,3,1,0.05234531661428013,-1.370606292340555,0.17510581752582274,0.6043553812505493,1,1
2,1.3838400461402778,2,3,0,-0.24495863992271602,-0.2972545170078452,0.9385879498525028,0.831887578172361,0,1
3,-0.4661207461198165,4,3,0,-0.44316127761404706,-1.2768728985724545,-0.22915622140578126,0.6187074121333097,1,2
3,-1.159856043217352,1,3,1,0.9442571862252694,1.2437286897641369,-0.14834227813315518,0.7755296032424969,0,4
10,0.22761455097771885,4,3,1,-1.4341744660707012,0.4675416306713749,1.300769810802073,1.1374808211150405,0,4
2,0.9213498480752542,2,1,0,1.6379664181449276,-1.157182033946828,-0.10491584217180591,-1.6114581672341708,1,1
1,0.6901047490427424,1,0,0,-0.24495863992271602,1.2385337438012942,-0.24992705880093502,-0.443692922724688,1,3
3,1.3838400461402778,5,3,1,-0.6413639153053777,-0.40263770653979564,0.1772982948064223,0.5952540933736769,1,3
9,-0.2348756470873047,2,3,1,1.6379664181449276,-1.2250442516408386,-0.7686210259743584,-1.358022304816645,1,0
0,-1.6223462412823755,0,3,1,1.5388650992992616,-0.7937429240280904,-1.246811860227232,-1.538997913752917,1,2
8,1.6150851451727894,3,1,0,0.4487505919969422,0.8578874540654335,0.047519025600405954,-0.2844203848794198,1,1
9,1.1525949471077659,4,2,0,-1.632377103762032,0.12301833728179186,-0.11168559658207824,-1.196299420235296,1,5
8,-0.2348756470873047,4,3,0,0.8451558673796035,-1.0576668896885204,-0.2468498977053567,1.6499533384897056,0,5
8,-0.6973658451523282,2,3,0,-0.5422625964597122,0.29595308328738357,1.554058633481865,1.285201724347355,0,5
9,-0.6973658451523282,4,3,0,-0.3440599587683815,-1.4939905736972394,1.5211714742728715,-1.6545142598824523,1,3
10,1.3838400461402778,3,2,1,-1.1368705095337048,-1.5652528058586255,0.14341105824136588,-1.257908138171048,1,0
10,1.1525949471077659,4,1,1,0.05234531661428013,1.0834275000535645,-0.13661060145626278,1.2071406783264873,0,4
5,-1.3911011422498636,5,0,0,0.8451558673796035,-0.6990948055555689,1.0132475709339723,-1.1322403555634628,1,0
0,-0.92861094418484,4,1,1,-0.7404652341510432,-1.34323358703468,-1.0112551783607102,-1.5281463782074152,1,4
0,0.9213498480752542,1,3,1,1.5388650992992616,0.9759904946758391,0.9481271492487957,1.2785507832065637,0,0
4,-0.4661207461198165,1,2,0,-1.0377691906880393,-1.3244213242456486,-0.3205863704581526,-1.069931538560259,1,1
2,0.45885965001023066,2,1,1,-1.5332757849163667,0.8701413133133347,-0.3870915146363394,1.0888239359271452,0,5
7,1.6150851451727894,4,2,1,0.5478519108426073,-1.469396560418001,-0.6034544041691912,-0.32502613079162007,1,0
2,0.6901047490427424,4,0,0,1.2415611427622655,0.9423700470492031,-1.2323492030780139,1.6415521496802847,0,3
6,-0.2348756470873047,2,0,1,1.5388650992992616,1.488046480627925,-0.36135875497456554,0.43213101065742415,1,0
2,0.6901047490427424,5,1,0,0.9442571862252694,0.5954477586801015,-1.7174251852822437,0.7825305939170142,0,1
9,-0.6973658451523282,2,0,0,-1.0377691906880393,0.8376599568280529,1.086714792090905,-1.4584865209959683,1,1
7,0.22761455097771885,3,1,0,1.6379664181449276,1.111387009886804,0.7873454820048276,0.03272449267621313,1,1
0,-1.159856043217352,4,1,1,1.4397637804535965,0.8041085450281656,1.1584126456178803,1.0475180909474933,0,5
5,-1.6223462412823755,0,2,0,-1.1368705095337048,-1.1304824279517531,0.04351871617615411,-1.4063291404708145,1,5
9,-0.92861094418484,5,3,1,0.25054795430561116,-1.1661912093375384,-1.0973387600095144,0.5346955240391024,1,5
6,0.22761455097771885,5,3,0,0.15144663545994566,-1.4094734628000953,1.1559509167414177,0.4923395304582728,1,1
2,-0.92861094418484,0,2,1,-0.24495863992271602,1.0253683697578748,-1.1366110284918327,-1.7308250582346905,1,3
9,-1.3911011422498636,5,3,0,1.6379664181449276,1.5725635915250689,0.6146398155154934,1.1598839912734957,0,2
3,0.45885965001023066,3,3,1,-1.5332757849163667,0.57485782335229,-1.305200992015831,0.05127711796368393,1,0
10,1.3838400461402778,1,1,0,0.4487505919969422,-0.5840983771488566,1.7110707783837495,-0.5882633801534699,1,2
0,1.3838400461402778,2,0,0,-1.0377691906880393,1.467301214689929,0.12940997525648443,1.1805369137633217,0,2
2,-0.6973658451523282,4,1,0,0.05234531661428013,-1.6936076667412188,-0.13818764651774668,-1.64961356641029,1,0
3,-1.159856043217352,2,3,0,0.9442571862252694,1.084963547198724,-1.4133632045254094,0.59245369710387,1,3
6,1.1525949471077659,2,2,0,-0.8395665529967087,-0.16845092325138505,0.6089086029749787,1.4934811969142443,0,5
10,0.9213498480752542,4,3,0,-0.3440599587683815,1.570803177942976,-1.1712675553307839,1.4122697050898438,0,5
0,1.1525949471077659,4,1,1,1.5388650992992616,-1.0369906595772729,-1.0961078955712829,0.2924612467008043,1,3
10,0.22761455097771885,1,3,1,0.9442571862252694,0.4876137972985708,-1.0545662207809754,0.01872251132717856,1,0
0,-0.92861094418484,4,0,1,0.25054795430561116,1.0440253019367216,-0.47779083792851085,-0.9159097437208787,1,3
9,-0.4661207461198165,3,0,1,-0.9386678718423742,-0.02734169337696212,0.9314720148189779,-1.1444920892438681,1,1
9,-1.3911011422498636,4,3,1,-0.24495863992271602,1.4479021473735332,-1.4869073547097318,0.7898816341252574,0,1
2,-0.4661207461198165,2,3,0,0.9442571862252694,1.1984066695035895,-1.7312724102123465,0.8854451568324182,0,5
5,-1.159856043217352,4,3,0,1.1424598239166004,-1.3245593958991462,-0.5922996951977197,-0.4454431703933173,1,2
4,0.9213498480752542,2,3,0,-0.8395665529967087,-1.1861943401379855,-1.6459196543237422,-0.4114883656219085,1,2
7,0.9213498480752542,3,0,1,0.5478519108426073,0.18661759267406786,0.8211173250287999,-1.0863838666453747,1,5
8,0.22761455097771885,5,2,0,-1.4341744660707012,0.048977413093769066,1.0762139798522439,0.2763589681494146,1,0
3,0.6901047490427424,3,3,1,-1.632377103762032,1.7121712921677068,0.7208788023403355,-0.4632956966133364,1,3
4,-1.3911011422498636,4,0,0,0.15144663545994566,-0.9160571500701691,1.0743292186812021,1.505032831527198,0,4
2,1.6150851451727894,4,3,0,-0.9386678718423742,-0.8737727061865663,-1.4240178748188494,-1.2764607634585188,1,5
9,0.9213498480752542,0,3,1,-1.4341744660707012,0.5949127310227987,0.9089318097938666,0.7601274237585589,0,4
4,0.9213498480752542,4,2,1,0.8451558673796035,-0.11317048498233213,-0.8170478487160225,-1.613558464436526,1,2
1,0.22761455097771885,3,0,1,-0.04675600223138495,-1.056061806716612,-0.41293966783919744,-1.0534792104751434,1,3
8,-0.6973658451523282,5,2,1,1.0433585050709344,-0.8810559859085583,-0.9187095584111918,-1.6821681730467954,1,4
0,-0.0036305480547929366,2,3,0,0.5478519108426073,0.3422933819924748,0.9495503362555007,-1.688469064653861,1,0
8,-1.3911011422498636,1,1,1,0.8451558673796035,1.304066002342535,-1.4177481590866086,1.2838015262124516,0,0
8,-0.4661207461198165,2,1,0,-0.6413639153053777,-0.850766516922549,0.11663975670983434,1.4476247079961562,0,1
3,-1.159856043217352,0,2,1,-0.8395665529967087,0.10751979417669992,-1.4829070452854798,1.094774778000485,0,5
0,0.9213498480752542,4,0,1,0.3496492731512767,0.649485552067677,1.4978619789738656,-0.533655652892235,1,2
0,0.9213498480752542,0,2,0,-1.0377691906880393,1.199269617337949,-1.1479195955180832,-0.7149813113622328,1,4
10,1.3838400461402778,2,3,1,1.1424598239166004,-1.4777844133679727,0.0650973083588972,-0.6404207606786236,1,0
6,0.45885965001023066,1,1,1,0.05234531661428013,-0.4564856514038122,-0.9240176613010644,-1.3447204225350624,1,1
5,-0.6973658451523282,5,0,1,-0.9386678718423742,0.4442592981003626,-1.633611009941429,-0.9523148952283687,1,4
0,0.9213498480752542,3,2,1,0.4487505919969422,0.40395963423578607,-1.6930386835997855,1.4329226275796698,0,4
10,-0.0036305480547929366,4,2,1,1.5388650992992616,-1.024754059286059,0.27830610776878123,-1.5750530157266809,1,3
5,0.45885965001023066,3,2,1,-1.4341744660707012,-0.6482326601984353,1.5107475910615997,-1.711222284346042,1,3
1,1.3838400461402778,4,1,0,-1.335073147225036,-0.1856753620251955,0.7709211346571782,-0.035885215934056254,1,3
2,-1.6223462412823755,1,3,1,1.2415611427622655,1.465540801107836,-1.477791264964081,-0.01313199624187508,1,4
8,-0.6973658451523282,3,1,0,-1.335073147225036,-0.5717582231175194,-1.3247794294864481,-0.24696508477075235,1,1
6,-1.159856043217352,1,2,0,-1.632377103762032,1.4964170746212095,-1.6569589697541296,1.6471529422198987,0,5
9,-0.92861094418484,5,2,0,-0.5422625964597122,0.6930816766595058,-0.9753293225698332,1.6657055675073695,0,3
2,-1.3911011422498636,1,1,1,-0.1458573210770505,-0.5865146310850625,1.195800152929157,-1.1819473893525356,1,2
0,0.22761455097771885,0,2,1,0.25054795430561116,-1.4270258217509624,1.5750217934454924,1.022664574052957,0,1
3,-1.159856043217352,4,3,1,0.05234531661428013,0.6084264941088644,-0.9871763927878098,-1.5372476660842878,1,1
10,1.6150851451727894,1,1,0,1.4397637804535965,-1.1842440780323338,-0.9745215677822439,1.1325801276428784,0,3
3,-1.3911011422498636,2,2,0,0.9442571862252694,-1.342198049633449,-1.2546201565072619,0.6229080065380201,1,5
10,0.45885965001023066,0,2,0,1.6379664181449276,1.702765160773191,0.27261335974196127,-0.587913330619744,1,3
2,0.6901047490427424,3,1,0,-0.04675600223138495,0.3884438321740069,-1.288699715640792,0.873193423152013,0,4
9,0.22761455097771885,5,0,0,-1.4341744660707012,1.1577445675485822,-0.2548889810675551,-0.26936825492920763,1,5
6,-0.2348756470873047,1,0,0,1.5388650992992616,-0.851508652060098,-1.6071089600057604,1.2606982569865446,0,5
5,-0.4661207461198165,4,1,1,-1.7314784226076976,-1.1979649485986457,0.9545891875495102,-0.9904702944044879,1,4
0,-1.6223462412823755,3,3,1,0.9442571862252694,0.40061139663847223,0.6849914110631532,0.9684068963254481,0,1
4,-0.6973658451523282,2,1,0,-1.632377103762032,0.35925893641597745,0.639564820389678,1.3923168816674696,0,3
5,0.9213498480752542,0,3,0,0.9442571862252694,0.7270300444631983,1.7161096296777592,0.3257159524047614,1,5
5,0.6901047490427424,0,2,0,1.5388650992992616,1.4350097067282062,0.49036097176782334,0.23470307363603674,1,3
1,1.3838400461402778,1,3,0,-0.3440599587683815,1.2881705032336377,-1.2290797194139618,-0.22841245948328154,1,0
8,1.6150851451727894,5,1,0,-0.9386678718423742,-1.5124921752659015,-0.3753983024731417,0.37017224318794617,1,3
4,0.6901047490427424,3,2,1,-0.9386678718423742,-0.036195538157487925,0.5692132248420182,-0.38243425432266176,1,0
1,-1.159856043217352,3,3,0,-0.04675600223138495,-0.5826141068737587,1.178914231417171,-0.9974712850790051,1,3
10,-1.6223462412823755,3,1,1,-1.1368705095337048,1.1966980327915584,-1.2666595492937123,0.011021421585209546,1,4
10,-0.92861094418484,4,2,0,0.6469532296882728,0.7483966328419331,0.36865925043770015,0.7359740059314742,0,2
9,1.1525949471077659,0,0,0,-0.44316127761404706,1.4248441812394543,-0.3306256085324769,1.4287220331749595,0,0
8,-1.3911011422498636,1,1,1,-0.6413639153053777,-0.4569171253209918,0.8026543584553298,0.731423361993038,0,3
4,-1.3911011422498636,5,0,1,-0.1458573210770505,-1.403726230223263,1.4059317912434628,1.4248714883039748,0,5
8,-1.159856043217352,3,3,1,0.15144663545994566,1.5570995663333513,-1.4849456645113006,-1.583104155002376,1,5
5,-0.0036305480547929366,2,3,0,-1.2359718283793704,0.48269499464272314,-0.8120859264494025,-0.5221040182792815,1,0
4,-0.0036305480547929366,1,1,1,0.7460545485339384,0.3783818604253782,-1.0639515621224893,1.270149594397143,0,4
2,0.9213498480752542,2,1,0,1.3406624616079306,-0.7728768453932839,0.9307411890587781,1.5410879335009617,0,2
2,1.6150851451727894,4,2,0,-0.7404652341510432,1.4177680089977085,-1.480906890573354,-0.9652667279762256,1,5
7,-0.2348756470873047,5,1,1,-1.1368705095337048,-0.042167137171253866,-1.2154632815660276,0.3043629308474837,1,2
10,-0.4661207461198165,0,1,1,0.9442571862252694,1.3952450705209323,1.1181402997794987,-0.08769254692548414,1,2
1,0.22761455097771885,0,1,0,-1.1368705095337048,-0.41399410003996323,1.532172325189564,-1.6951200057946525,1,5
4,-0.92861094418484,3,3,1,-1.632377103762032,0.2948830279727781,0.49605371979464324,0.9719073916627067,0,1
7,0.9213498480752542,2,3,1,0.4487505919969422,0.29983634854200014,-0.8325490477349984,1.5323366951578152,0,2
10,-1.6223462412823755,1,3,0,-0.9386678718423742,-1.1689699013641752,1.241265208116327,-0.7195319553006689,1,1
4,-0.0036305480547929366,2,3,1,-1.1368705095337048,-0.7852169994246211,1.3097705070066397,0.4989904715990642,1,4
7,-0.2348756470873047,4,1,0,1.6379664181449276,0.5547166208983453,-0.3393570531411804,-1.5001424155093461,1,4
6,-0.2348756470873047,1,2,1,-0.7404652341510432,0.8928195824002956,-0.2950459333648524,-1.3296682925848502,1,4
4,1.6150851451727894,5,0,0,1.4397637804535965,0.47563608135766455,-1.3919000058837505,-1.3527715618107572,1,4
0,-1.159856043217352,1,3,1,-1.1368705095337048,-0.01881576877349283,0.6574508192577271,0.9918602150850809,0,1
3,-0.92861094418484,2,3,1,1.1424598239166004,0.6344184828797647,1.56540566502181,0.6043553812505493,1,2
5,0.45885965001023066,0,2,1,0.05234531661428013,-0.32652570754931065,0.28738373300073733,-0.03168462152934588,1,2
10,0.22761455097771885,3,3,1,-1.4341744660707012,-0.8319369951768304,0.5152475121283131,1.601996552369262,0,2
4,1.6150851451727894,2,3,1,0.8451558673796035,0.48826963765268383,-1.2653902203417862,1.3608124236321417,0,2
8,-0.4661207461198165,4,2,0,1.3406624616079306,-1.1188326321879034,-1.467559704321283,0.3967760077511119,1,2
3,1.6150851451727894,4,1,0,-1.1368705095337048,0.21357608301945052,-0.49629226901567564,-1.2467065530918204,1,3
1,1.6150851451727894,5,0,0,0.7460545485339384,0.4343181390485441,-1.3072396112416516,1.6145983355833933,0,0
8,-0.6973658451523282,2,3,0,-0.1458573210770505,0.2661296061319282,-0.7589664330369814,-0.019432887848940636,1,1
5,-1.159856043217352,3,3,0,0.8451558673796035,0.42192620814714543,0.07725209468643163,0.3789234815310928,1,5
6,0.22761455097771885,3,2,1,0.7460545485339384,0.6485880863199435,0.5654821670136295,-0.6799763579896463,1,3
2,-0.6973658451523282,2,2,1,-1.632377103762032,1.2310778745124304,-0.4169399772634493,0.509842007144566,1,0
10,-0.6973658451523282,3,0,1,-1.1368705095337048,0.1158213523432358,0.1961074420031449,1.1791367156284183,0,0
5,1.3838400461402778,3,3,0,-0.1458573210770505,-0.9429638635454902,-1.5931848060482685,1.4948813950491477,0,3
0,-0.92861094418484,0,3,0,1.5388650992992616,-0.8898235359056482,-1.3493967182510747,-1.0335263870527691,1,0
2,1.3838400461402778,2,1,1,-0.5422625964597122,0.23934370535341742,-0.025563550419579546,0.5889532017666113,1,4
9,-0.92861094418484,2,3,1,0.4487505919969422,-0.870096548412196,0.3847374171620969,0.7426249470722657,0,3
9,0.9213498480752542,1,1,0,-1.7314784226076976,-0.5159772751045382,1.24153445971219,0.06632924791389609,1,5
2,-1.6223462412823755,1,0,0,0.7460545485339384,-1.6769355145813982,-0.7543122268799192,0.2066991109379676,1,4
7,-0.2348756470873047,4,3,1,0.3496492731512767,-0.6036872929888114,1.4917461212964036,1.599546205633181,0,2
9,0.22761455097771885,5,0,0,0.7460545485339384,0.07710951249388029,1.3185019516153433,0.543446762382249,1,0
2,-1.159856043217352,3,3,1,1.4397637804535965,-1.209942664539552,-0.6869223988867535,-0.03448501779915279,1,2
5,0.9213498480752542,2,3,0,-1.2359718283793704,-0.8969169671040811,1.3193097064029327,-0.4415926255223328,1,4
2,1.1525949471077659,5,0,0,-0.8395665529967087,1.4074298939420848,-0.4134012420035342,-0.13879977884946032,1,4
7,1.6150851451727894,2,3,0,1.7370677369905927,0.07350239054625866,1.4290104994603003,-0.01138174857324576,1,5
5,-1.3911011422498636,1,2,1,-1.2359718283793704,-1.1677962923094465,0.09236864856846021,1.3538114329576245,0,1
0,-1.159856043217352,4,2,0,0.7460545485339384,0.46521167151860493,0.9193172284914435,0.17834509870617263,1,1
1,-1.6223462412823755,4,0,1,0.7460545485339384,-0.034210758138461674,-1.5070242953720752,1.2859018234148067,0,5
0,-0.4661207461198165,3,3,0,0.6469532296882728,-1.2547986929695452,-0.7848145862398395,-1.441334093843401,1,3
4,0.6901047490427424,3,1,1,-0.9386678718423742,-0.9515070471056467,0.10590815738900489,-0.058988485159963286,1,5
7,0.6901047490427424,3,2,1,-0.9386678718423742,0.47924320330528614,-1.1736138906661622,0.5875530036317078,1,4
5,-0.2348756470873047,1,2,1,0.5478519108426073,0.47936401600209644,1.079483463516296,-0.8077444377995867,1,4
10,0.6901047490427424,1,2,1,-1.0377691906880393,-1.689707142529915,-0.9934845730337454,0.7709789593040607,0,2
2,0.6901047490427424,3,3,1,0.5478519108426073,1.295384747128881,-1.2217714618119633,0.9603557570497532,0,5
6,-1.3911011422498636,0,2,0,-0.04675600223138495,-0.37649038715871064,1.5185558873416298,1.4962815931840512,0,2
3,-0.0036305480547929366,3,0,0,-0.3440599587683815,0.49821079670450225,-0.8558585430340043,-1.7024710460028956,1,2
1,1.3838400461402778,2,1,0,-0.6413639153053777,-0.8664376495945127,-1.4353264418450997,0.4100778900326947,1,1
8,-0.4661207461198165,3,0,0,1.5388650992992616,0.22645126470809038,-1.3833608838435207,0.628158749543908,1,3
3,1.3838400461402778,1,1,0,0.05234531661428013,1.3072934272430385,-1.0283718869548648,1.2554475139806567,0,0
6,-0.92861094418484,2,0,1,0.25054795430561116,0.08793087833674516,1.2676518645109112,-0.982419155128793,1,3
2,-0.6973658451523282,2,0,1,1.5388650992992616,0.881187045593133,0.7139551898752843,-1.3849761189135368,1,5
9,-0.0036305480547929366,5,1,0,0.5478519108426073,0.04505962992577812,1.4140862681467454,-1.093034807786166,1,1
4,1.3838400461402778,5,1,1,1.6379664181449276,-0.536964166436155,0.5897532751550036,-1.0968853526571505,1,3
4,-1.159856043217352,5,0,1,-1.335073147225036,-1.5526710264336676,0.7651899221166636,1.4164702994945542,0,3
1,-1.159856043217352,2,3,1,1.2415611427622655,-0.7380137528851707,-0.2256559506595609,-0.7079803206877154,1,3
1,1.3838400461402778,5,3,1,-0.5422625964597122,1.2298352296309532,0.3216940792164358,1.1374808211150405,0,2
4,1.6150851451727894,2,3,0,1.0433585050709344,0.036033195578380466,-0.3881685210197918,1.3128556375116984,0,0
6,1.3838400461402778,2,3,1,1.2415611427622655,-1.6996137836683591,0.5865991850320358,1.2407454335641703,0,4
7,0.6901047490427424,2,2,0,-0.7404652341510432,0.9584726536383466,1.2994620173364522,0.9029476335187114,0,4
4,-0.92861094418484,2,0,0,-0.3440599587683815,0.3597939640732801,0.07671359149470543,-0.42233990116741027,1,4
6,-1.6223462412823755,1,0,0,0.7460545485339384,0.5592384675503878,1.3903151986834026,0.8196358444919558,0,2
2,0.22761455097771885,0,1,1,-1.4341744660707012,1.272689219085233,-1.570798459077936,1.1945388951123563,0,4
2,-0.0036305480547929366,4,3,1,0.8451558673796035,0.29619470868100417,-1.1239946679999615,0.35862060857499267,1,2
2,-0.0036305480547929366,5,0,1,-1.335073147225036,1.1081595849863004,-0.17261338627452932,0.6575629103768806,1,3
2,1.3838400461402778,4,2,0,1.4397637804535965,-1.1148112952797893,1.5110553071711577,-0.8711034034039682,1,2
2,0.45885965001023066,3,2,0,-0.7404652341510432,-1.0694720160625548,0.444242019847843,0.3022626336451285,1,4
3,-0.4661207461198165,1,3,0,0.25054795430561116,-0.21408360473230167,-0.2938535334403158,-0.16680374154752944,1,2
9,-0.2348756470873047,3,2,0,-1.335073147225036,-0.8286750523629525,1.1613359486586796,-1.497692068773265,1,1
6,-0.4661207461198165,1,2,1,-0.8395665529967087,-0.9415831470105154,1.6192944487081256,0.3876747198742394,1,2
3,0.22761455097771885,2,1,0,-0.3440599587683815,1.2132148543411942,-0.12949466642273788,0.3820739273346256,1,4
9,-1.159856043217352,5,0,0,-0.04675600223138495,-0.19247539095994629,-1.6040317989101822,1.4819295623012907,0,4
1,1.3838400461402778,4,1,1,-1.7314784226076976,-1.392991159163834,-0.14911156840704978,-1.7297749096335129,1,5
4,-1.159856043217352,1,3,1,1.3406624616079306,1.0067632144490897,1.1431422336810728,-1.4056290414033628,1,5
2,-1.159856043217352,3,3,0,-1.7314784226076976,1.604509920353048,1.3702751870484489,-0.78884176297839,1,3
0,0.45885965001023066,0,2,1,0.9442571862252694,-0.012861428716414073,0.8756984699616206,1.6082974439763278,0,1
7,-1.159856043217352,5,0,1,-0.1458573210770505,-0.8662823189843282,0.6447190652247716,-0.8297975584243161,1,5
6,0.22761455097771885,3,0,1,0.05234531661428013,0.05990233267675705,1.5247486740464813,0.03412469081111658,1,4
0,0.9213498480752542,4,3,1,-1.0377691906880393,-0.5209478546304475,0.9381648402018609,-0.48744911444042105,1,5
5,-0.92861094418484,5,2,0,0.3496492731512767,1.2872902964425914,1.5129400683421994,1.2810011299426447,0,5
8,1.1525949471077659,4,0,0,0.15144663545994566,1.583885467111862,-1.5214869525212933,1.0107628899062775,0,4
2,-0.2348756470873047,5,0,1,-1.1368705095337048,-1.0768933674380443,1.6999160694122781,-0.8907061772926166,1,5
9,1.3838400461402778,1,0,0,-0.9386678718423742,0.3833524399512874,0.016824343672012042,-1.1248893153552197,1,5
4,1.6150851451727894,3,0,1,-1.5332757849163667,0.07776535284799331,-1.158151156160881,0.9649064009881894,0,1
4,0.22761455097771885,1,2,0,-1.5332757849163667,1.620474455288694,0.1502962061927224,1.1605840903409474,0,2
5,0.6901047490427424,4,3,0,-1.7314784226076976,1.7190230979725192,0.8221943314122523,-0.4429928236572363,1,0
7,0.9213498480752542,4,0,1,-0.9386678718423742,-0.26756911150588736,0.11813987274392879,1.3846157919255004,0,1
1,-0.2348756470873047,1,2,0,0.6469532296882728,-0.16734635002340523,-0.44509600128799104,-1.1010859470618608,1,0
2,0.22761455097771885,2,0,0,-0.6413639153053777,1.0460100819557479,0.13744905861868284,-0.13144873864121717,1,1
8,0.9213498480752542,1,1,1,-0.5422625964597122,-1.473417897326115,0.8875455401795972,0.6299089972125373,1,0
9,-1.159856043217352,2,3,0,-1.2359718283793704,1.3781759623573064,1.6955695793647736,1.0114629889737294,0,4
9,1.6150851451727894,0,0,1,0.25054795430561116,0.6227686871159149,0.2626510506950264,-0.2042590416561969,1,3
4,-0.92861094418484,1,0,0,-0.5422625964597122,-0.674069318359151,-0.6480347755413823,-1.3961777039927643,1,3
4,1.3838400461402778,3,2,1,0.6469532296882728,1.1007727515241852,0.4083546285706607,1.6664056665748213,0,4
6,-0.0036305480547929366,4,1,0,0.8451558673796035,0.22137713144205803,0.03247940074576683,-0.600865163367601,1,4
1,-0.4661207461198165,4,0,0,0.25054795430561116,-0.4590054590801412,1.4533200721153692,-0.5921139250244544,1,0
5,-0.6973658451523282,0,2,0,-0.7404652341510432,0.08701615363232437,-0.7042698945630764,-1.587654798940812,1,0
9,1.1525949471077659,1,3,0,0.05234531661428013,-0.9782411710140959,0.6065238031259056,0.9085484260583253,0,3
9,-0.92861094418484,5,2,0,-0.8395665529967087,0.702159887876965,-1.5159480625492523,0.5900033503677888,1,3
0,-0.0036305480547929366,0,0,0,1.4397637804535965,1.445278785957081,1.3018083526718307,-0.2686681558617559,1,1
8,-1.6223462412823755,3,1,1,0.9442571862252694,-0.4679973755141645,1.605331830236939,1.20013968765197,0,5
8,1.3838400461402778,0,3,0,-0.04675600223138495,1.2837349513650314,-0.7011927334674981,1.2820512785438223,0,4
7,0.22761455097771885,3,3,1,1.6379664181449276,0.8088374991604543,1.630026048028955,-0.5151030276047643,1,5
7,-1.6223462412823755,2,0,0,0.15144663545994566,-1.2406118305726792,-0.9367878798477145,-1.4700381556089217,1,2
6,-0.0036305480547929366,5,1,1,-0.6413639153053777,0.22591623705078764,0.7359953562223641,-0.2795196914072577,1,0
2,-0.92861094418484,2,1,0,-1.4341744660707012,-0.8891159186814737,-0.1771906634042021,-1.6044571765596536,1,3
10,0.22761455097771885,3,0,0,0.15144663545994566,1.0474080574474098,0.7759984504648825,0.3502194197655719,1,2
2,1.3838400461402778,2,1,1,1.2415611427622655,-1.120679340553432,0.856312355059477,-1.2239533333996393,1,0
0,0.6901047490427424,1,2,0,1.2415611427622655,1.3365991356978784,0.270382417947667,1.4570760454067544,0,0
4,-0.6973658451523282,5,0,0,0.3496492731512767,1.0912458074328593,-1.189268947739917,0.14018969953005342,1,1
5,-1.159856043217352,3,2,1,-0.3440599587683815,0.4919975722971157,1.2363802148770964,-1.0688813899590814,1,2
0,0.22761455097771885,5,1,1,0.5478519108426073,1.5443969742115833,-1.5805299810427025,-0.41323861329053785,1,4
8,0.6901047490427424,4,0,1,0.9442571862252694,-1.5027063468242676,1.4553971558548844,-0.8872056819553579,1,3
2,1.3838400461402778,1,2,0,-0.3440599587683815,-0.05134890212883618,-0.648227098109856,1.1185781462938438,0,4
6,1.3838400461402778,4,0,0,-0.04675600223138495,-0.057510349666161156,-0.5576431683587687,-1.4549860256587095,1,5
5,0.22761455097771885,2,2,0,0.6469532296882728,-1.311200963423265,-0.8331260154404193,-0.7919922087819229,1,1
5,-0.92861094418484,3,2,1,1.3406624616079306,-1.0021275670691596,0.6984539908563083,0.2525555998560558,1,4
6,0.6901047490427424,1,1,1,1.0433585050709344,1.158089746682326,-1.4420961962553722,0.9337519924865875,0,3
8,-0.92861094418484,5,3,1,-1.632377103762032,0.9025018571018062,-1.0019083015328911,0.8560409959994456,0,5
9,0.9213498480752542,2,2,1,-1.335073147225036,-1.5150119829422304,-0.13761067881232575,-1.257558088637322,1,4
4,-0.0036305480547929366,0,0,0,1.2415611427622655,0.3392903235289046,1.2288796347066242,1.0233646731204087,0,4
5,-1.3911011422498636,0,0,1,1.1424598239166004,-0.2931986621863568,0.7681516896711577,-0.8970070688996821,1,2
2,0.22761455097771885,1,3,0,-0.3440599587683815,0.4441039674901779,1.0004004233599326,0.2284021820289712,1,0
10,1.1525949471077659,3,0,0,0.25054795430561116,-1.3070588138183408,-1.2705829296905746,-0.7765900292979848,1,0
0,1.3838400461402778,1,3,1,1.4397637804535965,0.44691717743018905,0.9277024924768945,1.7168127994313456,0,1
4,-0.4661207461198165,2,3,1,1.4397637804535965,0.13975952526836113,0.09240711308215493,-0.55185822864598,1,4
7,0.22761455097771885,4,1,0,0.9442571862252694,-0.22285115472939154,0.7654976382262214,-1.1584940705929025,1,4
5,-0.0036305480547929366,2,0,0,-1.0377691906880393,1.169946649926422,0.24157249719031482,0.4692362612323657,1,3
8,1.6150851451727894,0,2,0,0.8451558673796035,1.4336462491499185,-1.3506660472030008,-1.536897616550562,1,2
6,1.6150851451727894,3,1,0,-1.335073147225036,-1.3519666191183957,0.8401957238213855,0.6649139505851238,1,2
0,-0.2348756470873047,5,2,1,1.3406624616079306,1.278660818098999,1.596369598546067,1.0597698246278986,0,0
1,1.1525949471077659,2,0,0,-1.2359718283793704,-0.5387936158449965,1.7105322751920233,-0.613816996115458,1,2
9,1.3838400461402778,5,0,1,0.5478519108426073,0.9994971936837848,-0.17403657328123429,-0.9526649447620945,1,0
9,-1.6223462412823755,3,1,0,0.3496492731512767,1.6402359606955206,1.4112398941333353,-1.7224238694252698,1,0
6,1.3838400461402778,0,1,0,0.9442571862252694,0.10197966908011359,-0.8832837412983462,-0.5431069903028334,1,1
1,0.9213498480752542,0,1,1,0.15144663545994566,-1.1196610621088883,0.18068317201155848,-0.4016869786775843,1,0
5,-1.159856043217352,5,1,1,-1.5332757849163667,1.2533764465522732,0.9997465266271223,1.1262792360358127,0,2
1,0.6901047490427424,3,1,0,0.7460545485339384,0.7680028076385751,-1.71511731446056,1.0181139301145208,0,4
8,1.3838400461402778,4,1,0,-0.44316127761404706,-0.26451427617225565,-0.42986405386487825,0.9218503083399081,0,0
9,-1.3911011422498636,5,3,1,-0.6413639153053777,0.014873714679891901,-1.6614208533427182,-0.6925781412037775,1,0
7,-0.6973658451523282,3,0,1,1.7370677369905927,-0.9104134712334596,0.1392568907623351,1.3629127208344969,0,5
10,1.6150851451727894,0,3,0,0.3496492731512767,-1.2222310417008275,0.7285332405655867,0.6908176160808378,0,1
0,-0.6973658451523282,2,0,0,0.7460545485339384,-0.0009182306888821912,0.64494985230694,0.9834590262756602,0,3
9,-0.6973658451523282,5,0,0,0.05234531661428013,0.15513725567664277,-0.9539430529555638,-0.7062300730190861,1,4
6,-0.92861094418484,1,1,1,0.9442571862252694,-0.843293388676998,-1.0116782880113524,1.6835580937273886,0,4
0,-0.6973658451523282,1,0,1,0.8451558673796035,1.0312018971181434,-1.5631055563389902,0.922200357873634,0,5
10,-1.159856043217352,5,0,1,0.5478519108426073,0.44085928363298715,-0.2183092285438676,0.27180832421097834,1,0
1,0.9213498480752542,2,2,1,1.7370677369905927,1.4463143233583122,0.8197710670494843,-1.154993575255644,1,5
1,-1.6223462412823755,3,0,1,-0.1458573210770505,0.28690938998329873,-0.8713597420529802,-1.4791394434857943,1,0
4,-0.6973658451523282,0,2,1,0.7460545485339384,0.8849149802375649,-0.6414958082132783,1.061170022762802,0,2
0,1.1525949471077659,1,3,0,1.0433585050709344,-0.5634221470376092,0.055250392853046525,-1.10878703680383,1,4
10,0.22761455097771885,3,2,0,-0.44316127761404706,-0.2229029315994531,-0.2827757534962338,1.2834514766787257,0,0
0,1.1525949471077659,5,0,1,-0.1458573210770505,-1.2627895899157118,-0.8285872028244413,-1.374124583368035,1,2
8,0.22761455097771885,5,1,0,1.6379664181449276,1.0754020851940236,-0.16761299949421452,-1.010773167360588,1,3
7,-0.92861094418484,2,1,1,-1.632377103762032,-0.11432683508037352,-0.26388967727212176,-0.8704033043365165,1,3
0,-1.159856043217352,3,1,1,-0.5422625964597122,-1.2921125573272387,1.2699597353325949,-0.5347058014934127,1,0
3,-1.6223462412823755,0,2,0,-0.04675600223138495,1.2013752100537853,-0.011100893270361364,-0.7282831936438156,1,2
2,-1.3911011422498636,5,0,0,-1.7314784226076976,0.15798498353002827,1.5793682834929967,1.4875303548409047,0,5
0,-0.0036305480547929366,2,2,0,1.3406624616079306,-1.3764743376141981,-0.7730059805355576,1.556140063451174,0,2
0,-1.6223462412823755,5,2,1,-0.7404652341510432,-1.7114534279557678,-1.5776066780019031,0.6040053317168235,1,3
4,-0.0036305480547929366,0,2,0,-0.8395665529967087,0.11180001543512175,-1.292546167010265,-1.6842684702491506,1,1
4,1.1525949471077659,2,2,0,1.1424598239166004,-1.0852294435179546,0.25145787720986024,0.368071945985591,1,3
0,-0.2348756470873047,3,0,1,-0.7404652341510432,0.9079384284582694,0.9018543392740365,0.11393598450061361,1,0
2,1.6150851451727894,2,3,0,0.5478519108426073,-0.5202402374062729,-0.08245256617408404,-1.1805471912176322,1,4
9,-0.0036305480547929366,5,0,0,1.1424598239166004,-0.621584831073422,-1.4059780178960215,-0.12374764889924816,1,1
4,0.9213498480752542,3,1,0,1.0433585050709344,-0.151261002390949,-1.356320330716126,-0.9621162821726928,1,2
8,-0.4661207461198165,3,3,0,0.9442571862252694,-0.2538482409395755,0.3658513409379849,-0.5515081791122541,1,4
9,0.9213498480752542,5,2,0,-1.4341744660707012,-0.21463589134629157,-1.1437269635253577,-1.227103779203172,1,4
4,1.3838400461402778,3,1,0,-1.4341744660707012,-0.3908498391224484,0.497938480965685,0.19339722865638478,1,2
5,1.6150851451727894,2,1,1,-0.6413639153053777,-0.26038938552401847,-0.4920227079955607,1.0086625927039223,0,1
0,1.6150851451727894,3,1,0,-1.632377103762032,-1.4864484096249395,-1.6535356280352986,1.1042261154110833,0,4
7,0.22761455097771885,0,3,1,0.05234531661428013,0.050151022148497634,-0.5901072179171202,-0.00018016349401810683,1,5
9,-1.159856043217352,0,0,1,-0.3440599587683815,0.5702324229601244,-0.822086700010032,-0.4986506995196487,1,2
3,0.45885965001023066,0,1,0,0.15144663545994566,-0.38530971402586206,-1.0718752519436034,1.5970958588971,0,4
5,-0.92861094418484,2,3,1,-0.7404652341510432,-1.2863135478803447,-1.726348952459421,-1.4042288432684593,1,1
7,1.1525949471077659,2,0,0,-0.04675600223138495,-1.5846691321317083,1.5635209038507683,-1.051728962806514,1,3
6,-0.4661207461198165,4,0,1,-0.5422625964597122,1.38839326471612,-1.5967235413081835,0.47483705377197954,1,4
1,-0.0036305480547929366,1,0,1,-1.0377691906880393,-1.5222089678807864,1.4742447675653019,-0.2025087939875676,1,4
2,-0.6973658451523282,0,2,0,0.5478519108426073,-0.959014693264572,1.1845300504166014,-0.20075854631893827,1,3
4,-1.159856043217352,2,2,1,0.6469532296882728,1.710048440495183,-0.39982326866929474,-0.2501155305742851,1,5
0,-0.4661207461198165,1,1,0,1.1424598239166004,-0.8892022134649096,1.1340646084491166,1.2253432540802323,0,4
2,-0.92861094418484,1,0,0,1.3406624616079306,0.9007414435197134,1.0480194913140075,-1.103886343331668,1,4
2,0.22761455097771885,0,2,0,0.7460545485339384,0.4988838960153025,-1.1268795065270663,-1.4724885023450027,1,0
9,1.1525949471077659,3,2,0,0.6469532296882728,0.5645542262100406,-1.4377497062078677,-0.5697107548659991,1,2
8,-1.159856043217352,4,1,0,-1.5332757849163667,-0.8203562352397293,-1.5055626438516754,1.128029483704442,0,5
10,-0.92861094418484,3,2,0,-1.335073147225036,0.7711784556690171,1.1827991473003385,0.5760013690187543,1,3
5,-0.2348756470873047,2,1,0,1.0433585050709344,-0.03326151552066651,-0.5543736846947167,-1.721723770357818,1,2
9,-0.2348756470873047,2,0,1,-0.9386678718423742,0.32686387471413153,-0.33451052441564455,0.8119347547499868,0,0
4,0.9213498480752542,0,2,0,-0.5422625964597122,1.4228421422637407,-0.24881158790378788,-1.5225455856678014,1,5
9,0.9213498480752542,1,3,0,-1.2359718283793704,-1.4186034508876162,-0.25058095553374543,0.46328541915902605,1,1
0,-0.92861094418484,1,1,0,-1.0377691906880393,-0.24830811584298912,-1.5478736089158776,-0.363881629035191,1,1
10,-0.4661207461198165,4,2,0,0.9442571862252694,1.6582025346068798,0.7698441282737258,0.30576312898238717,1,2
1,0.9213498480752542,2,0,1,-0.8395665529967087,0.250320401806467,1.5004006368777176,-1.4322328059665284,1,1
8,1.1525949471077659,3,2,1,-0.1458573210770505,1.4751367810259108,0.9853992630189883,1.3958173770047282,0,2
6,-1.159856043217352,5,2,1,-1.2359718283793704,0.7579753538033207,1.6491044468215408,-0.636920265341365,1,0
2,-0.4661207461198165,0,3,0,0.6469532296882728,-0.24114564881780745,-0.8059316042582457,-1.1052865414665713,1,3
7,0.9213498480752542,1,0,1,0.7460545485339384,-1.625452046783526,-1.1863071801854228,1.4108695069549404,0,2
0,-1.3911011422498636,2,1,0,-0.44316127761404706,0.9987723175029231,1.1456039625575354,1.5155343175389737,0,3
8,-0.0036305480547929366,2,0,0,0.9442571862252694,-0.036437163551108515,1.3336185054973717,0.12793796584964817,1,4
8,-1.3911011422498636,1,2,0,-0.9386678718423742,-1.1414246064914282,-1.2280027130305093,-0.6512722962241254,1,2
4,0.6901047490427424,3,0,0,0.6469532296882728,-0.9944473313433625,-1.375360264995017,-0.5165032257396678,1,3
0,-0.2348756470873047,3,1,1,0.8451558673796035,1.5703717040257965,0.2408801359438097,0.5416965147136196,1,3
3,0.22761455097771885,2,3,1,1.6379664181449276,0.21614766756584106,0.15375801242524803,1.3839156928580487,0,4
5,-1.6223462412823755,0,3,1,-0.9386678718423742,0.9399537931129972,0.7958846040450575,1.2067906287927614,0,1
4,-0.0036305480547929366,2,1,1,-1.4341744660707012,0.009040187319623439,1.6877612830847437,0.4849884902500296,1,1
2,-0.2348756470873047,0,3,0,-0.8395665529967087,-1.5992356915756922,-0.14357267843500876,0.9022475344512597,0,1
6,-0.4661207461198165,5,0,1,-1.335073147225036,1.179283745494189,0.7914996494838583,-1.206450856713346,1,1
10,-0.4661207461198165,2,3,1,-1.1368705095337048,-0.5625764581599372,1.469244380784987,-0.5749614978718871,1,5
9,-0.4661207461198165,3,0,1,-0.5422625964597122,-0.46321664451181427,1.3011159914253256,1.656604279630497,0,4
1,0.22761455097771885,4,2,1,-0.3440599587683815,-1.1090295447895824,-1.5756065232897773,0.13073836211945508,1,2
4,-1.3911011422498636,4,1,0,1.4397637804535965,1.0790955019250812,-0.6796526057984498,1.5613908064570619,0,3
8,-1.6223462412823755,1,1,1,-1.0377691906880393,-0.8331796400583077,-0.4205556415507538,0.26340713540155763,1,4
0,1.1525949471077659,4,2,0,1.6379664181449276,0.36189955678911667,1.530864531723943,0.9705071935278032,0,5
4,0.9213498480752542,5,0,1,1.0433585050709344,1.202186381018083,-1.5502968732786455,-1.6664159440291315,1,3
4,-0.4661207461198165,5,3,1,1.3406624616079306,-0.1879362853512167,0.3395031490570954,1.0195141282494242,0,1
9,0.45885965001023066,4,3,1,1.5388650992992616,-1.715785426084251,1.051635155601312,0.15384163134536213,1,4
4,0.6901047490427424,4,0,0,0.8451558673796035,0.9230745334729304,-0.05529661950560523,0.4023768002907257,1,3
0,-0.0036305480547929366,0,3,0,1.0433585050709344,-0.45381051311729853,0.5076315384167568,0.5210435922237936,1,3
1,-1.159856043217352,1,2,1,-0.24495863992271602,-1.7183570106306418,-1.2751217423065526,-0.817195775210185,1,0
0,0.9213498480752542,0,0,0,0.05234531661428013,-0.005906069171478599,0.30496201575922854,-0.7079803206877154,1,3
3,0.45885965001023066,5,0,1,1.5388650992992616,-0.8724782844350275,0.41108560904298647,-1.5480992016297894,1,2
1,-1.6223462412823755,1,1,1,-0.44316127761404706,-0.35557253165384267,1.037287891993178,-0.8777543445447595,1,3
6,0.22761455097771885,5,1,1,-1.632377103762032,0.5655897636112717,0.9458577429408066,0.48918908465474,1,1
5,1.1525949471077659,4,3,0,0.9442571862252694,-1.5432648950391519,0.46424356696910224,0.5378459698426351,1,4
9,1.1525949471077659,0,3,1,0.25054795430561116,-0.20119116408697463,0.09067620996589212,-0.5186035229420229,1,0
0,-1.6223462412823755,4,2,1,1.1424598239166004,-1.59661233015924,-1.0015236563959438,-0.6701749710453221,1,3
5,-1.159856043217352,1,2,1,-1.4341744660707012,-0.6733617011349764,1.2195327578788049,-0.866202709931806,1,2
4,-0.0036305480547929366,5,3,1,0.4487505919969422,-1.093772627078111,-0.005177358161373066,-0.5413567426342041,1,1
4,1.3838400461402778,4,2,1,-0.8395665529967087,1.6050967248804122,-0.7957000436154478,-1.2778609615934222,1,2
2,-1.159856043217352,2,1,0,1.4397637804535965,0.920140510836109,-1.2437731636453484,-1.4889408304301184,1,3
9,1.1525949471077659,1,2,0,-1.335073147225036,0.4404795865858691,-1.5484505766212984,-1.3657233945586142,1,5
2,-0.92861094418484,1,1,1,1.2415611427622655,1.702558053292945,0.9670516899866024,-1.6923196095248454,1,2
9,-0.0036305480547929366,4,3,1,-1.4341744660707012,0.6380773816974479,1.668259774641516,0.4177789797746637,1,2
3,-1.6223462412823755,1,1,0,-1.632377103762032,-0.4821842379110304,-0.13041781475141137,1.592195165424938,0,2
8,1.1525949471077659,2,0,0,-0.9386678718423742,0.8666377451058362,0.6539890130252014,-0.4821983714345331,1,5
6,1.1525949471077659,1,0,0,-0.5422625964597122,-0.2578695778476895,-1.3260872229520688,0.08068127879665651,1,0
4,-0.4661207461198165,5,0,0,0.4487505919969422,1.0544669707324683,1.5064395655277902,0.2697080270086232,1,1
8,-1.6223462412823755,1,1,0,-1.2359718283793704,1.2345124068931803,0.9440114462834597,-0.6537226429602065,1,2
1,1.3838400461402778,0,3,0,-0.24495863992271602,-0.4407282239484125,-1.623802558949273,0.5367958212414575,1,3
5,-1.6223462412823755,1,1,1,-1.0377691906880393,0.6890948576647662,-0.9327106413960732,-1.159894268727806,1,5
4,1.3838400461402778,2,2,1,1.2415611427622655,-0.45098004422060023,-1.5920308706374267,0.9547549645101393,0,0
8,-0.0036305480547929366,2,2,0,-1.5332757849163667,-0.1829484468686203,0.3401955103036005,-0.7111307664912482,1,1
4,0.6901047490427424,4,0,0,-0.5422625964597122,1.5972956764578048,1.002631365154227,0.9803085804721274,0,3
5,-0.92861094418484,2,2,0,0.4487505919969422,-1.1013493090637851,0.3673514569720793,-0.22561206321347463,1,4
8,0.9213498480752542,2,1,0,1.4397637804535965,1.4498006326091235,-0.5609126520228207,1.6811077469913074,0,3
5,-1.6223462412823755,3,2,0,1.2415611427622655,-0.20403889194036012,0.49286116515798073,1.2631486037226256,0,0
9,0.45885965001023066,5,2,1,1.3406624616079306,1.3373757887488016,-1.030333577153296,0.6813662786702395,0,4
2,-0.2348756470873047,4,0,0,-1.5332757849163667,-0.8428791737165056,-0.08391421769448376,1.14938250526172,0,0
0,-0.6973658451523282,3,3,0,1.1424598239166004,1.4846464661605496,-1.2475811505011265,0.25045530265370064,1,0
8,-0.6973658451523282,5,1,0,0.9442571862252694,1.5738580132766078,0.8785833084887252,0.4394820508656673,1,5
2,-1.6223462412823755,4,1,1,1.4397637804535965,0.3294527182172093,-1.1802297870216556,1.1812370128307734,0,5
7,1.3838400461402778,2,3,1,-0.6413639153053777,-1.282809979672846,1.1187557319986146,-0.680676457057098,1,5
7,0.45885965001023066,2,1,1,1.4397637804535965,0.4587568217175978,-1.194961695766737,-0.2826701372107905,1,4
9,0.6901047490427424,1,1,0,-0.3440599587683815,0.6254956022724901,1.1624514195558269,-1.2712100204526309,1,2
0,-0.4661207461198165,1,2,0,0.4487505919969422,-0.414718976220825,0.7491117553922667,0.9425032308297341,0,1
1,1.3838400461402778,2,0,0,-0.24495863992271602,0.53666375220355,1.5110553071711577,-0.5928140240919061,1,1
1,0.22761455097771885,5,3,1,-0.24495863992271602,-0.07596017436476171,-1.5082551598103064,1.1738859726225304,0,0
9,0.22761455097771885,0,0,0,0.15144663545994566,-0.529594591930727,-0.29300731413903175,-0.09329333946509798,1,1
8,-0.0036305480547929366,0,3,1,-0.5422625964597122,0.6158823633977283,-1.4220561846204183,-0.30822375317277856,1,1
6,-0.6973658451523282,5,1,0,1.0433585050709344,0.6778592768614089,-1.7135787339127708,0.8651422838763181,0,3
1,-1.6223462412823755,2,2,0,0.4487505919969422,0.18761861216192458,1.3068087394521455,-1.4105297348755248,1,1
0,0.22761455097771885,4,3,1,0.6469532296882728,-0.9274825793970854,-1.5617977628733695,-1.3489210169397727,1,0
7,-1.6223462412823755,3,3,0,-0.9386678718423742,1.1478724443235124,-0.09537664277551307,0.9596556579823015,0,3
1,-0.0036305480547929366,5,0,0,1.6379664181449276,-0.19839521310365069,0.8552738131897194,1.3975676246733575,0,2
3,-0.6973658451523282,5,3,0,0.5478519108426073,-0.3015865151363286,-0.32077869302662626,0.9754078869999653,0,5
9,-1.159856043217352,2,2,0,-1.0377691906880393,1.36840739287236,0.6356414399928155,0.5350455735728282,1,2
0,0.6901047490427424,2,3,1,0.8451558673796035,-0.10889026372391031,-0.2619664515873853,-1.63946212993224,1,0
5,-0.2348756470873047,3,1,0,-1.1368705095337048,-0.2980656879721429,1.3032700041922305,0.48848898558728826,1,1
6,-0.2348756470873047,4,2,0,-1.5332757849163667,-1.7257438440927568,-0.323509673498952,-0.04883704868191323,1,3
8,0.22761455097771885,1,2,0,0.05234531661428013,1.6342816206384418,1.6566434915057078,-1.598506334486314,1,1
1,-0.2348756470873047,3,1,0,0.15144663545994566,-0.4406591881216637,0.13141012996861035,-0.25676647171507655,1,3
5,1.1525949471077659,0,1,0,-1.0377691906880393,1.2677186395593238,-0.8291641705298622,-0.6995791318782947,1,0
6,0.6901047490427424,5,1,0,-0.5422625964597122,-0.24979238611808702,0.32646367891458217,0.2956116925043371,1,5
8,1.3838400461402778,0,2,1,1.5388650992992616,-0.754668646088304,-0.6840760248733436,-1.6118082167678967,1,3
6,-1.159856043217352,4,0,0,-0.7404652341510432,-1.3764398197008236,-1.5226024234184403,0.29841208877414405,1,0
6,0.6901047490427424,2,2,1,-1.2359718283793704,-0.0022299113971082363,-1.1398035831284954,0.3299165468094718,1,0
3,1.1525949471077659,0,3,0,1.7370677369905927,1.6786198803678196,-0.546950033551634,0.9974610076246948,0,4
6,1.6150851451727894,0,2,0,-0.6413639153053777,1.1537404895971555,1.7028009079393829,0.5770515176199319,1,5
8,1.3838400461402778,4,1,1,0.6469532296882728,-0.3532253135443855,-0.629610273481607,1.6741067563167902,0,1
6,1.1525949471077659,0,1,1,-0.9386678718423742,0.5164189960094823,1.2403420597876536,-0.737384481520688,1,0
4,-1.6223462412823755,0,3,1,0.15144663545994566,1.320686377632294,-0.8155861971956228,0.11813657890532397,1,0
5,-0.0036305480547929366,2,0,1,-0.3440599587683815,-1.071439537124894,-0.2085392420654064,0.6866170216761274,0,1
3,0.9213498480752542,2,1,0,1.6379664181449276,1.0127520724195427,0.19956924823567052,-1.2351549184788668,1,1
6,-1.159856043217352,4,3,0,-0.24495863992271602,0.45404512654199636,-1.0292181062561487,1.2008397867194218,0,1
8,0.9213498480752542,3,0,1,0.25054795430561116,-1.5461989176759734,1.2208790158581204,0.10273439942138596,1,2
8,-0.0036305480547929366,4,1,0,1.5388650992992616,0.8131867562456249,-1.314432475302566,-1.2026003118423616,1,2
10,-0.0036305480547929366,3,0,0,1.7370677369905927,-0.46765219638042077,0.8278870794390721,-1.0216247029060896,1,2
3,1.1525949471077659,4,2,0,-1.335073147225036,1.4638839412658662,0.27569052083753964,0.12513756957984126,1,2
10,-0.6973658451523282,1,2,1,1.1424598239166004,0.08598061623109328,1.3512352527695577,0.6001547868458389,1,5
7,1.1525949471077659,0,3,1,-0.44316127761404706,1.3199960193648066,1.5285951254159542,-0.4895494116427762,1,0
8,0.9213498480752542,2,1,0,0.3496492731512767,0.6720430084578276,0.3819295076623817,-1.2215029866635583,1,0
3,1.1525949471077659,5,1,0,-0.44316127761404706,0.6228722408560381,-1.6292645198939244,0.8406388165155076,0,5
8,-1.6223462412823755,1,3,0,-0.3440599587683815,-1.6692897967689753,-0.6803449670449548,-1.4458847377818371,1,2
5,1.1525949471077659,1,2,0,-1.1368705095337048,0.8672418085898876,0.7384955496125215,-1.3807755245088265,1,0
9,0.45885965001023066,2,1,1,0.25054795430561116,0.7438402682765164,-0.6964231337693517,-0.8010934966587954,1,3
9,-0.2348756470873047,2,3,0,0.15144663545994566,-0.5895176895486326,-1.5512200216073189,-0.5284049098863471,1,2
0,0.9213498480752542,0,0,1,-1.0377691906880393,0.6268935777641521,1.6835686510920183,0.3379676860851667,1,4
9,0.45885965001023066,3,0,1,0.15144663545994566,1.2553784855279866,0.6344875045819737,-0.0036806588312767487,1,0
3,-0.6973658451523282,4,3,0,1.6379664181449276,0.11104062134088562,-0.5396417759496355,-0.8760040968761302,1,1
10,-0.0036305480547929366,2,3,1,0.7460545485339384,-1.3084222713966283,1.640988434431953,0.11183568729825842,1,3
8,0.22761455097771885,0,2,0,-0.04675600223138495,1.3863221899136577,-1.6063781342455605,0.03972548335073041,1,2
9,0.6901047490427424,4,3,1,1.4397637804535965,-1.5426608315551005,-0.6149168292502205,-1.093034807786166,1,1
9,1.3838400461402778,2,0,1,0.25054795430561116,0.080164347827512,1.2717291029625526,1.1010756696075505,0,5
4,-0.2348756470873047,3,1,0,-1.2359718283793704,-0.8232384810064892,1.7215715906224107,0.06562914884644436,1,0
5,1.3838400461402778,1,0,1,0.15144663545994566,-1.4229354490160995,0.3695823987663736,-0.03553516640033039,1,0
7,1.1525949471077659,3,1,0,-1.1368705095337048,0.5724760873294584,-1.1493043180110933,1.1070265116808902,0,0
6,1.6150851451727894,1,1,1,0.9442571862252694,-0.6946419947302752,-1.2704675361494904,1.0541690320882848,0,3
8,-0.2348756470873047,1,0,1,1.6379664181449276,0.29030940445067416,-0.7112704360555172,-1.0573297553461278,1,1
7,-1.6223462412823755,0,0,0,-0.44316127761404706,1.3809546543839433,1.0494042138070176,-1.4164805769488644,1,0
3,1.6150851451727894,4,1,0,-0.24495863992271602,0.5652273255208409,1.4835531798794264,0.6411105822917651,1,3
9,-0.92861094418484,1,2,0,-0.24495863992271602,1.6204399373753196,-0.23281035020678054,0.9603557570497532,0,2
2,-1.3911011422498636,4,3,1,-0.7404652341510432,1.094680339813609,0.96882105761656,-0.02748402712463551,1,0
3,-1.3911011422498636,1,2,1,1.0433585050709344,-1.4243506834644486,-0.4136704935993973,-1.423131518089656,1,0
9,-1.3911011422498636,1,1,1,0.4487505919969422,1.1815964456902717,-0.7235790804378305,-0.11394626195492397,1,0
5,-0.92861094418484,0,3,1,-1.5332757849163667,0.11416449250126606,0.5227096277850906,-0.6481218504205927,1,3
6,1.3838400461402778,0,0,0,1.1424598239166004,-0.9859559246532675,1.503900907623938,1.6779573011877746,0,0
5,-1.6223462412823755,2,0,1,-1.0377691906880393,-0.7533914832934523,-1.5105245661182953,-1.729424860099787,1,0
6,1.6150851451727894,2,3,0,1.6379664181449276,-0.9970706927598145,-0.2823911083592865,0.13703925372652065,1,3
6,-0.92861094418484,4,3,1,-0.44316127761404706,0.9576442237173617,-0.8998234821870797,1.2869519720159843,0,2
10,-1.3911011422498636,4,0,1,0.4487505919969422,0.960284844090501,0.33788763948191675,-0.009981550438342304,1,0
3,-0.6973658451523282,2,1,0,-1.4341744660707012,-0.5113173567989984,-1.1743062519126675,1.4724782248906925,0,1
8,-1.159856043217352,2,3,1,-0.5422625964597122,0.7720241445466891,-0.9080164236040571,-0.20705943792600384,1,5
9,1.6150851451727894,0,0,0,1.0433585050709344,0.8649118494371177,-1.6130709596284436,1.1329301771766043,0,3
8,0.9213498480752542,1,0,0,-0.04675600223138495,0.6304661817983994,-0.6610742456838955,1.4707279772220632,0,0
9,-0.0036305480547929366,2,0,1,1.4397637804535965,0.11627008521710261,1.266959503264406,-0.3089238522402303,1,4
8,-0.92861094418484,0,3,1,0.25054795430561116,1.7140352594899229,-0.3175861383899637,-0.45664475547254496,1,1
6,-1.6223462412823755,5,2,0,1.5388650992992616,-0.24703095304813746,-1.2876996382847292,-1.0401773281935605,1,4
4,-1.6223462412823755,5,3,0,1.6379664181449276,-0.6151817581424764,-0.2884685015230537,-1.0139236131641207,1,5
9,0.9213498480752542,5,3,0,-0.1458573210770505,1.2811978847320151,0.042364780765312235,0.6229080065380201,1,1
9,0.45885965001023066,2,1,0,0.25054795430561116,0.6398895721496023,-0.6344183376934482,0.8014332687382109,0,0
8,-1.159856043217352,2,1,1,1.1424598239166004,-1.1591840729225413,-0.5473346786885813,0.9992112552933241,0,0
10,1.6150851451727894,4,0,0,-0.9386678718423742,-1.224785367290531,0.6405264332320462,-1.4143802797465093,1,0
3,0.22761455097771885,3,1,1,1.2415611427622655,-0.8974865126747582,-1.2245793713116784,1.3639628694356745,0,4
4,-0.2348756470873047,1,0,1,0.3496492731512767,1.6165739310773901,-0.36439745155644915,0.006820827180499176,1,5
1,-1.3911011422498636,5,3,0,0.7460545485339384,-0.06619160487981511,-0.7453499951890472,0.3194150607976959,1,0
1,1.6150851451727894,3,0,1,-1.4341744660707012,1.2873938501827145,-0.5147552355891456,-1.5922054428792483,1,4
3,1.1525949471077659,0,0,1,0.9442571862252694,-1.4547264472338939,-0.20415428750420728,0.7643280181632692,0,3
5,0.22761455097771885,0,2,1,-0.6413639153053777,-0.4610074980558546,1.298769656089947,-0.30157281203198716,1,4
9,0.45885965001023066,1,3,0,1.0433585050709344,-0.2969438557874759,-0.9814836447609899,1.499432038987584,0,1
1,-1.3911011422498636,3,3,0,0.05234531661428013,0.6457058405531836,0.8211557895424946,-0.3453290037477202,1,5
10,-1.159856043217352,5,2,0,-0.7404652341510432,1.2491997790339746,1.6142555974141162,1.452875451002044,0,5
6,0.6901047490427424,5,0,0,1.5388650992992616,0.059936850590131416,-0.2916610561597162,-0.40448737494739123,1,1
1,1.1525949471077659,2,3,0,0.9442571862252694,-0.06872867151283127,1.321656041738311,-0.3796338580528549,1,3
5,0.45885965001023066,2,0,0,1.6379664181449276,-1.0898203259967456,1.6589513623273915,-1.0611803002171123,1,2
5,1.3838400461402778,2,1,1,-0.44316127761404706,0.5885786939186018,0.5140166476900818,1.388816386330211,0,3
7,-1.3911011422498636,1,3,0,0.5478519108426073,0.7416483807772438,-0.9197481002809494,-0.004030708365002612,1,5
2,-1.159856043217352,2,3,0,0.3496492731512767,1.1250561035830542,-0.539987956572888,0.3239657047361321,1,5
9,-0.4661207461198165,1,0,1,0.6469532296882728,0.8387127531859712,0.3134626732857637,-0.6897777449339705,1,3
7,0.22761455097771885,0,3,1,-1.632377103762032,1.2359966771682782,0.5892917009906669,-0.6236183830597822,1,1
7,0.22761455097771885,4,0,0,-0.7404652341510432,0.9827387467405284,1.1121013711294263,-1.492441325767377,1,2
6,-0.2348756470873047,2,2,1,1.4397637804535965,1.5233237880965307,-0.12068629278664489,0.14404024440103794,1,1
3,0.9213498480752542,1,3,1,-0.24495863992271602,-1.3115979194270704,1.359889768350872,1.3384092534736864,0,4
7,-1.159856043217352,5,3,1,1.6379664181449276,-0.24080046968406374,1.664413323272043,1.3688635629078367,0,2
9,-0.92861094418484,4,0,0,-1.0377691906880393,-0.32780287034416233,-0.15041936187267058,0.8868453549673216,0,3
9,-0.4661207461198165,0,3,1,1.7370677369905927,0.11064366533708037,-1.6533817699805198,1.0485682395486708,0,0
0,0.6901047490427424,1,1,0,0.6469532296882728,-1.5456121131486091,-0.8812066575588309,-0.6712251196464997,1,2
8,-0.6973658451523282,0,3,1,0.9442571862252694,0.5920132262993516,0.38962241040132756,-1.196299420235296,1,5
1,-1.3911011422498636,1,0,0,-0.3440599587683815,0.19000034818475608,0.15648899289757381,-1.296763636414619,1,5
8,1.1525949471077659,5,0,1,1.4397637804535965,-0.086073922983452,-1.3892074899251194,1.5207850605448616,0,5
4,-0.4661207461198165,2,2,0,0.15144663545994566,-1.1477759025523122,-0.18276801788993782,0.5129924529480988,1,1
2,-1.159856043217352,4,3,1,0.6469532296882728,0.195782098674963,-0.11233949331488864,0.23540317270348848,1,1
8,1.3838400461402778,3,3,1,-1.4341744660707012,-1.5265754839226442,-1.0092550236485844,1.243895879367703,0,5
0,-0.0036305480547929366,2,3,1,0.4487505919969422,-1.1969121522407273,1.173798451095772,-1.1553436247893698,1,3
10,-1.3911011422498636,3,1,0,1.3406624616079306,-1.0119306544674807,0.30250028688276587,0.8028334668731143,0,3
4,-1.6223462412823755,5,1,0,-1.1368705095337048,1.0154789875761179,0.6241405503980916,0.6936180123506447,0,3
4,0.22761455097771885,0,1,0,0.8451558673796035,1.100185946996821,-1.2546201565072619,-0.5588592193204973,1,3
5,1.3838400461402778,4,1,1,-1.632377103762032,-0.7079659092927819,0.5314410723937941,-0.7335339366497036,1,3
6,0.9213498480752542,4,1,0,1.4397637804535965,1.096751414616071,0.6965692296852667,-1.5519497465007739,1,3
8,-1.159856043217352,1,0,1,1.6379664181449276,-1.5168069144376977,-0.9479041243054913,-0.41568896002661887,1,1
4,0.6901047490427424,2,3,1,-0.5422625964597122,-1.1896288725187354,1.1452577819342828,0.6253583532741012,1,1
9,-1.6223462412823755,1,0,1,-1.335073147225036,-0.6730855578279814,1.5727908516511981,-1.0587299534810313,1,0
10,-0.2348756470873047,0,2,0,0.5478519108426073,0.6090132986362287,1.368236567822628,-0.027834076658361375,1,0
9,1.1525949471077659,3,2,0,-1.632377103762032,1.3001827370879184,0.8153476479745905,-1.2047006090447168,1,2
4,1.6150851451727894,5,0,1,-0.04675600223138495,-1.5451633802747422,1.411009107051167,0.44578294247273287,1,2
7,0.45885965001023066,4,1,1,-0.7404652341510432,-1.6805944133990813,1.1251023767582449,0.43108086205624657,1,5
4,-0.6973658451523282,5,0,0,-0.04675600223138495,1.6063048518485152,-1.5502968732786455,-1.5925554924129741,1,3
7,-0.6973658451523282,1,1,1,-1.632377103762032,0.14291791434211595,-0.6696902967515149,1.5060829801283755,0,5
2,1.3838400461402778,3,1,1,-1.5332757849163667,1.656442121024787,-1.6987698961403002,1.0580195769592693,0,0
10,-1.6223462412823755,0,3,0,-1.632377103762032,-0.9092571211354182,0.3634665410889117,0.6166071149309545,1,4
7,1.6150851451727894,1,0,1,0.4487505919969422,0.19638616215901444,-1.0660286458620047,-0.662823930837079,1,4
2,1.6150851451727894,3,0,1,0.25054795430561116,-0.8424476997993259,-0.877360206189358,0.7121706376381155,0,1
0,0.22761455097771885,3,3,1,-0.9386678718423742,-1.4504117080620977,0.29838458391742984,1.1924385979100012,0,1
9,-0.2348756470873047,3,1,1,0.5478519108426073,-0.6362722032142163,0.019209143521085253,-1.466887709805389,1,0
0,-0.0036305480547929366,2,1,0,1.3406624616079306,-0.40997276313184916,-0.31400893861635387,0.43703170412958625,1,5
4,0.22761455097771885,5,3,0,-0.7404652341510432,1.2903969086462845,-1.008293410806216,0.540646366112442,1,2
9,-0.4661207461198165,1,1,0,1.1424598239166004,1.059195924864757,-1.1823837997885605,1.630700614134783,0,3
9,0.9213498480752542,3,1,1,0.5478519108426073,-1.578007174850455,-1.6679982851845168,0.33271694307927874,1,1
10,-0.6973658451523282,0,3,0,-1.632377103762032,0.7994313677659386,0.019555324144337815,1.489280602509534,0,4
4,-0.4661207461198165,5,1,0,-0.44316127761404706,0.6578734050176489,1.6934155665978687,-1.680767974911892,1,1
6,0.6901047490427424,0,1,0,0.05234531661428013,-1.6519272863416674,0.560712567315483,-0.13354903584357236,1,3
2,-1.3911011422498636,5,3,1,0.8451558673796035,0.0032929547427909002,-1.3892074899251194,-0.48359856956943653,1,3
2,-0.92861094418484,3,1,1,-0.7404652341510432,-1.110582850891429,0.38658371381944395,-0.05338769262034946,1,1
7,-1.159856043217352,5,0,0,1.6379664181449276,0.357256897440264,-1.0622591235199212,0.8920960979732097,0,4
10,1.1525949471077659,4,0,0,0.6469532296882728,0.18622063667026262,1.590138347327521,-1.675517231906004,1,1
3,-0.2348756470873047,5,0,0,-0.44316127761404706,-1.2889023913834223,-1.1020314306802712,0.5024909669363229,1,0
0,0.22761455097771885,2,1,1,-1.4341744660707012,0.5560110426498841,0.5052852030813783,0.08103132833038237,1,1
8,-0.6973658451523282,1,1,0,-1.1368705095337048,-0.20300335453912902,0.7305718597914073,-0.2287625090170074,1,5
1,-0.4661207461198165,3,3,0,-0.04675600223138495,1.6472603560672048,-0.2634665676214797,0.4842883911825779,1,4
10,0.45885965001023066,4,3,0,-0.04675600223138495,-1.1665881653413437,-0.1448035428732401,1.4133198536910214,0,2
9,1.3838400461402778,3,3,0,0.9442571862252694,-0.4182225444283235,-0.6134551777298208,0.19514747632501409,1,2
9,0.9213498480752542,0,2,0,0.7460545485339384,0.4531821787076371,0.5610972124524304,-0.38663484872737214,1,0
4,0.9213498480752542,3,0,1,-1.0377691906880393,-1.1571129981200792,0.8469270137179631,-1.2106514511180564,1,1
7,-1.3911011422498636,5,3,1,0.3496492731512767,-0.8470213233214299,-0.4850990955305094,0.9656065000556411,0,5
4,-1.159856043217352,1,3,0,-1.632377103762032,1.1540166329041504,-0.07218254101759135,0.6617635047815911,1,0
7,-1.159856043217352,2,0,1,-0.3440599587683815,1.034256732451775,-0.5199479449379341,-0.2742689484013697,1,4
1,0.9213498480752542,0,2,1,0.9442571862252694,-1.0066148958078278,-1.085607083332622,0.08103132833038237,1,5
7,0.9213498480752542,5,1,0,-0.3440599587683815,0.6617911881856398,0.08790676497987163,1.038416803070621,0,1
3,1.6150851451727894,3,2,0,1.1424598239166004,1.559395007572747,0.04809599330582689,-0.3666820253049979,1,0
9,0.22761455097771885,5,3,0,1.6379664181449276,-0.03239856768630727,0.3398493296803479,1.347510541350559,0,1
9,1.6150851451727894,4,2,0,0.3496492731512767,1.6943773078232192,-0.26550518684730035,0.9141492185979391,0,3
10,-0.2348756470873047,5,2,0,-1.2359718283793704,0.2851317174445187,1.6004853015114031,-0.647421751353141,1,0
9,-0.0036305480547929366,5,1,1,-0.44316127761404706,1.497487129935815,-0.7636975682214331,-1.0923347087187143,1,3
4,0.6901047490427424,0,3,0,-1.7314784226076976,1.6433943497692753,-1.3795913615014372,1.197689340915889,0,2
7,0.45885965001023066,4,3,0,0.3496492731512767,1.6422207407145468,0.04224938722422805,-0.3673821243724496,1,0
5,0.6901047490427424,5,2,1,1.1424598239166004,1.3334234876674362,1.066713244969646,0.7632778695620916,0,1
5,0.22761455097771885,5,3,1,0.4487505919969422,1.7026443480763809,1.0559816456488165,1.2733000402006758,0,0
5,-0.4661207461198165,4,1,1,1.0433585050709344,-0.8977108791116917,-1.6181867399498424,1.2480964737724136,0,3
2,-0.92861094418484,4,1,1,1.0433585050709344,0.7799805235794813,1.625487235412977,1.043317496542783,0,3
8,0.9213498480752542,1,2,1,1.2415611427622655,0.9816169145558613,-1.7133864113442974,0.7576770770224778,0,3
6,-1.6223462412823755,5,2,0,-0.8395665529967087,-0.8585848243018437,0.7868069788131014,-1.2558078409686928,1,1
3,-0.0036305480547929366,4,3,0,1.2415611427622655,-1.1501576385751437,-1.310162914282451,0.648811672033734,1,3
10,-0.2348756470873047,1,1,1,0.5478519108426073,0.7923551955241929,1.1321798472780749,-1.6951200057946525,1,3
8,-1.3911011422498636,3,0,1,-0.7404652341510432,1.4933622392875778,0.05878912811296161,-0.734934134784607,1,3
9,-0.0036305480547929366,5,1,0,1.7370677369905927,0.6883527225272172,-1.3515507310179795,-1.5046930594477823,1,5
1,0.9213498480752542,4,0,0,1.5388650992992616,-1.4436289380840341,-1.476637329553239,-1.5316468735446738,1,5
5,-0.6973658451523282,1,0,0,0.25054795430561116,0.3185105396775341,0.7566892645901284,0.517543096886535,1,4
1,-0.2348756470873047,5,1,0,1.2415611427622655,0.3798833896571633,-0.28166028259908665,-0.22771236041582982,1,5
3,-0.92861094418484,5,2,1,-0.8395665529967087,1.4989368822975386,1.4557048719644423,0.2966618411055147,1,0
6,-0.6973658451523282,1,1,0,-0.24495863992271602,0.5080656609728847,-0.4141705322774288,-0.15805250320438285,1,4
4,-0.0036305480547929366,4,1,1,-1.1368705095337048,-0.3569187302754431,-0.3628973355223547,-0.8991073661020372,1,3
3,-1.6223462412823755,1,1,1,0.05234531661428013,-1.2718160242631094,0.053288702654615334,0.916949614867746,0,1
7,-1.6223462412823755,5,1,0,-0.04675600223138495,0.7423905159147928,-0.12610978921760171,-0.889656028691439,1,5
10,1.6150851451727894,5,2,0,-1.0377691906880393,-0.3065916125756122,-1.7190791593711172,1.0282653665925707,0,2
10,-0.92861094418484,5,2,0,0.6469532296882728,1.3321118069592104,1.6962619406112789,-1.5575505390403879,1,5
9,-1.159856043217352,2,1,1,-1.335073147225036,-1.574089391682464,-0.5017157654466324,-0.2434645894334937,1,4
6,1.1525949471077659,4,1,1,-1.5332757849163667,1.6176094684786213,0.8380417110544807,1.0527688339533814,0,0
1,0.45885965001023066,2,2,1,-0.44316127761404706,-1.4629071927036195,-1.11072441077528,-1.2981638345495223,1,4
1,0.9213498480752542,1,3,1,-0.3440599587683815,-0.9869914620544986,1.1153708547934782,1.3842657423917746,0,3
2,-1.3911011422498636,3,3,1,-0.6413639153053777,1.200581298046175,-1.6141864305255906,-0.7881416639109383,1,3
6,0.9213498480752542,5,1,1,-0.8395665529967087,1.424723368542644,-0.09791530067936519,-0.9344623690083496,1,0
8,-1.159856043217352,2,1,0,-0.5422625964597122,-0.43266829117549715,1.4629362005390514,-0.0197829373826665,1,5
4,0.6901047490427424,2,0,0,-1.1368705095337048,-1.3692773526756419,-0.06529739306623482,-0.6687747729104186,1,1
2,1.6150851451727894,5,1,1,-0.3440599587683815,1.1161849998458413,-1.3466272732650542,-1.4721384528112769,1,3
2,1.6150851451727894,3,2,0,1.4397637804535965,0.1791962412985784,0.9860916242654933,-1.2334046708102375,1,0
0,0.6901047490427424,4,3,0,-0.9386678718423742,-1.009635213228085,-0.5851068311368054,0.6152069167960511,1,3
0,1.3838400461402778,3,3,0,0.6469532296882728,-0.9131231274333477,1.0923690756040303,0.9239506055422633,0,2
4,0.6901047490427424,2,1,1,-1.2359718283793704,0.21059028351256753,0.24965004506620794,-1.4168306264825903,1,5
9,-1.6223462412823755,1,2,1,-0.5422625964597122,-1.3606651332887367,-0.0791061534826426,-1.6139085139702518,1,3
2,-1.6223462412823755,4,1,0,-0.6413639153053777,-1.2208330662091655,1.310885977903787,0.18289574264460884,1,2
2,-0.4661207461198165,1,1,0,1.5388650992992616,-1.0433592145948443,1.718263642444664,1.648903189888528,0,0
9,-0.6973658451523282,5,3,1,-0.24495863992271602,0.03591238288157018,0.4171245376930589,0.8780941166241751,0,4
4,-0.0036305480547929366,3,3,0,0.6469532296882728,-1.6225870599734533,-0.28435279855771767,-0.678226110321017,1,0
4,-1.3911011422498636,0,1,1,0.3496492731512767,0.4077738636636539,1.1437576659001885,-1.4350332022363352,1,0
3,-0.92861094418484,5,1,0,-1.2359718283793704,0.6927192385690749,-0.9890611539588515,0.1765948510375433,1,5
9,-0.0036305480547929366,5,2,1,1.5388650992992616,0.5253763945301312,1.6356418670283857,-1.4581364714622425,1,1
4,0.9213498480752542,2,2,1,-0.5422625964597122,0.7594078472083571,-0.9558278141266054,-0.36213138136656164,1,1
10,-0.4661207461198165,1,2,1,-1.5332757849163667,0.4772584232862599,0.02570964633549449,-1.3219672028428813,1,2
1,-1.6223462412823755,5,3,0,-0.6413639153053777,-0.8649188614060405,-1.4411345834130038,-0.384534551525017,1,1
10,1.6150851451727894,4,1,1,-0.5422625964597122,0.2819560694140767,1.1400266080717998,1.2347945914908307,0,0
6,-0.92861094418484,0,2,0,-1.4341744660707012,0.876613422071029,0.18245253964151603,1.2064405792590356,0,4
1,-1.6223462412823755,1,1,1,0.4487505919969422,-1.3295472343817425,1.396507985388254,0.7555767798201226,0,2
9,1.1525949471077659,3,1,1,-0.5422625964597122,0.17029061964799103,1.4171634292423236,-1.453935877057532,1,0
6,-1.3911011422498636,2,1,0,0.4487505919969422,-0.5541195693832166,-1.3920923284522242,1.4955814941165995,0,4
2,-0.6973658451523282,1,2,1,-1.7314784226076976,-0.754858494611863,-1.654189524768109,1.5127339212691668,0,0
6,1.3838400461402778,0,0,0,1.6379664181449276,1.0897097602876997,0.3567737157060288,0.4604850228892191,1,1
6,-0.0036305480547929366,5,3,1,-1.1368705095337048,-0.20431503524735506,0.4385877363347178,-0.8105448340693937,1,5
7,-0.0036305480547929366,0,0,0,0.5478519108426073,0.6821049802064563,-1.130879815951318,0.020122709462082014,1,3
10,0.6901047490427424,0,0,0,0.7460545485339384,0.26497325603388683,0.8786602375161148,1.659054626366578,0,4
4,-1.159856043217352,3,0,1,-1.1368705095337048,-0.45293030632625214,0.8248483828571885,-0.008581352303438847,1,3
0,0.6901047490427424,0,0,0,-1.335073147225036,0.5649857001272203,0.7508041939948348,0.7093702413683085,0,4
1,1.1525949471077659,5,2,1,-1.2359718283793704,-0.9912199064428588,1.583330128403554,0.6890673684122084,0,5
8,-0.92861094418484,0,0,0,-0.8395665529967087,-0.9282937503613831,1.3282334735801098,1.677257202120323,0,5
7,0.45885965001023066,5,1,1,-1.1368705095337048,0.7983095355812716,0.7298410340312074,-0.3862847991936463,1,5
4,0.6901047490427424,2,2,1,0.6469532296882728,0.5508506146004158,-0.7678902002141585,-0.2620172147209645,1,0
4,1.3838400461402778,0,3,0,-0.24495863992271602,1.311728979111645,-1.5297183584519654,0.571800774614044,1,3
9,-0.4661207461198165,5,3,1,0.15144663545994566,1.5246872456748184,1.2491504334237464,-0.288971028817856,1,0
5,0.6901047490427424,5,2,0,-1.5332757849163667,-0.5065711437100225,-0.30246958450793515,0.34006798328752186,1,1
2,0.6901047490427424,4,2,0,1.2415611427622655,-1.545335969841614,0.4752828823994895,1.1122772546867783,0,1
9,0.45885965001023066,5,3,0,-1.1368705095337048,0.7293945215293427,0.2648819924893207,1.120328393962473,0,0
0,-1.159856043217352,1,3,0,-0.44316127761404706,1.4077750730758285,0.3016156030677871,0.19934807072972446,1,5
0,-1.3911011422498636,2,1,0,-1.4341744660707012,1.2623338450729222,0.31996317610017294,-1.588004848474538,1,5
9,-0.4661207461198165,5,0,0,-1.2359718283793704,-1.1199372054158832,-1.330472177513268,-0.7079803206877154,1,2
10,0.6901047490427424,5,2,1,0.5478519108426073,-1.1729912382722891,1.3566587492005147,0.3600208067098961,1,4
6,1.1525949471077659,4,1,1,0.6469532296882728,1.4689408155752115,-1.245811782871169,-0.1682039396824329,1,1
1,1.6150851451727894,5,2,1,0.6469532296882728,0.8250264005330337,0.34773455498776745,-0.44929371526430184,1,5
0,-0.6973658451523282,2,1,1,0.15144663545994566,-0.9295018773294861,0.4085469511391343,-0.758037404010514,1,1
9,1.3838400461402778,4,3,1,1.5388650992992616,0.8570417651877614,-0.39793850749825305,-1.7206736217566405,1,4
2,0.45885965001023066,4,1,0,0.05234531661428013,0.8341391296638673,0.7858069014570384,1.5830938775480654,0,4
1,-0.6973658451523282,1,3,0,-0.1458573210770505,-1.5616284249543166,0.8869301079604816,-0.5109024332000539,1,2
4,0.45885965001023066,2,1,1,-0.8395665529967087,-0.8585675653451565,-1.193269257164169,-1.1332905041646404,1,5
3,1.1525949471077659,2,3,1,-1.4341744660707012,-1.4673945214422877,-1.6226101590247364,0.7870812378554504,0,3
7,-0.6973658451523282,2,0,0,0.15144663545994566,-1.1736815965397767,0.8172324091456322,-1.1098371854050075,1,1
5,0.45885965001023066,5,3,1,-0.6413639153053777,0.4620187645314757,-0.5009849396864325,-1.6177590588412365,1,0
7,0.9213498480752542,3,3,1,0.05234531661428013,-1.5172556473115644,-1.5984544444244464,-0.6162673428515391,1,4
1,-0.6973658451523282,1,3,0,-1.0377691906880393,0.04669923081106068,-0.06668211555924507,0.6838166254063205,0,0
5,-1.159856043217352,1,2,1,1.1424598239166004,0.9661701483208309,0.9327028792572093,0.5588489418661869,1,5
5,-0.2348756470873047,2,2,1,1.7370677369905927,1.072071106553397,-0.3158552352737009,0.7590772751573812,0,4
10,-0.4661207461198165,5,3,0,-0.6413639153053777,0.4878554226921914,-1.4686367107047353,1.1497325547954458,0,2
5,-0.92861094418484,5,1,1,1.1424598239166004,-0.07442412721960226,0.3243865951750668,-0.0019304111626474276,1,4
2,-1.3911011422498636,0,3,0,1.3406624616079306,1.113837781736384,-0.6786525284423868,1.3069047954383588,0,5
9,0.9213498480752542,5,1,0,1.7370677369905927,-0.06934999395356993,-0.2470037557601356,-0.451394012466657,1,1
9,0.22761455097771885,1,0,1,-0.5422625964597122,1.02509222645088,-1.0721829680531614,-1.4322328059665284,1,5
2,-1.6223462412823755,5,0,0,0.8451558673796035,-1.5423156524213568,1.6399114280485005,-0.9943208392754723,1,0
4,1.1525949471077659,3,2,1,-0.9386678718423742,0.8094933395145674,-1.6407654094886486,-1.1798470921501802,1,0
5,1.1525949471077659,5,2,0,0.4487505919969422,-0.028239159124695733,0.04648048373064826,-0.051987494485446005,1,0
1,0.6901047490427424,0,1,0,0.7460545485339384,-0.7855449196016776,-1.6515354733231726,0.60260513358192,1,3
5,1.6150851451727894,1,0,1,0.8451558673796035,1.1237961997448898,1.6114861524280957,-0.32922672519633045,1,4
6,1.3838400461402778,1,1,1,-1.0377691906880393,-1.114224490752425,0.23014853662298024,0.7867311883217245,0,0
8,-0.92861094418484,1,0,0,1.2415611427622655,0.10006392488783608,0.17683672064208555,0.6260584523415529,1,2
5,-1.6223462412823755,3,0,0,-0.24495863992271602,-0.6295412101062142,1.5575204397143905,-0.07859125904861168,1,0
4,1.1525949471077659,4,3,0,-0.9386678718423742,0.6135351452882711,-0.17199795405541365,-0.7517365124034485,1,4
7,-0.4661207461198165,1,1,1,0.15144663545994566,0.12018786838509356,0.29269183589060993,1.5564901129848998,0,5
2,-0.92861094418484,5,3,1,1.2415611427622655,-0.13779901617494486,-0.06437424473756131,0.4790376481766899,1,4
2,-0.6973658451523282,4,3,0,1.6379664181449276,-0.9911163527027358,-1.1516891178601667,-1.5992064335537657,1,2
0,-0.6973658451523282,5,0,1,0.8451558673796035,-1.7247428246049001,1.4905921858855617,0.3309666954106494,1,1
0,0.22761455097771885,4,2,0,-1.7314784226076976,-0.22036586496643693,-0.8013158626148783,0.33201684401182696,1,1
4,-1.6223462412823755,3,1,1,-1.2359718283793704,1.415386272974877,-1.2798913420046991,0.4261801685840845,1,1
10,1.1525949471077659,0,1,0,-1.4341744660707012,1.602179961200278,-0.14703448466753438,1.5925452149586639,0,3
4,-1.3911011422498636,3,1,1,-1.335073147225036,-1.5300790521301428,0.6787986243583017,0.0789310311280272,1,3
6,1.1525949471077659,0,3,0,-0.44316127761404706,-0.15412598920102166,-0.291545662618632,-1.7070216899413317,1,4
4,-0.4661207461198165,4,0,1,-0.5422625964597122,0.016858494698918154,-0.2586585034096386,1.6730566077156126,0,5
9,-0.6973658451523282,3,2,1,-1.335073147225036,-1.538035431162935,1.4302028993848368,-0.29002117741903366,1,0
0,0.6901047490427424,4,1,1,1.3406624616079306,0.998392620455805,0.6396417494170674,1.3919668321337437,0,4
7,-0.2348756470873047,5,3,1,0.4487505919969422,-0.2870372146490318,-1.630495384332156,-1.5256960314713341,1,4
0,-1.159856043217352,3,0,1,1.0433585050709344,0.6507799738192159,1.634757183213407,1.1679351305491905,0,4
3,-1.159856043217352,0,2,0,-0.44316127761404706,0.17829877555084478,-0.5912996178416567,0.16154272108733114,1,0
0,0.45885965001023066,4,2,0,-0.3440599587683815,0.1052588708506787,0.42581751778806776,0.22805213249524534,1,1
3,-1.3911011422498636,3,0,0,-0.6413639153053777,1.3659566210227796,1.3743908900137847,-0.12549789656787746,1,4
7,1.1525949471077659,2,3,1,-0.24495863992271602,-0.14565184146761392,-1.0802220514153598,0.34496867675968396,1,3
7,-1.159856043217352,3,3,0,0.3496492731512767,-0.2678797727262567,-0.5693363805219663,-0.5084520864639729,1,1
6,0.45885965001023066,2,3,1,-0.04675600223138495,0.7235092172990126,0.8332336468426396,0.10378454802256355,1,2
8,-1.6223462412823755,2,1,0,1.1424598239166004,-0.9099129614895313,1.1884918953271586,0.35477006370400815,1,1
0,-0.6973658451523282,3,1,0,1.4397637804535965,-0.38969348902440704,1.4204329129063757,1.4150701013596507,0,1
5,1.3838400461402778,3,0,1,-0.1458573210770505,1.5961220674030763,-0.7821220702812084,1.4633769370138199,0,1
1,1.6150851451727894,0,2,0,-0.9386678718423742,0.515556048175123,0.6517580712309071,1.2151918176021823,0,2
5,0.9213498480752542,5,0,1,1.5388650992992616,0.9428360388797571,-0.04771911030774357,-1.059430052548483,1,4
0,-0.6973658451523282,3,0,1,0.8451558673796035,0.9751965826682286,0.46624372168122813,-0.3001726138970837,1,1
7,0.9213498480752542,1,2,0,0.4487505919969422,-1.3667920629126873,1.2569587297037765,-0.9194102390581375,1,5
5,0.6901047490427424,3,2,1,0.8451558673796035,-0.7568087567175149,-1.4784066971831966,-0.9572155887005307,1,2
1,-0.2348756470873047,1,2,0,-1.4341744660707012,0.5409439734619719,1.1478349043518297,1.6215993262579105,0,2
6,-0.92861094418484,5,1,0,-1.5332757849163667,1.1695324349659295,0.04609583859370097,0.5161428987516316,1,2
4,-1.159856043217352,0,1,1,-1.2359718283793704,0.9253699747123261,-0.9057470172960681,-0.384534551525017,1,2
3,-1.6223462412823755,4,2,1,-1.2359718283793704,1.1247281834059977,1.6497968080680459,0.4146285339711309,1,2
10,0.9213498480752542,2,0,0,-0.24495863992271602,1.3303859112904919,-1.5359880741842062,-0.37578331318187036,1,5
7,1.6150851451727894,4,0,0,-1.1368705095337048,0.09171058985123863,0.22303260158945534,-0.34182850841046153,1,0
9,-0.0036305480547929366,4,2,1,1.2415611427622655,-0.387449824655073,-0.3152398030545852,0.8528905501959129,0,3
7,1.1525949471077659,4,1,0,0.25054795430561116,-1.0661928142919896,-0.10010777795996476,1.0531188834871072,0,1
9,-1.159856043217352,4,3,0,-0.44316127761404706,1.1829253853551849,1.0251715701793382,-1.3331687879221088,1,1
8,1.1525949471077659,5,1,1,-1.5332757849163667,0.10522435293730434,0.5417495620639816,0.5945539943062251,1,4
10,1.6150851451727894,0,1,1,0.3496492731512767,0.42087341178922716,-1.686461251757987,1.2270935017488616,0,5
3,-1.3911011422498636,1,2,1,-1.335073147225036,1.3891699177670433,0.6616819157641473,0.9292013485481513,0,5
4,0.6901047490427424,4,3,0,0.8451558673796035,-1.4109577330751932,-0.20980857101733247,-0.4258403965046689,1,4
0,-0.92861094418484,4,0,1,1.0433585050709344,-0.9625010025153834,-0.5526812460921486,-0.12269750029807057,1,4
8,-1.159856043217352,5,2,0,0.15144663545994566,-0.05785552879990485,1.496092611343908,0.7821805443832883,0,2
1,1.1525949471077659,5,1,1,-1.2359718283793704,-1.5982001541744613,0.03332562004705087,1.2179922138719892,0,2
8,-1.6223462412823755,4,1,1,1.0433585050709344,1.2739146050100232,-0.16411272874799415,-0.3761333627155962,1,2
1,-1.159856043217352,1,3,0,-0.6413639153053777,0.4504380045943747,-0.09079936564584029,1.5680417475978534,0,5
1,0.9213498480752542,3,3,0,-0.9386678718423742,0.007003630430535633,0.7780370696907031,-0.44929371526430184,1,3
5,-1.3911011422498636,1,1,0,-0.1458573210770505,0.5525247333990728,-0.04344954928762863,0.8679426801461251,0,0
6,-0.0036305480547929366,2,1,0,1.4397637804535965,0.8760956533704135,1.3270026091418783,-1.6734169347036487,1,2
7,-0.4661207461198165,1,1,1,-0.7404652341510432,-0.7200989558438728,-1.1886919800344962,0.5661999820744301,1,3
2,0.22761455097771885,5,3,0,1.4397637804535965,-0.48901878475915556,-1.6249949588738095,0.8238364388966661,0,4
0,-0.0036305480547929366,3,2,0,-1.5332757849163667,0.5930660226572699,0.2484191806279766,0.47693735097433476,1,3
4,0.45885965001023066,1,3,0,-1.4341744660707012,-0.3441816202403007,1.6467196469724676,1.507483178263279,0,3
6,-1.159856043217352,3,0,1,0.6469532296882728,1.236152007778463,-0.465559122573587,0.5563985951301059,1,1
0,-0.6973658451523282,3,2,0,-1.0377691906880393,-1.1867466267519755,0.0020155058995412964,-1.5936056410141517,1,3
6,-0.2348756470873047,2,3,0,-0.6413639153053777,0.500713345424144,1.3902382696560132,-0.8672528585329836,1,2
10,-0.6973658451523282,1,1,1,-1.2359718283793704,0.6735963145596742,-0.05933539344355179,0.6894174179459343,0,1
7,-0.0036305480547929366,3,1,0,-0.5422625964597122,-0.09684351195625532,-0.18592210801290562,0.3544200141702823,1,0
6,0.9213498480752542,4,3,0,-0.7404652341510432,-0.985248307429093,0.4185477246997639,-0.13074863957376545,1,2
2,-0.6973658451523282,2,3,1,0.8451558673796035,-0.73421678241399,-0.32266345419766795,1.432572578045944,0,5
7,-1.6223462412823755,1,2,1,0.7460545485339384,-0.5585723802085103,1.696800443803005,0.48463844071630374,1,0
9,-0.6973658451523282,1,2,0,1.5388650992992616,-0.2754564547119308,-1.6661519885271698,0.22105114182072805,1,1
0,-0.92861094418484,4,3,0,0.7460545485339384,0.9251456082753927,-0.6941537274613627,0.9218503083399081,0,2
1,-0.4661207461198165,0,3,0,0.6469532296882728,-0.0641550479907273,1.6766835031406617,-0.5217539687455557,1,1
3,-1.159856043217352,2,2,1,0.6469532296882728,-1.1827425488005485,0.2688053728861831,-0.7230324506379276,1,4
9,1.6150851451727894,0,0,1,1.3406624616079306,-0.6445047255540034,-1.6323801455031977,-0.5788120427428716,1,5
9,0.6901047490427424,0,2,0,-0.7404652341510432,1.6083759266509774,0.1755673916901595,1.7196131957011525,0,2
5,-0.6973658451523282,4,0,1,-0.6413639153053777,1.503268880426022,-0.5407572468467826,-1.7035211946040731,1,1
8,-1.3911011422498636,5,2,0,0.8451558673796035,0.8869515371266528,-0.21434738363331052,-0.39538608707051875,1,3
5,0.6901047490427424,1,3,0,-0.9386678718423742,0.500333648377026,0.5341335883524252,-1.3923271591217798,1,1
2,-0.4661207461198165,2,2,1,1.4397637804535965,0.1920196461171567,-1.1964233472871366,0.2606067391317507,1,4
1,1.1525949471077659,3,1,0,0.15144663545994566,-0.027928497904326405,-0.18276801788993782,0.5760013690187543,1,2
0,1.6150851451727894,3,1,0,-0.6413639153053777,0.1786266957279013,-0.37370586387057364,-1.487540632295215,1,0
2,0.9213498480752542,1,3,1,0.9442571862252694,0.7725936901173662,-1.4220946491341129,1.3464603927493815,0,5
7,-0.4661207461198165,1,2,1,-0.6413639153053777,-0.3441643612836135,0.8328874662193869,1.1119272051530524,0,0
10,-0.6973658451523282,4,1,0,1.6379664181449276,-1.6944878735322653,-1.4652902980132938,0.9484540729030738,0,3
8,-0.4661207461198165,1,0,0,1.6379664181449276,1.7023509458126986,0.32061707283298335,-0.587913330619744,1,1
10,0.6901047490427424,2,1,0,0.5478519108426073,0.04338551112712119,-0.40378511357985186,0.1597924734187018,1,2
0,-0.2348756470873047,0,3,0,-1.335073147225036,-0.6659576087161742,-0.20350039077139687,0.986609472079193,0,2
7,0.9213498480752542,0,0,0,-0.8395665529967087,-0.40407019994483195,-0.6455730466649197,-1.098285550792054,1,0
1,-0.6973658451523282,5,0,0,0.05234531661428013,0.6342631522695801,0.381314075443266,-1.1105372844724593,1,0
4,-1.6223462412823755,4,3,0,1.2415611427622655,-0.6168903948545077,1.697954379213847,0.15139128460928108,1,3
8,-0.0036305480547929366,0,3,0,-1.1368705095337048,-0.9637781653102351,-0.17030551545284556,-1.520795337999172,1,1
7,-0.92861094418484,0,3,1,-1.335073147225036,-1.6168225684399335,0.6087162804065052,0.022573056198163063,1,4
10,0.22761455097771885,5,0,1,-1.4341744660707012,1.4300563861589841,-0.44244194984305474,-0.6831268037931791,1,3
3,1.3838400461402778,3,0,0,0.05234531661428013,-1.0407703710917664,1.5857533927663219,-0.9159097437208787,1,4
8,0.45885965001023066,2,0,1,1.3406624616079306,0.5248758847862027,0.4295870401301512,-0.5074019378627953,1,4
1,0.9213498480752542,5,3,1,-1.632377103762032,-1.0230454225740278,1.2761140575237517,0.42232962371309996,1,3
3,-0.4661207461198165,3,2,1,-1.0377691906880393,-1.6490968174449692,1.4350494281103727,0.029223997338954484,1,1
5,-1.6223462412823755,5,1,1,0.6469532296882728,-1.0267560982617725,0.8387725368146806,-0.8847553352192769,1,3
4,-1.159856043217352,4,1,1,1.1424598239166004,1.3589322256510954,-1.1061471336456072,0.44438274433782937,1,1
3,-1.159856043217352,1,3,1,1.0433585050709344,-0.6258305344184695,1.576483444965892,0.6229080065380201,1,5
8,0.45885965001023066,5,2,0,0.9442571862252694,-1.0198525155868985,-1.1488427438467568,-1.5705023717882447,1,1
4,0.9213498480752542,4,2,0,-1.2359718283793704,1.6898382022144895,1.0897919531864833,-0.24591493616957474,1,4
6,0.9213498480752542,4,0,1,-0.3440599587683815,0.12954222290954773,-0.6799987864217023,-1.299564032684426,1,0
10,-0.92861094418484,2,0,0,1.6379664181449276,1.1261606768110342,1.0391726531642198,-1.2652591783792912,1,4
9,-0.4661207461198165,1,0,0,1.7370677369905927,-0.41225094541455753,1.508439720239916,0.2672576802725421,1,4
4,1.6150851451727894,0,0,1,0.3496492731512767,-0.34242120665820786,0.7502272262894139,1.20013968765197,0,3
9,-0.2348756470873047,1,0,0,0.7460545485339384,-1.4263527224401622,-1.400900702088317,-0.2767192951374508,1,3
0,0.45885965001023066,0,2,0,1.5388650992992616,1.3773993093063832,-0.8473963500211639,0.5266443847634075,1,3
7,-0.92861094418484,5,1,0,-0.1458573210770505,0.28017839687529666,0.1724133015671917,0.18569613891441578,1,2
6,-0.4661207461198165,0,3,0,-1.2359718283793704,-0.15357370258703176,-0.12272491201246553,-1.4836900874242305,1,3
5,0.6901047490427424,5,2,0,0.5478519108426073,-1.0096179542713979,-0.52691002191668,-0.42304000023486205,1,2
5,-1.6223462412823755,5,0,0,1.6379664181449276,-1.5207937334324373,-0.3158552352737009,1.4588262930753837,0,2
3,1.3838400461402778,0,1,0,0.6469532296882728,-1.6037402792710476,-1.2921615218733178,-0.6397206616111719,1,3
0,-0.0036305480547929366,3,0,1,1.0433585050709344,-0.387639673178632,0.04686512886759556,-1.2183525408600253,1,2
3,-0.2348756470873047,2,2,1,-0.24495863992271602,0.32743342028480865,0.9569355228848887,-0.4065876721497464,1,3
6,1.6150851451727894,2,0,0,-1.4341744660707012,1.111783965890609,-1.6679213561571273,-0.9407632606154152,1,4
4,0.6901047490427424,5,3,0,-1.1368705095337048,0.6666409550147387,-0.4417880531102443,0.9302514971493289,0,1
8,0.6901047490427424,4,2,0,1.6379664181449276,-0.3661177541897126,-1.0643362072594367,-1.2754106148573412,1,0
3,0.22761455097771885,1,0,0,-0.04675600223138495,0.5472952695228558,1.3785835220065104,0.7335236591953932,0,4
0,-1.159856043217352,3,1,1,-1.7314784226076976,-1.5829950133330513,-1.4118246239776202,-0.4716968854227571,1,5
0,-1.3911011422498636,1,1,0,1.5388650992992616,1.6061495212383305,-1.315701804254492,1.033166060064733,0,4
3,-1.6223462412823755,4,2,0,-0.04675600223138495,-0.32015715253173943,1.5039778366513274,-0.222111567876216,1,2
8,-1.159856043217352,4,2,0,1.1424598239166004,-1.5223815574476582,0.43347195601331884,-0.6995791318782947,1,1
2,-0.6973658451523282,1,0,1,0.15144663545994566,-1.0678841920473339,-1.0385265185702732,1.267349198127336,0,1
1,1.3838400461402778,0,2,1,-1.335073147225036,-1.0205773917677603,1.4493197626911172,-0.8578015211223853,1,5
0,0.6901047490427424,5,0,1,0.4487505919969422,1.5863189800047552,1.7260719387246939,-1.3030645280216846,1,0
7,-1.3911011422498636,2,0,1,1.7370677369905927,0.2823702843745691,0.41000860265953404,-0.9841694027974223,1,1
7,0.9213498480752542,4,1,0,-1.632377103762032,-0.3737116951320739,-0.9402496860802402,-0.2816199886096129,1,3
1,-1.159856043217352,0,1,0,1.1424598239166004,1.4821439174409077,-1.2569664918426404,0.9432033298971858,0,2
6,1.6150851451727894,5,0,0,-0.9386678718423742,1.216459538198385,1.4855148700778575,0.31661466452788894,1,1
3,1.6150851451727894,3,0,0,-0.3440599587683815,0.8658438330982257,-0.9417113376006399,1.5515894195127378,0,3
8,1.6150851451727894,2,1,1,-0.44316127761404706,0.03232251989063573,-1.5474120347515408,0.8868453549673216,0,2
10,-0.92861094418484,5,3,1,1.3406624616079306,-1.0174535206073798,-0.11183945463685717,1.2046903315904063,0,2
4,-0.2348756470873047,1,2,0,0.05234531661428013,-0.1359350488527289,-0.8692826583134647,1.1546332482676078,0,2
5,1.1525949471077659,2,3,0,-0.1458573210770505,-1.4856717565740163,-0.5361030406897204,1.4878804043746305,0,2
1,-1.159856043217352,2,0,0,1.1424598239166004,0.4041322238026579,-1.558335956640844,-0.5455573370389145,1,2
2,1.6150851451727894,2,3,1,-1.5332757849163667,-0.8541665313899244,-0.8315105058652407,-1.242856008220836,1,2
7,0.22761455097771885,1,2,0,-1.4341744660707012,-1.345925984277881,-0.027986814782347488,0.3260660019384873,1,2
1,-0.0036305480547929366,0,1,1,-1.632377103762032,1.1958696028705735,0.30180792563626074,0.901547435383808,0,2
2,-0.92861094418484,3,1,1,0.6469532296882728,-0.9550451332265195,1.7073781850690555,-1.3625729487550815,1,0
5,1.1525949471077659,0,2,1,0.05234531661428013,-1.0026625947264625,-1.0916460119826943,-1.4721384528112769,1,2
7,-1.6223462412823755,5,3,1,1.3406624616079306,1.2003569316092415,0.9538583617893103,-1.5480992016297894,1,3
1,-1.6223462412823755,1,0,1,-0.04675600223138495,-1.3035207276974679,0.1452573548987129,-0.6117166989131028,1,5
10,-1.6223462412823755,3,3,1,-0.9386678718423742,-0.45425924599116535,1.591830785930089,-0.7317836889810743,1,2
9,-1.6223462412823755,1,3,1,1.0433585050709344,0.6616185986187679,0.6562199548194957,0.8276869837676506,0,4
10,-0.0036305480547929366,2,2,0,-0.7404652341510432,-1.5460608460224758,0.506746854601778,1.6653555179736437,0,3
10,-1.159856043217352,0,2,0,1.5388650992992616,-0.5087802901659821,0.5328257948868044,-0.31452464477984415,1,1
2,1.6150851451727894,5,2,0,-0.8395665529967087,0.6220955878051148,-0.9685595681595609,-0.8224465182160731,1,1
7,-0.4661207461198165,0,2,0,-1.1368705095337048,1.6844188898147137,-0.6119165971820316,0.5304949296343919,1,3
9,-1.159856043217352,2,3,0,-0.04675600223138495,0.41926832881731896,0.1331794975985679,0.777629900444852,0,3
7,0.6901047490427424,0,2,0,-1.5332757849163667,1.065633515709077,-0.978483412692801,0.731423361993038,0,4
7,-0.6973658451523282,3,2,1,-1.632377103762032,-0.7988170572941228,-1.4498275635080127,1.0237147226541345,0,1
3,1.1525949471077659,3,0,0,-0.04675600223138495,-0.33120288481153776,1.1964540496619676,-0.20775953699345556,1,4
5,1.6150851451727894,3,1,1,-0.9386678718423742,-0.2269933043343159,-1.6102245856150335,0.6250083037403753,1,2
7,1.3838400461402778,5,3,1,-1.7314784226076976,0.5593937981605723,0.13571815550242003,-1.6737669842373746,1,2
8,1.1525949471077659,2,3,1,-0.7404652341510432,-0.07269823155088379,0.06421262454391843,0.12163707424258262,1,3
6,1.6150851451727894,2,3,0,-0.04675600223138495,0.48459347987831347,0.1851835201138418,-1.2183525408600253,1,2
10,-0.2348756470873047,3,2,0,-0.3440599587683815,-0.39977271972972295,-0.2943151076046525,1.3884663367964851,0,3
6,-1.3911011422498636,3,2,0,-1.2359718283793704,-1.344165570695788,1.6736063420450833,-1.283811803666762,1,5
1,-0.4661207461198165,0,3,0,0.25054795430561116,-1.301932903682247,1.4984004821655919,-1.685668668384054,1,2
6,1.1525949471077659,2,1,1,0.7460545485339384,0.0076076939145871,-1.330318319458489,0.3194150607976959,1,3
9,-0.4661207461198165,4,3,0,0.6469532296882728,-1.3122537597811834,1.3770449414587211,-1.6548643094161781,1,1
6,0.6901047490427424,3,2,0,-0.3440599587683815,-0.809586646266926,-0.63630309886449,0.8147351510197937,0,5
5,-1.159856043217352,5,3,1,-1.2359718283793704,1.692012830757075,-0.4825604376266573,1.321606875854845,0,4
2,-0.4661207461198165,5,0,0,-0.04675600223138495,-0.42169159472244766,-0.7266947060471036,-0.4555946068713674,1,1
10,0.45885965001023066,3,1,0,1.3406624616079306,0.36191681574580387,-1.2747370971696053,-1.224653432467091,1,0
6,0.45885965001023066,5,2,0,-0.1458573210770505,-1.5793361145153682,0.3005770611980294,1.424171389236523,0,5
10,1.3838400461402778,1,0,0,-1.0377691906880393,-1.140837801964064,1.0983310752267132,0.777629900444852,0,5
1,-0.6973658451523282,4,1,1,-1.4341744660707012,0.8117715217972757,1.034172266383905,-0.8522007285827715,1,5
2,0.9213498480752542,4,2,0,1.5388650992992616,-0.3346201582356003,-1.2957771861606222,-0.07159026837409439,1,0
7,-1.3911011422498636,0,0,0,0.8451558673796035,1.5773788404407936,-1.537988228896332,0.22875223156269706,1,1
1,0.22761455097771885,0,0,1,-0.6413639153053777,1.6712157879490173,-0.5219096351363652,-1.198399717437651,1,0
9,-0.0036305480547929366,4,2,1,-0.7404652341510432,1.243918538287696,-1.2030777081563249,1.0058621964341155,0,1
7,-1.159856043217352,0,2,0,1.3406624616079306,1.0169459988945286,-0.8654746714576865,-1.1101872349387334,1,0
9,-0.0036305480547929366,0,1,1,-1.1368705095337048,-1.3238345197182844,-1.376052626241522,-0.5270047117514437,1,5
1,1.3838400461402778,0,2,1,0.15144663545994566,-0.6319402050857329,-1.5163327076861994,-0.8063442396646833,1,5
8,0.22761455097771885,5,0,0,0.7460545485339384,-0.054386478505780704,1.5285566609022594,-0.9810189569938895,1,0
2,1.3838400461402778,2,1,1,-0.3440599587683815,-1.0817776521805176,-1.0078318366418795,0.6680643963886566,1,2
4,1.6150851451727894,0,2,0,-1.632377103762032,-0.6743109437527716,0.8265023569460619,-1.5351473688819324,1,0
6,-1.159856043217352,5,3,0,-0.9386678718423742,-1.3756631666499004,1.3978542433675696,0.21264995301130732,1,1
9,-1.159856043217352,1,1,1,1.4397637804535965,-0.8111399523687727,-1.5346802807185853,-0.42794069370702414,1,3
0,-1.3911011422498636,4,0,1,0.05234531661428013,0.823283245907628,1.3556586718444517,0.8955965933104683,0,3
0,-0.0036305480547929366,4,2,0,1.1424598239166004,-0.41225094541455753,1.3421576275376017,0.6638638019839462,1,0
3,0.45885965001023066,3,3,0,0.15144663545994566,-1.5505136568477695,0.5666361024244714,1.3076048945058105,0,4
0,-1.6223462412823755,1,2,1,1.5388650992992616,0.2497163383224155,-1.6098399404780863,0.5024909669363229,1,5
10,-0.0036305480547929366,1,1,0,1.4397637804535965,-0.5030848344592111,-1.555181866517876,-1.6412123776008694,1,3
4,-0.2348756470873047,3,3,1,-0.04675600223138495,0.3537705881894527,-0.4614049550945562,0.4317809611236983,1,2
1,1.3838400461402778,1,0,0,-0.6413639153053777,-0.16425699677639916,-0.6974616756391094,-1.1458922873787716,1,0
5,-0.2348756470873047,0,3,1,0.3496492731512767,-1.4599041342400494,-0.11233949331488864,-0.36423167856891686,1,4
8,-1.159856043217352,0,1,0,0.6469532296882728,-0.4063311232708532,-1.4690213558416827,-1.539347963286643,1,4
6,-1.6223462412823755,2,2,0,-0.04675600223138495,0.929287757880317,0.627486963089533,-1.0863838666453747,1,3
7,-0.92861094418484,1,3,1,1.1424598239166004,0.5275337641160293,0.5498655744535694,-0.9883699972021327,1,1
8,0.22761455097771885,5,1,0,-1.1368705095337048,-1.3915414068021104,-0.04679596197907007,0.22420158762426082,1,2
3,-0.6973658451523282,0,2,1,-0.5422625964597122,0.07819682676517294,0.6648744704008098,-0.24486478756839716,1,4
5,-1.6223462412823755,3,3,0,0.6469532296882728,-0.16793315455076951,0.8348876209315129,-1.2614086335083068,1,5
10,1.6150851451727894,3,1,1,-0.8395665529967087,-1.4840148967320466,1.5457502985238034,-1.4910411276324735,1,5
7,-0.6973658451523282,3,1,0,-0.24495863992271602,0.5868700572065706,-1.6638825822191807,-1.0646807955543711,1,1
0,1.1525949471077659,3,2,1,1.6379664181449276,-1.5825980573292462,-0.8541661044314361,0.5893032513003371,1,2
3,-0.0036305480547929366,5,2,0,0.4487505919969422,-1.6305261800495583,-1.008870378511637,1.4742284725593218,0,0
10,-0.0036305480547929366,2,3,0,1.5388650992992616,-0.18110173850309152,0.18102935263481104,-1.2470566026255463,1,1
3,-0.6973658451523282,3,3,0,0.7460545485339384,1.0145815218283842,1.6352187573777435,-0.02398353178737687,1,0
9,0.9213498480752542,5,3,0,0.7460545485339384,-1.1565952294194637,1.5633670457959894,-0.3736830159795152,1,5
3,0.22761455097771885,3,2,1,0.3496492731512767,-1.047156185066025,1.1514121041254395,-1.1539434266544664,1,5
2,1.6150851451727894,0,1,1,-1.2359718283793704,-0.879071205889532,0.151488606117259,-0.7006292804794723,1,0
3,-1.6223462412823755,1,3,1,0.05234531661428013,-0.7744991873218794,1.3925076759640023,-0.2550162240464472,1,4
8,-0.92861094418484,1,1,1,-0.8395665529967087,0.638180935437571,0.9083548420884456,-0.2095097846620849,1,3
7,-1.159856043217352,5,1,1,1.7370677369905927,1.4638839412658662,0.9558200519877416,-0.4496437647980277,1,2
0,-1.3911011422498636,1,1,0,-0.8395665529967087,-0.9326602664032408,-0.8270486222766521,-0.29842236622845436,1,1
9,1.6150851451727894,0,0,0,-0.9386678718423742,-1.3847068599539851,1.3602359489741245,-0.7251327478402828,1,3
8,-0.0036305480547929366,0,1,1,0.4487505919969422,0.8794438909677273,-0.6580740136157067,1.2015398857868735,0,3
6,-0.2348756470873047,5,0,1,0.05234531661428013,-0.3906945085122637,1.1266409573060339,1.1189281958275696,0,2
9,0.22761455097771885,2,3,0,-1.632377103762032,-0.44701048418254774,0.7938075203055421,-0.43949232831997764,1,1
1,-1.3911011422498636,0,1,1,-1.2359718283793704,0.8164141811461284,-0.4290947635909837,1.4360730733832026,0,1
5,1.3838400461402778,2,0,1,1.0433585050709344,0.5271540670689112,0.9925536625662079,-0.20145864538639,1,3
6,1.3838400461402778,5,0,1,-0.04675600223138495,0.5099123693384136,-0.14326496232545094,-0.32117558592063555,1,0
10,-0.92861094418484,0,2,0,-1.2359718283793704,-0.7651793507107996,0.7590355999255068,-0.8599018183247406,1,2
2,1.3838400461402778,0,3,0,-0.1458573210770505,-1.5059682896381457,-1.4501737441312652,-0.19200730797579166,1,2
2,1.6150851451727894,3,2,0,-0.8395665529967087,-0.23845325157460662,-1.1348416608618752,1.499081989453858,0,0
4,-0.4661207461198165,4,2,1,-0.9386678718423742,-1.0556821096694942,1.4800144446195111,-1.6888191141875868,1,0
5,0.6901047490427424,5,0,0,1.6379664181449276,-0.6533930882479035,0.15145014160356426,-0.06633952536820643,1,0
3,-1.159856043217352,2,0,1,-0.44316127761404706,0.9444756397650397,-0.7902765471844909,-0.7527866610046261,1,5
8,-0.0036305480547929366,0,0,1,-1.5332757849163667,0.33492380748704687,-1.421671539483471,1.2074907278602132,0,2
0,-1.159856043217352,2,2,1,1.6379664181449276,-1.157199292903515,1.0299796343911793,1.2585979597841894,0,0
1,1.3838400461402778,2,3,0,1.0433585050709344,-0.9851620126456571,-0.2281561440497183,0.7349238573302966,0,5
4,0.9213498480752542,3,2,1,-0.8395665529967087,-1.0592719726604285,-1.0526045305825442,0.12828801538337403,1,2
5,1.1525949471077659,1,3,0,-0.3440599587683815,1.5019917176311703,1.3461194724481589,0.2956116925043371,1,1
10,1.1525949471077659,0,2,0,1.2415611427622655,1.0729513133444433,-1.230618299961751,1.195589043713534,0,3
10,-1.3911011422498636,5,3,1,-0.44316127761404706,1.5102932757977061,-1.4652133689859044,1.5452885279056723,0,3
0,1.1525949471077659,1,1,0,0.25054795430561116,-1.3405411897914792,-1.3816684452409527,0.47203665750217266,1,4
7,1.1525949471077659,0,3,1,0.15144663545994566,0.1744155102962282,1.4492812981774226,0.07157999091978405,1,0
10,-1.159856043217352,0,3,0,-0.3440599587683815,1.4383234264121456,1.013286035447667,0.6190574616670356,1,3
2,0.6901047490427424,0,2,1,0.4487505919969422,-0.48877715936553495,-0.780044986541693,-0.27706934467117666,1,5
8,-0.4661207461198165,3,1,1,-0.04675600223138495,-1.5500476650172155,0.0675975017490546,-1.013223514096669,1,0
2,-1.3911011422498636,5,3,1,-1.632377103762032,-1.1934776198599775,-0.9715982647414445,-0.8683030071341612,1,5
9,-0.0036305480547929366,1,2,0,1.1424598239166004,0.319062826291524,-1.3510122278262533,-1.5494993997646929,1,1
7,-1.6223462412823755,3,1,1,-1.335073147225036,-0.7179243273012875,-0.42574835089954227,-0.24101424269741265,1,0
0,-0.2348756470873047,2,1,0,-0.1458573210770505,1.1568471018008486,-1.1263794678490349,1.4574260949404803,0,4
10,-1.3911011422498636,0,3,0,0.25054795430561116,0.37784683276807546,1.0268255442682117,-1.2719101195200826,1,2
3,0.45885965001023066,3,0,0,0.7460545485339384,0.7397844134550279,-0.9305566286291684,-0.4800980742321779,1,1
10,0.9213498480752542,0,2,0,-0.3440599587683815,-0.7892728542461095,0.34631136798106243,-1.2316544231416082,1,1
7,-0.4661207461198165,5,3,1,0.8451558673796035,1.241122587304372,-0.4300179119196572,-0.8161456266090075,1,0
8,0.9213498480752542,5,1,1,-1.2359718283793704,1.1224500011232894,-1.040834389391957,-0.40833791981837575,1,1
0,-1.3911011422498636,2,1,1,0.5478519108426073,-0.6450742711246805,-0.26565904490207926,-1.4315327068990766,1,4
5,-1.3911011422498636,4,3,0,1.1424598239166004,0.31914912107495996,1.3002697721240415,-1.4136801806790575,1,4
7,0.45885965001023066,5,1,0,1.3406624616079306,0.2960221191141323,-0.7275024608346929,-0.9141594960522494,1,2
7,1.1525949471077659,3,2,1,0.25054795430561116,-1.2032634483016114,-1.0136399782097836,-0.20670938839227795,1,0
3,-0.0036305480547929366,5,0,1,-0.6413639153053777,-1.2631692869628297,0.06859757910511756,1.3622126217670452,0,4
4,1.6150851451727894,0,0,1,-1.1368705095337048,-0.5768668742969262,0.6644513607501678,0.8353880735096196,0,2
1,1.6150851451727894,4,1,1,-0.5422625964597122,-1.5738477662888435,1.6684136326962948,-0.7377345310544139,1,3
10,0.9213498480752542,2,3,1,0.15144663545994566,-0.31202818393207543,1.2650362775796697,-1.5372476660842878,1,5
7,-1.3911011422498636,3,0,0,-1.0377691906880393,1.1580552287689516,1.408893558797957,-0.9589658363691601,1,4
9,-0.2348756470873047,0,1,1,1.5388650992992616,-1.316982713913472,-0.8717443871899274,0.8115847052162609,0,3
3,-1.159856043217352,1,1,1,1.3406624616079306,0.7034888275418782,0.7760753794922719,0.2059990118705159,1,4
5,-0.0036305480547929366,0,3,1,-1.632377103762032,1.2415713201782388,1.6601822267656228,-1.4903410285650218,1,2
0,-0.2348756470873047,3,1,0,0.25054795430561116,0.038432190557899155,-0.348511607400526,0.13108841165318094,1,0
7,1.3838400461402778,0,1,0,1.0433585050709344,-0.15913108664030526,0.0703669467350751,-1.6531140617475486,1,4
6,-0.0036305480547929366,2,1,1,-0.8395665529967087,0.32596640896639795,-0.6437267500075727,0.20459881373561242,1,5
10,1.3838400461402778,0,1,0,0.05234531661428013,-1.2565936244650124,0.08967613260982917,-0.9092588025800874,1,2
9,-0.2348756470873047,2,1,0,-0.3440599587683815,-0.7184593549585903,1.2950385982615584,-1.4112298339429765,1,1
6,0.6901047490427424,2,3,1,-1.0377691906880393,1.460207783491496,0.6081008481873894,-0.5690106557985474,1,5
2,-0.4661207461198165,3,2,0,0.4487505919969422,-0.24200859665216667,-0.05910460636138342,1.0958249266016626,0,2
0,1.1525949471077659,4,2,0,1.7370677369905927,-1.0883360557216477,-0.25385043919779743,-0.18710661450362956,1,5
7,-0.2348756470873047,4,0,1,-0.44316127761404706,-1.4698625522485549,0.1558350961647634,1.1784366165609665,0,0
5,-0.6973658451523282,5,3,0,0.15144663545994566,-1.0946528338691575,1.3113090875544289,1.3083049935732622,0,4
0,-0.2348756470873047,1,1,0,-0.6413639153053777,0.5456901865509477,0.587137688223762,1.1560334464025113,0,2
1,-1.6223462412823755,2,0,1,1.3406624616079306,0.6488469706702512,-0.8245868934001894,0.8360881725770714,0,4
10,-1.6223462412823755,1,3,0,1.2415611427622655,-0.5121630456766704,0.05801983783906703,0.08663212086999621,1,5
4,0.22761455097771885,4,1,1,-1.1368705095337048,-0.4148052710042609,-1.5874920580214487,-1.3391196299954486,1,5
9,1.3838400461402778,5,3,0,1.3406624616079306,1.241208882087808,-1.1635361880781432,0.4303807629887948,1,1
2,-0.6973658451523282,1,1,0,-1.2359718283793704,-1.5035520357019396,-0.523794396307407,-0.7898919115795676,1,0
5,1.1525949471077659,5,2,0,-1.4341744660707012,0.45665122900176125,1.001785145852943,0.8315375286386352,0,5
10,-0.6973658451523282,0,2,1,0.5478519108426073,1.542860927066424,0.22857149156149634,-0.3673821243724496,1,2
6,-1.159856043217352,1,2,1,-0.3440599587683815,0.6956877791192707,0.12571738194179044,-0.8595517687910146,1,1
3,-0.6973658451523282,3,1,1,0.15144663545994566,-0.6997333869529948,1.3476965175096427,-0.4779977770298227,1,4
8,-1.159856043217352,5,1,1,0.5478519108426073,0.26562909638799986,0.4566660577712406,-0.9726177681844688,1,5
4,0.22761455097771885,4,1,0,-1.5332757849163667,-1.6743294121216332,1.1377572017638107,0.7328235601279415,0,5
2,0.22761455097771885,2,1,1,-0.7404652341510432,-1.102816320382196,1.621794642098283,0.8633920362076888,0,2
10,-0.4661207461198165,2,2,0,-0.1458573210770505,-0.6468692026201477,1.0646361612301305,-1.36607344409234,1,1
9,1.6150851451727894,3,2,1,-0.8395665529967087,-1.1703333589424627,1.3780450188147841,1.1850875577017579,0,3
2,-1.6223462412823755,2,2,1,-1.5332757849163667,-0.876827541520198,1.6537201884649082,0.026773650602873435,1,0
8,-0.2348756470873047,4,3,0,-1.4341744660707012,-0.10690548370488405,-1.0087549849705528,-0.6239684325935081,1,2
9,-0.2348756470873047,4,3,1,1.0433585050709344,1.3823008530055436,1.246957956143147,1.442373964990268,0,5
7,1.3838400461402778,1,0,1,1.4397637804535965,1.099357517075836,-1.3837455289804679,0.1422899967324086,1,4
5,0.45885965001023066,5,3,1,-1.2359718283793704,-1.2997410161829743,1.4810914510029636,-0.9600159849703377,1,5
1,0.45885965001023066,4,2,0,-0.8395665529967087,1.5353360219508114,0.29049935861001036,1.2190423624731668,0,0
2,-0.92861094418484,1,1,1,0.5478519108426073,-1.0491237061283638,1.5638286199603262,1.421721042500442,0,2
6,-0.0036305480547929366,4,3,0,1.5388650992992616,-0.6990430286855074,-1.3369726803276771,0.8168354482221488,0,3
8,-0.4661207461198165,4,3,1,-0.7404652341510432,-1.1752521615983105,-1.3798221485836055,-1.440984044309675,1,1
2,-0.92861094418484,5,3,1,1.2415611427622655,-0.7284868087938446,0.9903611852856083,1.1612841894083992,0,2
8,-0.92861094418484,5,3,0,0.05234531661428013,0.2063273212108329,-1.3581281628597783,1.2256933036139581,0,0
7,-1.3911011422498636,2,1,0,1.5388650992992616,1.5043561946973145,-1.4994083216605187,-1.296763636414619,1,0
6,1.3838400461402778,0,2,1,-1.2359718283793704,-0.41544385240168674,-1.1178018812951103,-0.7436853731277536,1,1
5,-1.3911011422498636,4,1,1,1.6379664181449276,-0.1134466282893271,1.2246100736865093,-1.010773167360588,1,5
6,0.9213498480752542,4,3,1,-0.24495863992271602,-1.2098736287128031,1.3346955118808241,-0.5266546622177178,1,5
0,1.3838400461402778,1,1,0,1.5388650992992616,-0.8166973364220462,-0.6753830447783348,-0.5788120427428716,1,1
1,-0.92861094418484,2,0,1,-0.1458573210770505,1.6328491272334054,0.4904379007952128,-0.6771759617198394,1,1
10,-0.6973658451523282,1,0,0,0.15144663545994566,0.8869342781699655,-1.5841456453300071,-1.6979204020644594,1,2
2,-0.0036305480547929366,2,0,0,1.0433585050709344,-0.12499287031305373,-0.5461807432777394,-0.8928064744949717,1,2
8,1.6150851451727894,1,3,1,0.7460545485339384,-1.4878118672032272,-1.0499889436513026,-0.26096706611978693,1,1
1,-0.4661207461198165,1,1,0,0.4487505919969422,1.4602940782749319,1.2242638930632568,1.478779116497758,0,4
2,1.3838400461402778,3,0,1,-0.24495863992271602,-0.2567477456630225,0.14379570337831316,1.300603903831293,0,1
1,1.6150851451727894,2,2,0,1.0433585050709344,0.4775173076365677,-1.4320569581810478,-1.7161229778182043,1,1
4,-0.92861094418484,4,3,0,1.5388650992992616,-0.5608505624912187,-1.0796066191962441,0.932351794351684,0,5
8,1.1525949471077659,3,1,0,-1.7314784226076976,1.0894853938507663,-1.3680520073930185,1.587294471952776,0,0
9,0.6901047490427424,2,1,1,0.3496492731512767,-0.9346105285088927,-0.7545430139620876,0.9957107599560654,0,5
2,-0.2348756470873047,2,3,1,1.2415611427622655,0.13100923422795843,-0.33462591795672875,0.7954824266648711,0,3
8,-0.0036305480547929366,2,0,0,0.5478519108426073,0.10517257606724278,-1.5952234252740891,0.8553408969319939,0,2
2,-1.3911011422498636,5,3,0,1.0433585050709344,0.7055771613010277,1.1676056643909205,1.0604699236953503,0,1
8,0.9213498480752542,3,1,1,1.3406624616079306,-1.29615115319204,-0.7555046268044557,1.0937246293993075,0,4
5,-0.2348756470873047,4,1,1,0.8451558673796035,1.4832657496255748,0.9556277294192679,-0.521053869678104,1,2
8,1.6150851451727894,2,2,0,0.7460545485339384,0.4923427514308594,-1.0414498216110728,-0.830497657491768,1,5
5,1.3838400461402778,4,0,0,1.6379664181449276,-1.3572133419512997,1.0556354650255637,-0.3477793504838012,1,4
8,-1.3911011422498636,1,1,1,1.2415611427622655,0.7976364362704713,0.13094855580427361,0.7384243526675552,0,2
8,-1.3911011422498636,0,3,0,1.1424598239166004,0.4748766872634284,1.3037315783565673,1.50398268292602,0,2
2,-0.0036305480547929366,2,2,0,-1.4341744660707012,-1.6708085849574477,-0.784160689507029,0.2714582746772525,1,1
6,-1.3911011422498636,4,2,1,-0.9386678718423742,1.4455204113507016,0.3973153131402734,0.9523046177740583,0,2
6,1.6150851451727894,1,1,1,0.15144663545994566,-1.5157541180797793,-1.691538567565691,1.1602340408072216,0,1
1,0.6901047490427424,3,2,0,0.7460545485339384,-1.5615593891275679,-1.2198482361272267,-1.732225256369594,1,0
2,0.22761455097771885,2,0,1,-0.6413639153053777,-1.0620851826004396,-0.40967018417514545,0.12373737144493781,1,3
0,0.9213498480752542,1,3,0,-1.4341744660707012,-1.5501512187573387,1.5894075215673211,0.8203359435594075,0,5
8,-1.6223462412823755,5,0,1,-0.6413639153053777,1.5984865444692204,0.6358337625612892,0.2693579774748973,1,5
10,1.6150851451727894,4,3,0,0.9442571862252694,0.24773155830338925,1.6352187573777435,0.5865028550305302,1,2
4,0.22761455097771885,3,3,0,1.3406624616079306,-1.439038055605243,1.0941769077476824,0.12128702470885676,1,3
6,1.6150851451727894,5,3,1,1.4397637804535965,1.4258624596839982,0.3632357540067433,0.6778657833329808,0,0
4,-1.6223462412823755,5,3,1,-0.44316127761404706,-1.2696586546772113,0.8178478413647479,1.458126194007932,0,2
10,0.45885965001023066,2,0,1,-0.44316127761404706,-1.263376394443076,-0.09310723646752404,-0.47379718262511233,1,1
5,1.1525949471077659,0,3,0,-0.3440599587683815,1.3914135821363773,-0.028525317974073695,-0.9701674214483877,1,2
5,0.45885965001023066,3,0,0,-0.44316127761404706,-0.7238959263150535,1.2418806403354425,-0.7384346301218656,1,1
6,-1.3911011422498636,4,3,0,0.5478519108426073,-1.551670006945811,-0.8057008171760773,-1.054179309542595,1,4
8,-0.4661207461198165,5,2,0,-0.44316127761404706,0.4620187645314757,-0.1508424715233126,0.8700429773484802,0,3
9,-0.4661207461198165,4,1,0,-1.632377103762032,0.6115503652692449,1.0822529085023165,0.06947969371742886,1,5
8,-1.6223462412823755,1,0,0,-0.24495863992271602,0.254617882021576,-0.6980386433445304,0.020122709462082014,1,4
9,-0.2348756470873047,3,2,0,-0.9386678718423742,-0.3413684103002896,-1.0858378704147902,0.6817163282039653,0,5
1,-0.0036305480547929366,2,3,1,-1.632377103762032,0.7424940696549159,1.1116782614787843,0.2648073335364611,1,2
5,-1.3911011422498636,4,0,1,-0.1458573210770505,-1.213687858140671,-1.7101169276802453,-1.6076076223631863,1,0
5,-0.0036305480547929366,4,1,0,-1.0377691906880393,1.6458106037054812,-0.5139474808015563,-0.7394847787230432,1,4
5,0.22761455097771885,2,3,1,-0.1458573210770505,-0.24559845964310112,1.1769910057324344,-1.1948992221003925,1,3
6,-0.4661207461198165,5,1,0,-0.7404652341510432,-1.1197300979356368,1.4948617469056766,1.4367731724506543,0,1
4,-0.6973658451523282,5,1,0,0.3496492731512767,0.4554603609903455,-0.6871916504826167,0.8714431754833837,0,2
0,0.9213498480752542,2,3,1,1.7370677369905927,1.1746756040587105,1.551481511064318,-0.4790479256310003,1,4
5,0.22761455097771885,2,2,0,0.15144663545994566,0.020482875603226963,-1.01483237813432,0.43493140692723103,1,4
10,1.1525949471077659,3,1,1,0.5478519108426073,0.801709550048647,0.8586971549085503,-1.126639563023849,1,1
3,0.9213498480752542,1,2,1,1.4397637804535965,-1.6979569238263894,0.8197710670494843,0.6015549849807424,1,5
3,0.6901047490427424,4,0,1,-0.44316127761404706,0.6178326255033801,-0.10418501641160605,-0.7566372058756106,1,4
8,0.22761455097771885,0,1,0,-1.1368705095337048,1.313972643480979,-0.35043483308526246,1.6657055675073695,0,2
8,-1.6223462412823755,1,1,0,-0.7404652341510432,0.25979556902773143,-0.7052699719191394,1.3156560337815053,0,5
6,0.6901047490427424,2,0,0,-0.3440599587683815,0.4589811881545312,1.0409035562804825,-1.670266488900116,1,0
4,-1.159856043217352,0,2,0,0.5478519108426073,1.1006174209140005,-1.3776681358167007,1.1819371118982251,0,5
9,0.22761455097771885,0,2,0,-1.7314784226076976,-0.7286421394040293,0.8618897095452128,0.9754078869999653,0,1
6,0.6901047490427424,0,2,0,1.2415611427622655,-1.1663983168177847,1.33954204060636,-1.698970550665637,1,2
7,-1.3911011422498636,0,3,1,-1.4341744660707012,-0.2692604892612315,1.3185788806427328,-1.1759965472791958,1,2
8,0.9213498480752542,3,2,1,1.4397637804535965,0.6180569919403135,-1.0070625463679848,-1.1707458042733079,1,4
0,-0.92861094418484,2,0,0,1.5388650992992616,-0.7634534550420811,0.21514737628203584,1.393717079802373,0,0
3,-0.92861094418484,5,0,1,1.7370677369905927,-1.5161510740835846,0.815693828597843,0.4842883911825779,1,3
9,-1.3911011422498636,3,3,1,1.0433585050709344,0.6155544432206718,-0.24638832354101994,-0.23751374736015402,1,1
5,1.6150851451727894,1,1,1,-1.2359718283793704,-1.569619321900483,0.9617820516104245,-0.4552445573376415,1,5
10,-1.159856043217352,4,0,0,0.7460545485339384,-1.4755062310852645,0.47035942464656416,1.0506685367510262,0,2
8,1.1525949471077659,2,3,1,-1.0377691906880393,0.6430997380934187,1.0269024732956011,0.6586130589780582,1,4
7,-1.159856043217352,3,1,0,1.3406624616079306,-0.1796347271846808,0.2832680300354013,0.35897065810871853,1,3
8,-1.6223462412823755,0,3,0,-0.6413639153053777,0.8899028187201613,0.36908236008834217,-0.01138174857324576,1,3
1,-0.4661207461198165,4,1,1,-0.6413639153053777,-1.612283462831204,0.6520273228267702,-1.618809207442414,1,5
8,-0.0036305480547929366,1,0,0,1.4397637804535965,0.4759467425780339,1.3041162234935144,-1.2978137850157965,1,2
4,0.9213498480752542,1,2,1,-1.7314784226076976,-0.3225043706411966,-0.737003195717291,1.0835731929212573,0,5
1,-1.159856043217352,2,2,0,-1.0377691906880393,1.64054662191589,0.611293402824052,-1.528496427741141,1,2
2,-0.6973658451523282,5,1,0,-0.24495863992271602,0.23135280840725087,0.6554506645456011,1.3692136124415626,0,2
4,-1.6223462412823755,1,1,1,0.7460545485339384,0.2621427871371885,0.41200875737165993,-0.2816199886096129,1,3
0,0.45885965001023066,0,1,0,0.5478519108426073,-0.8554436941847761,0.3188861697167205,-1.5144944463921064,1,1
2,-0.2348756470873047,5,3,1,0.5478519108426073,-1.153264250778837,1.1614513421997639,0.03902538428327868,1,5
5,0.45885965001023066,0,1,0,1.3406624616079306,-0.2751285345348743,-1.6102630501287283,-0.8185959733450885,1,5
5,1.1525949471077659,2,2,1,-1.335073147225036,-0.9474511922841582,0.5425957813652657,0.6554626131745255,1,0
1,-1.6223462412823755,2,0,1,0.05234531661428013,-0.7037202059477344,-0.20703912603131197,-0.1741547817557726,1,5
2,0.9213498480752542,4,3,1,0.7460545485339384,1.1577618265052694,-1.5123323982619477,-1.3027144784879587,1,1
6,0.6901047490427424,2,0,0,0.4487505919969422,-0.7515447749279236,1.1046007909589541,0.6001547868458389,1,4
8,0.22761455097771885,4,3,0,-0.1458573210770505,0.030268704044860744,-1.1403420863202216,0.6915177151482895,0,5
10,-0.0036305480547929366,5,2,1,-1.632377103762032,0.09046794496976134,-1.5089859855705063,-1.6611652010232436,1,4
6,-0.2348756470873047,4,2,1,-1.5332757849163667,0.7523489339232985,-0.3956306366765693,-0.12024715356198952,1,0
2,0.45885965001023066,4,1,1,-1.335073147225036,-0.9945508850834855,1.3708521547538697,-1.3398197290629004,1,3
4,1.6150851451727894,0,1,1,-0.5422625964597122,-0.8370111284428627,-0.247657652492946,-0.22316171647739358,1,2
6,-0.2348756470873047,3,3,0,-1.335073147225036,0.9889001942778534,-0.5113703583840095,0.49934052113279004,1,0
7,-0.6973658451523282,2,3,0,-0.24495863992271602,-0.8910489218304383,-0.4952152626322232,-1.0779826778359538,1,3
8,-0.6973658451523282,3,2,0,-1.1368705095337048,-0.6058791804880839,-0.603762120278749,-0.8578015211223853,1,0
2,0.6901047490427424,1,0,0,0.9442571862252694,0.9810991458552458,0.8176939833099689,-0.8830050875506475,1,5
1,1.1525949471077659,2,3,1,1.3406624616079306,0.24053457336483317,1.398661998155159,-0.005080856966180205,1,2
5,-0.6973658451523282,4,1,0,-0.3440599587683815,0.5289317396076912,-1.2352340416051184,0.21510029974738837,1,4
5,-1.6223462412823755,5,2,1,0.05234531661428013,1.624202389933126,-0.4908687725847188,-1.6534641112812745,1,0
7,-0.0036305480547929366,1,2,1,1.5388650992992616,-0.029826983139916732,0.7237636408674402,-0.3957361366042446,1,0
1,0.9213498480752542,3,3,0,0.15144663545994566,-1.7183915285440161,0.7252637569015347,1.6426022982814625,0,1
5,0.6901047490427424,5,2,0,1.7370677369905927,-1.3412142891022796,-1.3822838774600683,0.2868604541611905,1,1
7,-1.6223462412823755,3,0,0,-1.2359718283793704,0.5153661996515639,1.2224175964059096,-1.085333718044197,1,5
4,-0.92861094418484,5,0,1,1.2415611427622655,-1.675416726392926,1.1492580913585346,-0.10519502361177736,1,5
9,1.6150851451727894,1,2,0,-0.04675600223138495,1.240570300690382,0.9336644920995775,0.41357838536995334,1,5
9,0.22761455097771885,5,3,1,-1.632377103762032,1.70050423744717,0.6831451144058062,0.20214846699953137,1,5
0,1.3838400461402778,1,1,0,1.6379664181449276,0.3658863757838564,1.0400958014928932,-0.41323861329053785,1,2
10,0.22761455097771885,2,2,1,1.6379664181449276,-0.32107187723616026,-0.06822069610703424,-0.7023795281481017,1,3
1,-0.6973658451523282,2,1,1,-0.44316127761404706,-1.2071294545995408,0.712570467382274,-0.933412220407172,1,0
5,-0.92861094418484,4,2,0,1.5388650992992616,-1.2145680649317174,-0.22638677641976077,1.0160136329121656,0,1
7,-1.159856043217352,0,1,1,-1.2359718283793704,-0.36991472466089326,-1.1550739950653028,1.5176346147413289,0,0
8,-1.159856043217352,0,0,0,0.6469532296882728,-1.6044306375385349,1.2931538370905167,-1.2673594755816464,1,1
10,0.9213498480752542,2,2,1,-1.0377691906880393,-0.14100918211876123,-1.5659134658387055,1.6800575983901298,0,0
8,-0.6973658451523282,2,2,1,-0.8395665529967087,0.913323222944671,0.7610742191513276,0.5451970100508783,1,0
0,0.45885965001023066,1,1,0,0.9442571862252694,0.14022551709891512,-1.2099628561076814,-0.7615378993477727,1,0
6,-1.6223462412823755,3,3,0,-0.44316127761404706,-0.48315073948551274,-0.38528368249268713,0.6757654861306256,1,1
5,-0.6973658451523282,0,2,0,-1.7314784226076976,0.0833572548146412,-0.2392339239938003,-0.39643623567169634,1,2
4,-0.4661207461198165,2,2,1,-0.3440599587683815,1.4606565163653626,0.9510119877759003,0.16154272108733114,1,5
2,-0.2348756470873047,3,1,0,-0.9386678718423742,-0.2814625716390711,1.27919121861933,-0.025383729922280326,1,5
5,0.9213498480752542,1,2,0,0.6469532296882728,1.503372434166145,-0.8711674194845065,0.7093702413683085,0,1
4,0.22761455097771885,0,0,1,-1.0377691906880393,-1.3394193576068123,-0.9672902392076348,1.5890447196214053,0,2
